-- MySQL dump 10.11
--
-- Host: localhost    Database: unohospital
-- ------------------------------------------------------
-- Server version	5.0.45-community-nt-log

/*!40101 SET @OLD_CHARACTER_SET_CLIENT=@@CHARACTER_SET_CLIENT */;
/*!40101 SET @OLD_CHARACTER_SET_RESULTS=@@CHARACTER_SET_RESULTS */;
/*!40101 SET @OLD_COLLATION_CONNECTION=@@COLLATION_CONNECTION */;
/*!40101 SET NAMES utf8 */;
/*!40103 SET @OLD_TIME_ZONE=@@TIME_ZONE */;
/*!40103 SET TIME_ZONE='+00:00' */;
/*!40014 SET @OLD_UNIQUE_CHECKS=@@UNIQUE_CHECKS, UNIQUE_CHECKS=0 */;
/*!40014 SET @OLD_FOREIGN_KEY_CHECKS=@@FOREIGN_KEY_CHECKS, FOREIGN_KEY_CHECKS=0 */;
/*!40101 SET @OLD_SQL_MODE=@@SQL_MODE, SQL_MODE='NO_AUTO_VALUE_ON_ZERO' */;
/*!40111 SET @OLD_SQL_NOTES=@@SQL_NOTES, SQL_NOTES=0 */;

--
-- Table structure for table `bodegas`
--

DROP TABLE IF EXISTS `bodegas`;
CREATE TABLE `bodegas` (
  `bodegaid` int(11) NOT NULL auto_increment,
  `codigo` varchar(5) NOT NULL,
  `descripcion` varchar(20) NOT NULL,
  `creador` varchar(20) NOT NULL,
  `momento` timestamp NOT NULL default CURRENT_TIMESTAMP,
  PRIMARY KEY  (`bodegaid`),
  KEY `codigo` (`codigo`),
  KEY `creador` (`creador`),
  CONSTRAINT `bodegas_ibfk_1` FOREIGN KEY (`creador`) REFERENCES `usuarios` (`username`)
) ENGINE=InnoDB AUTO_INCREMENT=2 DEFAULT CHARSET=utf8 COMMENT='Bodegas de Inventarios';

--
-- Dumping data for table `bodegas`
--

LOCK TABLES `bodegas` WRITE;
/*!40000 ALTER TABLE `bodegas` DISABLE KEYS */;
INSERT INTO `bodegas` VALUES (1,'PRE','BODEGA PREDETERMINAD','ADMINISTRADOR','0000-00-00 00:00:00');
/*!40000 ALTER TABLE `bodegas` ENABLE KEYS */;
UNLOCK TABLES;

DELIMITER ;;
/*!50003 SET SESSION SQL_MODE="NO_AUTO_CREATE_USER,NO_ENGINE_SUBSTITUTION" */;;
/*!50003 CREATE */ /*!50017 DEFINER=`root`@`localhost` */ /*!50003 TRIGGER `bodegas_after_ins_tr` AFTER INSERT ON `bodegas` FOR EACH ROW BEGIN
   CALL PA_CrearArticulosEnBodega(NEW.bodegaid); 
END */;;

DELIMITER ;
/*!50003 SET SESSION SQL_MODE=@OLD_SQL_MODE */;

--
-- Table structure for table `ciudades`
--

DROP TABLE IF EXISTS `ciudades`;
CREATE TABLE `ciudades` (
  `ciudadid` bigint(20) NOT NULL auto_increment,
  `codigo` varchar(10) NOT NULL,
  `nombre` varchar(25) NOT NULL,
  `departamento` varchar(25) NOT NULL,
  `creador` varchar(20) NOT NULL,
  `momento` timestamp NOT NULL default CURRENT_TIMESTAMP,
  PRIMARY KEY  (`ciudadid`),
  UNIQUE KEY `codigo` (`codigo`),
  KEY `creador` (`creador`)
) ENGINE=InnoDB AUTO_INCREMENT=1099 DEFAULT CHARSET=utf8 COMMENT='Ciudades - Localidades';

--
-- Dumping data for table `ciudades`
--

LOCK TABLES `ciudades` WRITE;
/*!40000 ALTER TABLE `ciudades` DISABLE KEYS */;
INSERT INTO `ciudades` VALUES (1,'11001','BOGOTA','CUNDINAMARCA','','2011-05-30 14:02:38'),(2,'13001','CARTAGENA','BOLIVAR','','2011-05-30 14:02:38'),(3,'13006','ACHI','BOLIVAR','','2011-05-30 14:02:38'),(4,'13030','ALTOS DEL ROSARIO','BOLIVAR','','2011-05-30 14:02:38'),(5,'13042','ARENAL','BOLIVAR','','2011-05-30 14:02:38'),(6,'13052','ARJONA','BOLIVAR','','2011-05-30 14:02:38'),(7,'13062','ARROYOHONDO','BOLIVAR','','2011-05-30 14:02:38'),(8,'13074','BARRANCO DE LOBA','BOLIVAR','','2011-05-30 14:02:38'),(9,'13140','CALAMAR','BOLIVAR','','2011-05-30 14:02:38'),(10,'13160','CANTAGALLO','BOLIVAR','','2011-05-30 14:02:38'),(11,'13188','CICUCO','BOLIVAR','','2011-05-30 14:02:38'),(12,'13212','CORDOBA','BOLIVAR','','2011-05-30 14:02:38'),(13,'13222','CLEMENCIA','BOLIVAR','','2011-05-30 14:02:38'),(14,'13244','EL CARMEN DE BOLIVAR','BOLIVAR','','2011-05-30 14:02:38'),(15,'13248','EL GUAMO','BOLIVAR','','2011-05-30 14:02:38'),(16,'13268','EL PEÑON','BOLIVAR','','2011-05-30 14:02:38'),(17,'13300','HATILLO DE LOBA','BOLIVAR','','2011-05-30 14:02:38'),(18,'13430','MAGANGUE','BOLIVAR','','2011-05-30 14:02:38'),(19,'13433','MAHATES','BOLIVAR','','2011-05-30 14:02:38'),(20,'13440','MARGARITA','BOLIVAR','','2011-05-30 14:02:38'),(21,'13442','MARIA LA BAJA','BOLIVAR','','2011-05-30 14:02:38'),(22,'13458','MONTECRISTO','BOLIVAR','','2011-05-30 14:02:38'),(23,'13468','MOMPOS','BOLIVAR','','2011-05-30 14:02:38'),(24,'13473','MORALES','BOLIVAR','','2011-05-30 14:02:38'),(25,'13549','PINILLOS','BOLIVAR','','2011-05-30 14:02:38'),(26,'13580','REGIDOR','BOLIVAR','','2011-05-30 14:02:38'),(27,'13600','RIO VIEJO','BOLIVAR','','2011-05-30 14:02:38'),(28,'13620','SAN CRISTOBAL','BOLIVAR','','2011-05-30 14:02:38'),(29,'13647','SAN ESTANISLAO','BOLIVAR','','2011-05-30 14:02:38'),(30,'13650','SAN FERNANDO','BOLIVAR','','2011-05-30 14:02:38'),(31,'13654','SAN JACINTO','BOLIVAR','','2011-05-30 14:02:39'),(32,'13655','SAN JACINTO DEL CAUCA','BOLIVAR','','2011-05-30 14:02:39'),(33,'13657','SAN JUAN NEPOMUCENO','BOLIVAR','','2011-05-30 14:02:39'),(34,'13667','SAN MARTIN DE LOBA','BOLIVAR','','2011-05-30 14:02:39'),(35,'13670','SAN PABLO','BOLIVAR','','2011-05-30 14:02:39'),(36,'13673','SANTA CATALINA','BOLIVAR','','2011-05-30 14:02:39'),(37,'13683','SANTA ROSA','BOLIVAR','','2011-05-30 14:02:39'),(38,'13688','SANTA ROSA DEL SUR','BOLIVAR','','2011-05-30 14:02:39'),(39,'13744','SIMITI','BOLIVAR','','2011-05-30 14:02:39'),(40,'13760','SOPLAVIENTO','BOLIVAR','','2011-05-30 14:02:39'),(41,'13780','TALAIGUA NUEVO','BOLIVAR','','2011-05-30 14:02:39'),(42,'13810','TIQUISIO','BOLIVAR','','2011-05-30 14:02:39'),(43,'13836','TURBACO','BOLIVAR','','2011-05-30 14:02:39'),(44,'13838','TURBANA','BOLIVAR','','2011-05-30 14:02:39'),(45,'13873','VILLANUEVA','BOLIVAR','','2011-05-30 14:02:39'),(46,'13894','ZAMBRANO','BOLIVAR','','2011-05-30 14:02:39'),(47,'15001','TUNJA','BOYACA','','2011-05-30 14:02:39'),(48,'15022','ALMEIDA','BOYACA','','2011-05-30 14:02:39'),(49,'15047','AQUITANIA','BOYACA','','2011-05-30 14:02:39'),(50,'15051','ARCABUCO','BOYACA','','2011-05-30 14:02:39'),(51,'15087','BELEN','BOYACA','','2011-05-30 14:02:39'),(52,'15090','BERBEO','BOYACA','','2011-05-30 14:02:39'),(53,'15092','BETEITIVA','BOYACA','','2011-05-30 14:02:39'),(54,'15097','BOAVITA','BOYACA','','2011-05-30 14:02:39'),(55,'15104','BOYACA','BOYACA','','2011-05-30 14:02:39'),(56,'15106','BRICEÑO','BOYACA','','2011-05-30 14:02:39'),(57,'15109','BUENAVISTA','BOYACA','','2011-05-30 14:02:39'),(58,'15114','BUSBANZA','BOYACA','','2011-05-30 14:02:39'),(59,'15131','CALDAS','BOYACA','','2011-05-30 14:02:39'),(60,'15135','CAMPOHERMOSO','BOYACA','','2011-05-30 14:02:39'),(61,'15162','CERINZA','BOYACA','','2011-05-30 14:02:39'),(62,'15172','CHINAVITA','BOYACA','','2011-05-30 14:02:39'),(63,'15176','CHIQUINQUIRA','BOYACA','','2011-05-30 14:02:39'),(64,'15180','CHISCAS','BOYACA','','2011-05-30 14:02:39'),(65,'15183','CHITA','BOYACA','','2011-05-30 14:02:39'),(66,'15185','CHITARAQUE','BOYACA','','2011-05-30 14:02:39'),(67,'15187','CHIVATA','BOYACA','','2011-05-30 14:02:40'),(68,'15189','CIENEGA','BOYACA','','2011-05-30 14:02:40'),(69,'15204','COMBITA','BOYACA','','2011-05-30 14:02:40'),(70,'15212','COPER','BOYACA','','2011-05-30 14:02:40'),(71,'15215','CORRALES','BOYACA','','2011-05-30 14:02:40'),(72,'15218','COVARACHIA','BOYACA','','2011-05-30 14:02:40'),(73,'15223','CUBARA','BOYACA','','2011-05-30 14:02:40'),(74,'15224','CUCAITA','BOYACA','','2011-05-30 14:02:40'),(75,'15226','CUITIVA','BOYACA','','2011-05-30 14:02:40'),(76,'15232','CHIQUIZA','BOYACA','','2011-05-30 14:02:40'),(77,'15236','CHIVOR','BOYACA','','2011-05-30 14:02:40'),(78,'15238','DUITAMA','BOYACA','','2011-05-30 14:02:40'),(79,'15244','EL COCUY','BOYACA','','2011-05-30 14:02:40'),(80,'15248','EL ESPINO','BOYACA','','2011-05-30 14:02:40'),(81,'15272','FIRAVITOBA','BOYACA','','2011-05-30 14:02:40'),(82,'15276','FLORESTA','BOYACA','','2011-05-30 14:02:40'),(83,'15293','GACHANTIVA','BOYACA','','2011-05-30 14:02:40'),(84,'15296','GAMEZA','BOYACA','','2011-05-30 14:02:40'),(85,'15299','GARAGOA','BOYACA','','2011-05-30 14:02:40'),(86,'15317','GUACAMAYAS','BOYACA','','2011-05-30 14:02:40'),(87,'15322','GUATEQUE','BOYACA','','2011-05-30 14:02:40'),(88,'15325','GUAYATA','BOYACA','','2011-05-30 14:02:40'),(89,'15332','GUICAN','BOYACA','','2011-05-30 14:02:40'),(90,'15362','IZA','BOYACA','','2011-05-30 14:02:40'),(91,'15367','JENESANO','BOYACA','','2011-05-30 14:02:40'),(92,'15368','JERICO','BOYACA','','2011-05-30 14:02:40'),(93,'15377','LABRANZAGRANDE','BOYACA','','2011-05-30 14:02:40'),(94,'15380','LA CAPILLA','BOYACA','','2011-05-30 14:02:40'),(95,'15401','LA VICTORIA','BOYACA','','2011-05-30 14:02:40'),(96,'15403','LA UVITA','BOYACA','','2011-05-30 14:02:40'),(97,'15407','LEIVA','BOYACA','','2011-05-30 14:02:40'),(98,'15425','MACANAL','BOYACA','','2011-05-30 14:02:40'),(99,'15442','MARIPI','BOYACA','','2011-05-30 14:02:40'),(100,'15455','MIRAFLORES','BOYACA','','2011-05-30 14:02:40'),(101,'15464','MONGUA','BOYACA','','2011-05-30 14:02:40'),(102,'15466','MONGUI','BOYACA','','2011-05-30 14:02:40'),(103,'15469','MONIQUIRA','BOYACA','','2011-05-30 14:02:40'),(104,'15476','MOTAVITA','BOYACA','','2011-05-30 14:02:40'),(105,'15480','MUZO','BOYACA','','2011-05-30 14:02:40'),(106,'15491','NOBSA','BOYACA','','2011-05-30 14:02:40'),(107,'15494','NUEVO COLON','BOYACA','','2011-05-30 14:02:40'),(108,'15500','OICATA','BOYACA','','2011-05-30 14:02:40'),(109,'15507','OTANCHE','BOYACA','','2011-05-30 14:02:40'),(110,'15511','PACHAVITA','BOYACA','','2011-05-30 14:02:40'),(111,'15514','PAEZ','BOYACA','','2011-05-30 14:02:40'),(112,'15516','PAIPA','BOYACA','','2011-05-30 14:02:40'),(113,'15518','PAJARITO','BOYACA','','2011-05-30 14:02:40'),(114,'15522','PANQUEBA','BOYACA','','2011-05-30 14:02:40'),(115,'15531','PAUNA','BOYACA','','2011-05-30 14:02:40'),(116,'15533','PAYA','BOYACA','','2011-05-30 14:02:41'),(117,'15537','PAZ DEL RIO','BOYACA','','2011-05-30 14:02:41'),(118,'15542','PESCA','BOYACA','','2011-05-30 14:02:41'),(119,'15550','PISBA','BOYACA','','2011-05-30 14:02:41'),(120,'15572','PUERTO BOYACA','BOYACA','','2011-05-30 14:02:41'),(121,'15580','QUIPAMA','BOYACA','','2011-05-30 14:02:41'),(122,'15599','RAMIRIQUI','BOYACA','','2011-05-30 14:02:41'),(123,'15600','RAQUIRA','BOYACA','','2011-05-30 14:02:41'),(124,'15621','RONDON','BOYACA','','2011-05-30 14:02:41'),(125,'15632','SABOYA','BOYACA','','2011-05-30 14:02:41'),(126,'15638','SACHICA','BOYACA','','2011-05-30 14:02:41'),(127,'15646','SAMACA','BOYACA','','2011-05-30 14:02:41'),(128,'15660','SAN EDUARDO','BOYACA','','2011-05-30 14:02:41'),(129,'15664','SAN JOSE DE PARE','BOYACA','','2011-05-30 14:02:41'),(130,'15667','SAN LUIS DE GACENO','BOYACA','','2011-05-30 14:02:41'),(131,'15673','SAN MATEO','BOYACA','','2011-05-30 14:02:41'),(132,'15676','SAN MIGUEL DE SEMA','BOYACA','','2011-05-30 14:02:41'),(133,'15681','SAN PABLO DE BORBUR','BOYACA','','2011-05-30 14:02:41'),(134,'15686','SANTANA','BOYACA','','2011-05-30 14:02:41'),(135,'15690','SANTA MARIA','BOYACA','','2011-05-30 14:02:41'),(136,'15693','SANTA ROSA DE VITERBO','BOYACA','','2011-05-30 14:02:41'),(137,'15696','SANTA SOFIA','BOYACA','','2011-05-30 14:02:41'),(138,'15720','SATIVANORTE','BOYACA','','2011-05-30 14:02:41'),(139,'15723','SATIVASUR','BOYACA','','2011-05-30 14:02:41'),(140,'15740','SIACHOQUE','BOYACA','','2011-05-30 14:02:41'),(141,'15753','SOATA','BOYACA','','2011-05-30 14:02:41'),(142,'15755','SOCOTA','BOYACA','','2011-05-30 14:02:41'),(143,'15757','SOCHA','BOYACA','','2011-05-30 14:02:41'),(144,'15759','SOGAMOSO','BOYACA','','2011-05-30 14:02:41'),(145,'15761','SOMONDOCO','BOYACA','','2011-05-30 14:02:41'),(146,'15762','SORA','BOYACA','','2011-05-30 14:02:41'),(147,'15763','SOTAQUIRA','BOYACA','','2011-05-30 14:02:41'),(148,'15764','SORACA','BOYACA','','2011-05-30 14:02:41'),(149,'15774','SUSACON','BOYACA','','2011-05-30 14:02:41'),(150,'15776','SUTAMARCHAN','BOYACA','','2011-05-30 14:02:41'),(151,'15778','SUTATENZA','BOYACA','','2011-05-30 14:02:41'),(152,'15790','TASCO','BOYACA','','2011-05-30 14:02:41'),(153,'15798','TENZA','BOYACA','','2011-05-30 14:02:41'),(154,'15804','TIBANA','BOYACA','','2011-05-30 14:02:41'),(155,'15806','TIBASOSA','BOYACA','','2011-05-30 14:02:41'),(156,'15808','TINJACA','BOYACA','','2011-05-30 14:02:41'),(157,'15810','TIPACOQUE','BOYACA','','2011-05-30 14:02:41'),(158,'15814','TOCA','BOYACA','','2011-05-30 14:02:42'),(159,'15816','TOGUI','BOYACA','','2011-05-30 14:02:42'),(160,'15820','TOPAGA','BOYACA','','2011-05-30 14:02:42'),(161,'15822','TOTA','BOYACA','','2011-05-30 14:02:42'),(162,'15832','TUNUNGUA','BOYACA','','2011-05-30 14:02:42'),(163,'15835','TURMEQUE','BOYACA','','2011-05-30 14:02:42'),(164,'15837','TUTA','BOYACA','','2011-05-30 14:02:42'),(165,'15839','TUTASA','BOYACA','','2011-05-30 14:02:42'),(166,'15842','UMBITA','BOYACA','','2011-05-30 14:02:42'),(167,'15861','VENTAQUEMADA','BOYACA','','2011-05-30 14:02:42'),(168,'15879','VIRACACHA','BOYACA','','2011-05-30 14:02:42'),(169,'15897','ZETAQUIRA','BOYACA','','2011-05-30 14:02:42'),(170,'17001','MANIZALES','CALDAS','','2011-05-30 14:02:42'),(171,'17013','AGUADAS','CALDAS','','2011-05-30 14:02:42'),(172,'17042','ANSERMA','CALDAS','','2011-05-30 14:02:42'),(173,'17050','ARANZAZU','CALDAS','','2011-05-30 14:02:42'),(174,'17088','BELALCAZAR','CALDAS','','2011-05-30 14:02:42'),(175,'17174','CHINCHINA','CALDAS','','2011-05-30 14:02:42'),(176,'17272','FILADELFIA','CALDAS','','2011-05-30 14:02:42'),(177,'17380','LA DORADA','CALDAS','','2011-05-30 14:02:42'),(178,'17388','LA MERCED','CALDAS','','2011-05-30 14:02:42'),(179,'17433','MANZANARES','CALDAS','','2011-05-30 14:02:42'),(180,'17442','MARMATO','CALDAS','','2011-05-30 14:02:42'),(181,'17444','MARQUETALIA','CALDAS','','2011-05-30 14:02:42'),(182,'17446','MARULANDA','CALDAS','','2011-05-30 14:02:42'),(183,'17486','NEIRA','CALDAS','','2011-05-30 14:02:42'),(184,'17495','NORCASIA','CALDAS','','2011-05-30 14:02:42'),(185,'17513','PACORA','CALDAS','','2011-05-30 14:02:42'),(186,'17524','PALESTINA','CALDAS','','2011-05-30 14:02:42'),(187,'17541','PENSILVANIA','CALDAS','','2011-05-30 14:02:42'),(188,'17614','RIOSUCIO','CALDAS','','2011-05-30 14:02:42'),(189,'17616','RISARALDA','CALDAS','','2011-05-30 14:02:42'),(190,'17653','SALAMINA','CALDAS','','2011-05-30 14:02:42'),(191,'17662','SAMANA','CALDAS','','2011-05-30 14:02:42'),(192,'17665','SAN JOSE','CALDAS','','2011-05-30 14:02:42'),(193,'17777','SUPIA','CALDAS','','2011-05-30 14:02:42'),(194,'17867','VICTORIA','CALDAS','','2011-05-30 14:02:42'),(195,'17873','VILLAMARIA','CALDAS','','2011-05-30 14:02:42'),(196,'17877','VITERBO','CALDAS','','2011-05-30 14:02:42'),(197,'18001','FLORENCIA','CAQUETA','','2011-05-30 14:02:42'),(198,'18029','ALBANIA','CAQUETA','','2011-05-30 14:02:42'),(199,'18094','BELEN ANDAQUIES','CAQUETA','','2011-05-30 14:02:42'),(200,'18150','CARTAGENA DEL CHAIRA','CAQUETA','','2011-05-30 14:02:42'),(201,'18205','CURILLO','CAQUETA','','2011-05-30 14:02:42'),(202,'18247','EL DONCELLO','CAQUETA','','2011-05-30 14:02:42'),(203,'18256','EL PAUJIL','CAQUETA','','2011-05-30 14:02:42'),(204,'18410','LA MONTAÑITA','CAQUETA','','2011-05-30 14:02:42'),(205,'18460','MILAN','CAQUETA','','2011-05-30 14:02:43'),(206,'18479','MORELIA','CAQUETA','','2011-05-30 14:02:43'),(207,'18592','PUERTO RICO','CAQUETA','','2011-05-30 14:02:43'),(208,'18610','SAN JOSE DE FRAGUA','CAQUETA','','2011-05-30 14:02:43'),(209,'18753','SAN  VICENTE DEL CAGUAN','CAQUETA','','2011-05-30 14:02:43'),(210,'18756','SOLANO','CAQUETA','','2011-05-30 14:02:43'),(211,'18785','SOLITA','CAQUETA','','2011-05-30 14:02:43'),(212,'18860','VALPARAISO','CAQUETA','','2011-05-30 14:02:43'),(213,'19001','POPAYAN','CAUCA','','2011-05-30 14:02:43'),(214,'19022','ALMAGUER','CAUCA','','2011-05-30 14:02:43'),(215,'19050','ARGELIA','CAUCA','','2011-05-30 14:02:43'),(216,'19075','BALBOA','CAUCA','','2011-05-30 14:02:43'),(217,'19100','BOLIVAR','CAUCA','','2011-05-30 14:02:43'),(218,'19110','BUENOS AIRES','CAUCA','','2011-05-30 14:02:43'),(219,'19130','CAJIBIO','CAUCA','','2011-05-30 14:02:43'),(220,'19137','CALDONO','CAUCA','','2011-05-30 14:02:43'),(221,'19142','CALOTO','CAUCA','','2011-05-30 14:02:43'),(222,'19212','CORINTO','CAUCA','','2011-05-30 14:02:43'),(223,'19256','EL TAMBO','CAUCA','','2011-05-30 14:02:43'),(224,'19290','FLORENCIA','CAUCA','','2011-05-30 14:02:43'),(225,'19318','GUAPI','CAUCA','','2011-05-30 14:02:43'),(226,'19355','INZA','CAUCA','','2011-05-30 14:02:43'),(227,'19364','JAMBALO','CAUCA','','2011-05-30 14:02:43'),(228,'19392','LA SIERRA','CAUCA','','2011-05-30 14:02:43'),(229,'19397','LA VEGA','CAUCA','','2011-05-30 14:02:43'),(230,'19418','LOPEZ','CAUCA','','2011-05-30 14:02:43'),(231,'19450','MERCADERES','CAUCA','','2011-05-30 14:02:43'),(232,'19455','MIRANDA','CAUCA','','2011-05-30 14:02:43'),(233,'19473','MORALES','CAUCA','','2011-05-30 14:02:43'),(234,'19513','PADILLA','CAUCA','','2011-05-30 14:02:43'),(235,'19517','PAEZ','CAUCA','','2011-05-30 14:02:43'),(236,'19532','PATIA(EL BORDO)','CAUCA','','2011-05-30 14:02:43'),(237,'19533','PIAMONTE','CAUCA','','2011-05-30 14:02:43'),(238,'19548','PIENDAMO','CAUCA','','2011-05-30 14:02:43'),(239,'19573','PUERTO TEJADA','CAUCA','','2011-05-30 14:02:43'),(240,'19585','PURACE','CAUCA','','2011-05-30 14:02:43'),(241,'19622','ROSAS','CAUCA','','2011-05-30 14:02:43'),(242,'19693','SAN SEBASTIAN','CAUCA','','2011-05-30 14:02:43'),(243,'19698','SANTANDER DE QUILICHAO','CAUCA','','2011-05-30 14:02:43'),(244,'19701','STA ROSA','CAUCA','','2011-05-30 14:02:43'),(245,'19743','SILVIA','CAUCA','','2011-05-30 14:02:43'),(246,'19760','SOTARA','CAUCA','','2011-05-30 14:02:43'),(247,'19780','SUAREZ','CAUCA','','2011-05-30 14:02:43'),(248,'19785','SUCRE','CAUCA','','2011-05-30 14:02:43'),(249,'19807','TIMBIO','CAUCA','','2011-05-30 14:02:43'),(250,'19809','TIMBIQUI','CAUCA','','2011-05-30 14:02:43'),(251,'19821','TORIBIO','CAUCA','','2011-05-30 14:02:43'),(252,'19824','TOTORO','CAUCA','','2011-05-30 14:02:43'),(253,'19845','VILLA RICA','CAUCA','','2011-05-30 14:02:43'),(254,'20001','VALLEDUPAR','CESAR','','2011-05-30 14:02:43'),(255,'20011','AGUACHICA','CESAR','','2011-05-30 14:02:44'),(256,'20013','AGUSTIN CODAZZI','CESAR','','2011-05-30 14:02:44'),(257,'20032','ASTREA','CESAR','','2011-05-30 14:02:44'),(258,'20045','BECERRIL','CESAR','','2011-05-30 14:02:44'),(259,'20060','BOSCONIA','CESAR','','2011-05-30 14:02:44'),(260,'20175','CHIMICHAGUA','CESAR','','2011-05-30 14:02:44'),(261,'20178','CHIRIGUANA','CESAR','','2011-05-30 14:02:44'),(262,'20228','CURUMANI','CESAR','','2011-05-30 14:02:44'),(263,'20238','EL COPEY','CESAR','','2011-05-30 14:02:44'),(264,'20250','EL PASO','CESAR','','2011-05-30 14:02:44'),(265,'20295','GAMARRA','CESAR','','2011-05-30 14:02:44'),(266,'20310','GONZALEZ','CESAR','','2011-05-30 14:02:44'),(267,'20383','LA GLORIA','CESAR','','2011-05-30 14:02:44'),(268,'20400','LA JAGUA IBIRICO','CESAR','','2011-05-30 14:02:44'),(269,'20443','MANAURE BALCON DEL CESAR','CESAR','','2011-05-30 14:02:44'),(270,'20517','PAILITAS','CESAR','','2011-05-30 14:02:44'),(271,'20550','PELAYA','CESAR','','2011-05-30 14:02:44'),(272,'20570','PUEBLO BELLO','CESAR','','2011-05-30 14:02:44'),(273,'20614','RIO DE ORO','CESAR','','2011-05-30 14:02:44'),(274,'20621','ROBLES (LA PAZ)','CESAR','','2011-05-30 14:02:44'),(275,'20710','SAN ALBERTO','CESAR','','2011-05-30 14:02:44'),(276,'20750','SAN DIEGO','CESAR','','2011-05-30 14:02:44'),(277,'20770','SAN MARTIN','CESAR','','2011-05-30 14:02:44'),(278,'20787','TAMALAMEQUE','CESAR','','2011-05-30 14:02:44'),(279,'23001','MONTERIA','CORDOBA','','2011-05-30 14:02:44'),(280,'23068','AYAPEL','CORDOBA','','2011-05-30 14:02:44'),(281,'23079','BUENAVISTA','CORDOBA','','2011-05-30 14:02:44'),(282,'23090','CANALETE','CORDOBA','','2011-05-30 14:02:44'),(283,'23162','CERETE','CORDOBA','','2011-05-30 14:02:44'),(284,'23168','CHIMA','CORDOBA','','2011-05-30 14:02:44'),(285,'23182','CHINU','CORDOBA','','2011-05-30 14:02:44'),(286,'23189','CIENAGA DE ORO','CORDOBA','','2011-05-30 14:02:44'),(287,'23300','COTORRA','CORDOBA','','2011-05-30 14:02:44'),(288,'23350','LA APARTADA','CORDOBA','','2011-05-30 14:02:44'),(289,'23417','LORICA','CORDOBA','','2011-05-30 14:02:44'),(290,'23419','LOS CORDOBAS','CORDOBA','','2011-05-30 14:02:44'),(291,'23464','MOMIL','CORDOBA','','2011-05-30 14:02:44'),(292,'23466','MONTELIBANO','CORDOBA','','2011-05-30 14:02:44'),(293,'23500','MOÑITOS','CORDOBA','','2011-05-30 14:02:44'),(294,'23555','PLANETA RICA','CORDOBA','','2011-05-30 14:02:44'),(295,'23570','PUEBLO NUEVO','CORDOBA','','2011-05-30 14:02:44'),(296,'23574','PUERTO ESCONDIDO','CORDOBA','','2011-05-30 14:02:44'),(297,'23580','PUERTO LIBERTADOR','CORDOBA','','2011-05-30 14:02:44'),(298,'23586','PURISIMA','CORDOBA','','2011-05-30 14:02:44'),(299,'23660','SAHAGUN','CORDOBA','','2011-05-30 14:02:44'),(300,'23670','SAN ANDRES SOTAVENTO','CORDOBA','','2011-05-30 14:02:44'),(301,'23672','SAN ANTERO','CORDOBA','','2011-05-30 14:02:44'),(302,'23675','SAN BERNARDO VIENTO','CORDOBA','','2011-05-30 14:02:44'),(303,'23678','SAN CARLOS','CORDOBA','','2011-05-30 14:02:45'),(304,'23686','SAN PELAYO','CORDOBA','','2011-05-30 14:02:45'),(305,'23807','TIERRALTA','CORDOBA','','2011-05-30 14:02:45'),(306,'23855','VALENCIA','CORDOBA','','2011-05-30 14:02:45'),(309,'25035','ANAPOIMA','CUNDINAMARCA','','2011-05-30 14:02:45'),(310,'25040','ANOLAIMA','CUNDINAMARCA','','2011-05-30 14:02:45'),(311,'25053','ARBELAEZ','CUNDINAMARCA','','2011-05-30 14:02:45'),(312,'25086','BELTRAN','CUNDINAMARCA','','2011-05-30 14:02:45'),(313,'25095','BITUIMA','CUNDINAMARCA','','2011-05-30 14:02:45'),(314,'25099','BOJACA','CUNDINAMARCA','','2011-05-30 14:02:45'),(315,'25120','CABRERA','CUNDINAMARCA','','2011-05-30 14:02:45'),(316,'25123','CACHIPAY','CUNDINAMARCA','','2011-05-30 14:02:45'),(317,'25126','CAJICA','CUNDINAMARCA','','2011-05-30 14:02:45'),(318,'25148','CAPARRAPI','CUNDINAMARCA','','2011-05-30 14:02:45'),(319,'25151','CAQUEZA','CUNDINAMARCA','','2011-05-30 14:02:45'),(320,'25154','CARMEN DE CARUPA','CUNDINAMARCA','','2011-05-30 14:02:45'),(321,'25168','CHAGUANI','CUNDINAMARCA','','2011-05-30 14:02:45'),(322,'25175','CHIA','CUNDINAMARCA','','2011-05-30 14:02:45'),(323,'25178','CHIPAQUE','CUNDINAMARCA','','2011-05-30 14:02:45'),(324,'25181','CHOACHI','CUNDINAMARCA','','2011-05-30 14:02:45'),(325,'25183','CHOCONTA','CUNDINAMARCA','','2011-05-30 14:02:45'),(326,'25200','COGUA','CUNDINAMARCA','','2011-05-30 14:02:45'),(327,'25214','COTA','CUNDINAMARCA','','2011-05-30 14:02:45'),(328,'25224','CUCUNUBA','CUNDINAMARCA','','2011-05-30 14:02:45'),(329,'25245','EL COLEGIO','CUNDINAMARCA','','2011-05-30 14:02:45'),(330,'25258','EL PEÑON','CUNDINAMARCA','','2011-05-30 14:02:45'),(331,'25260','EL ROSAL','CUNDINAMARCA','','2011-05-30 14:02:45'),(332,'25269','FACATATIVA','CUNDINAMARCA','','2011-05-30 14:02:45'),(333,'25279','FOMEQUE','CUNDINAMARCA','','2011-05-30 14:02:45'),(334,'25281','FOSCA','CUNDINAMARCA','','2011-05-30 14:02:45'),(335,'25286','FUNZA','CUNDINAMARCA','','2011-05-30 14:02:45'),(336,'25288','FUQUENE','CUNDINAMARCA','','2011-05-30 14:02:45'),(337,'25290','FUSAGASUGA','CUNDINAMARCA','','2011-05-30 14:02:45'),(338,'25293','GACHALA','CUNDINAMARCA','','2011-05-30 14:02:45'),(339,'25295','GACHANCIPA','CUNDINAMARCA','','2011-05-30 14:02:45'),(340,'25297','GACHETA','CUNDINAMARCA','','2011-05-30 14:02:45'),(341,'25299','GAMA','CUNDINAMARCA','','2011-05-30 14:02:45'),(342,'25307','GIRARDOT','CUNDINAMARCA','','2011-05-30 14:02:45'),(343,'25312','GRANADA','CUNDINAMARCA','','2011-05-30 14:02:45'),(344,'25317','GUACHETA','CUNDINAMARCA','','2011-05-30 14:02:45'),(345,'25320','GUADUAS','CUNDINAMARCA','','2011-05-30 14:02:45'),(346,'25322','GUASCA','CUNDINAMARCA','','2011-05-30 14:02:46'),(347,'25324','GUATAQUI','CUNDINAMARCA','','2011-05-30 14:02:46'),(348,'25326','GUATAVITA','CUNDINAMARCA','','2011-05-30 14:02:46'),(349,'25328','GUAYABAL DE SIQUIMA','CUNDINAMARCA','','2011-05-30 14:02:46'),(350,'25335','GUAYABETAL','CUNDINAMARCA','','2011-05-30 14:02:46'),(351,'25339','GUTIERREZ','CUNDINAMARCA','','2011-05-30 14:02:46'),(352,'25368','JERUSALEN','CUNDINAMARCA','','2011-05-30 14:02:46'),(353,'25372','JUNIN','CUNDINAMARCA','','2011-05-30 14:02:46'),(354,'25377','LA CALERA','CUNDINAMARCA','','2011-05-30 14:02:46'),(355,'25386','LA MESA','CUNDINAMARCA','','2011-05-30 14:02:46'),(356,'25394','LA PALMA','CUNDINAMARCA','','2011-05-30 14:02:46'),(357,'25398','LA PEÑA','CUNDINAMARCA','','2011-05-30 14:02:46'),(358,'25402','LA VEGA','CUNDINAMARCA','','2011-05-30 14:02:46'),(359,'25407','LENGUAZAQUE','CUNDINAMARCA','','2011-05-30 14:02:46'),(360,'25426','MACHETA','CUNDINAMARCA','','2011-05-30 14:02:46'),(361,'25430','MADRID','CUNDINAMARCA','','2011-05-30 14:02:46'),(362,'25436','MANTA','CUNDINAMARCA','','2011-05-30 14:02:46'),(363,'25438','MEDINA','CUNDINAMARCA','','2011-05-30 14:02:46'),(364,'25473','MOSQUERA','CUNDINAMARCA','','2011-05-30 14:02:46'),(365,'25483','NARIÑO','CUNDINAMARCA','','2011-05-30 14:02:46'),(366,'25486','NEMOCON','CUNDINAMARCA','','2011-05-30 14:02:46'),(367,'25488','NILO','CUNDINAMARCA','','2011-05-30 14:02:46'),(368,'25489','NIMAIMA','CUNDINAMARCA','','2011-05-30 14:02:46'),(369,'25491','NOCAIMA','CUNDINAMARCA','','2011-05-30 14:02:46'),(370,'25506','VENECIA (OSPINA PEREZ)','CUNDINAMARCA','','2011-05-30 14:02:46'),(371,'25513','PACHO','CUNDINAMARCA','','2011-05-30 14:02:46'),(372,'25518','PAIME','CUNDINAMARCA','','2011-05-30 14:02:46'),(373,'25524','PANDI','CUNDINAMARCA','','2011-05-30 14:02:46'),(374,'25530','PARATEBUENO','CUNDINAMARCA','','2011-05-30 14:02:46'),(375,'25535','PASCA','CUNDINAMARCA','','2011-05-30 14:02:46'),(376,'25572','PUERTO SALGAR','CUNDINAMARCA','','2011-05-30 14:02:46'),(377,'25580','PULI','CUNDINAMARCA','','2011-05-30 14:02:46'),(378,'25592','QUEBRADANEGRA','CUNDINAMARCA','','2011-05-30 14:02:46'),(379,'25594','QUETAME','CUNDINAMARCA','','2011-05-30 14:02:46'),(380,'25596','QUIPILE','CUNDINAMARCA','','2011-05-30 14:02:46'),(381,'25599','RAFAEL REYES','CUNDINAMARCA','','2011-05-30 14:02:46'),(382,'25612','RICAURTE','CUNDINAMARCA','','2011-05-30 14:02:46'),(383,'25645','SAN  ANTONIO DEL  TEQUEND','CUNDINAMARCA','','2011-05-30 14:02:46'),(384,'25649','SAN BERNARDO','CUNDINAMARCA','','2011-05-30 14:02:46'),(385,'25653','SAN CAYETANO','CUNDINAMARCA','','2011-05-30 14:02:46'),(386,'25658','SAN FRANCISCO','CUNDINAMARCA','','2011-05-30 14:02:46'),(387,'25662','SAN JUAN DE RIOSECO','CUNDINAMARCA','','2011-05-30 14:02:47'),(388,'25718','SASAIMA','CUNDINAMARCA','','2011-05-30 14:02:47'),(389,'25736','SESQUILE','CUNDINAMARCA','','2011-05-30 14:02:47'),(390,'25740','SIBATE','CUNDINAMARCA','','2011-05-30 14:02:47'),(391,'25743','SILVANIA','CUNDINAMARCA','','2011-05-30 14:02:47'),(392,'25745','SIMIJACA','CUNDINAMARCA','','2011-05-30 14:02:47'),(393,'25754','SOACHA','CUNDINAMARCA','','2011-05-30 14:02:47'),(394,'25758','SOPO','CUNDINAMARCA','','2011-05-30 14:02:47'),(395,'25769','SUBACHOQUE','CUNDINAMARCA','','2011-05-30 14:02:47'),(396,'25772','SUESCA','CUNDINAMARCA','','2011-05-30 14:02:47'),(397,'25777','SUPATA','CUNDINAMARCA','','2011-05-30 14:02:47'),(398,'25779','SUSA','CUNDINAMARCA','','2011-05-30 14:02:47'),(399,'25781','SUTATAUSA','CUNDINAMARCA','','2011-05-30 14:02:47'),(400,'25785','TABIO','CUNDINAMARCA','','2011-05-30 14:02:47'),(401,'25793','TAUSA','CUNDINAMARCA','','2011-05-30 14:02:47'),(402,'25797','TENA','CUNDINAMARCA','','2011-05-30 14:02:47'),(403,'25799','TENJO','CUNDINAMARCA','','2011-05-30 14:02:47'),(404,'25805','TIBACUY','CUNDINAMARCA','','2011-05-30 14:02:47'),(405,'25807','TIBIRITA','CUNDINAMARCA','','2011-05-30 14:02:47'),(406,'25815','TOCAIMA','CUNDINAMARCA','','2011-05-30 14:02:47'),(407,'25817','TOCANCIPA','CUNDINAMARCA','','2011-05-30 14:02:47'),(408,'25823','TOPAIPI','CUNDINAMARCA','','2011-05-30 14:02:47'),(409,'25839','UBALA','CUNDINAMARCA','','2011-05-30 14:02:47'),(410,'25841','UBAQUE','CUNDINAMARCA','','2011-05-30 14:02:47'),(411,'25843','UBATE','CUNDINAMARCA','','2011-05-30 14:02:47'),(412,'25845','UNE','CUNDINAMARCA','','2011-05-30 14:02:47'),(413,'25851','UTICA','CUNDINAMARCA','','2011-05-30 14:02:47'),(414,'25862','VERGARA','CUNDINAMARCA','','2011-05-30 14:02:47'),(415,'25867','VIANI','CUNDINAMARCA','','2011-05-30 14:02:47'),(416,'25871','VILLAGOMEZ','CUNDINAMARCA','','2011-05-30 14:02:47'),(417,'25873','VILLAPINZON','CUNDINAMARCA','','2011-05-30 14:02:47'),(418,'25875','VILLETA','CUNDINAMARCA','','2011-05-30 14:02:47'),(419,'25878','VIOTA','CUNDINAMARCA','','2011-05-30 14:02:47'),(420,'25885','YACOPI','CUNDINAMARCA','','2011-05-30 14:02:47'),(421,'25898','ZIPACON','CUNDINAMARCA','','2011-05-30 14:02:47'),(422,'25899','ZIPAQUIRA','CUNDINAMARCA','','2011-05-30 14:02:47'),(423,'27001','QUIBDO','CHOCO','','2011-05-30 14:02:47'),(425,'27025','ALTO BAUDO (PIE DE PATO)','CHOCO','','2011-05-30 14:02:47'),(426,'27050','ATRATO','CHOCO','','2011-05-30 14:02:47'),(427,'27073','BAGADO','CHOCO','','2011-05-30 14:02:47'),(428,'27075','BAHIA SOLANO (MUTIS)','CHOCO','','2011-05-30 14:02:47'),(429,'27077','BAJO BAUDO (PIZARRO)','CHOCO','','2011-05-30 14:02:47'),(430,'27099','BOJAYA (BELLAVISTA)','CHOCO','','2011-05-30 14:02:47'),(431,'27135','CANTON DE SAN PABLO','CHOCO','','2011-05-30 14:02:47'),(432,'27150','CARMEN DEL DARIEN','CHOCO','','2011-05-30 14:02:47'),(433,'27160','CERTEGUI','CHOCO','','2011-05-30 14:02:47'),(434,'27205','CONDOTO','CHOCO','','2011-05-30 14:02:47'),(435,'27245','EL CARMEN','CHOCO','','2011-05-30 14:02:47'),(436,'27250','LITORAL DEL SAN JUAN','CHOCO','','2011-05-30 14:02:48'),(437,'27361','ISTMINA','CHOCO','','2011-05-30 14:02:48'),(438,'27372','JURADO','CHOCO','','2011-05-30 14:02:48'),(439,'27413','LLORO','CHOCO','','2011-05-30 14:02:48'),(440,'27425','MEDIO ATRATO','CHOCO','','2011-05-30 14:02:48'),(441,'27430','MEDIO BAUDO (BOCA DE PEPE','CHOCO','','2011-05-30 14:02:48'),(442,'27450','MEDIO SAN JUAN','CHOCO','','2011-05-30 14:02:48'),(443,'27491','NOVITA','CHOCO','','2011-05-30 14:02:48'),(444,'27495','NUQUI','CHOCO','','2011-05-30 14:02:48'),(445,'27580','RIO IRO','CHOCO','','2011-05-30 14:02:48'),(446,'27600','RIO QUITO','CHOCO','','2011-05-30 14:02:48'),(447,'27615','RIOSUCIO','CHOCO','','2011-05-30 14:02:48'),(448,'27660','SAN JOSE DEL PALMAR','CHOCO','','2011-05-30 14:02:48'),(449,'27745','SIPI','CHOCO','','2011-05-30 14:02:48'),(450,'27787','TADO','CHOCO','','2011-05-30 14:02:48'),(451,'27800','UNGUIA','CHOCO','','2011-05-30 14:02:48'),(452,'27810','UNION PANAMERICANA','CHOCO','','2011-05-30 14:02:48'),(453,'41001','NEIVA','HUILA','','2011-05-30 14:02:48'),(454,'41006','ACEVEDO P','HUILA','','2011-05-30 14:02:48'),(455,'41013','AGRADO','HUILA','','2011-05-30 14:02:48'),(456,'41016','AIPE','HUILA','','2011-05-30 14:02:48'),(457,'41020','ALGECIRAS','HUILA','','2011-05-30 14:02:48'),(458,'41026','ALTAMIRA','HUILA','','2011-05-30 14:02:48'),(459,'41078','BARAYA','HUILA','','2011-05-30 14:02:48'),(460,'41132','CAMPOALEGRE','HUILA','','2011-05-30 14:02:48'),(461,'41206','COLOMBIA','HUILA','','2011-05-30 14:02:48'),(462,'41244','ELIAS','HUILA','','2011-05-30 14:02:48'),(463,'41298','GARZON','HUILA','','2011-05-30 14:02:48'),(464,'41306','GIGANTE','HUILA','','2011-05-30 14:02:48'),(465,'41319','GUADALUPE','HUILA','','2011-05-30 14:02:48'),(466,'41349','HOBO','HUILA','','2011-05-30 14:02:48'),(467,'41357','IQUIRA','HUILA','','2011-05-30 14:02:48'),(468,'41359','ISNOS','HUILA','','2011-05-30 14:02:48'),(469,'41378','LA ARGENTINA','HUILA','','2011-05-30 14:02:48'),(470,'41396','LA PLATA','HUILA','','2011-05-30 14:02:48'),(471,'41483','NATAGA','HUILA','','2011-05-30 14:02:48'),(472,'41503','OPORAPA','HUILA','','2011-05-30 14:02:48'),(473,'41518','PAICOL','HUILA','','2011-05-30 14:02:48'),(474,'41524','PALERMO','HUILA','','2011-05-30 14:02:48'),(475,'41530','PALESTINA','HUILA','','2011-05-30 14:02:49'),(476,'41548','PITAL','HUILA','','2011-05-30 14:02:49'),(477,'41551','PITALITO','HUILA','','2011-05-30 14:02:49'),(478,'41615','RIVERA','HUILA','','2011-05-30 14:02:49'),(479,'41660','SALADOBLANCO','HUILA','','2011-05-30 14:02:49'),(480,'41668','SAN AGUSTIN','HUILA','','2011-05-30 14:02:49'),(481,'41676','SANTA MARIA','HUILA','','2011-05-30 14:02:49'),(482,'41770','SUAZA','HUILA','','2011-05-30 14:02:49'),(483,'41791','TARQUI','HUILA','','2011-05-30 14:02:49'),(484,'41797','TESALIA','HUILA','','2011-05-30 14:02:49'),(485,'41799','TELLO','HUILA','','2011-05-30 14:02:49'),(486,'41801','TERUEL','HUILA','','2011-05-30 14:02:49'),(487,'41807','TIMANA','HUILA','','2011-05-30 14:02:49'),(488,'41872','VILLAVIEJA','HUILA','','2011-05-30 14:02:49'),(489,'41885','YAGUARA','HUILA','','2011-05-30 14:02:49'),(490,'44001','RIOHACHA','GUAJIRA','','2011-05-30 14:02:49'),(491,'44035','ALBANIA','GUAJIRA','','2011-05-30 14:02:49'),(492,'44078','BARRANCAS','GUAJIRA','','2011-05-30 14:02:49'),(493,'44090','DIBULLA','GUAJIRA','','2011-05-30 14:02:49'),(494,'44098','DISTRACCION','GUAJIRA','','2011-05-30 14:02:49'),(495,'44110','EL MOLINO','GUAJIRA','','2011-05-30 14:02:49'),(496,'44279','FONSECA','GUAJIRA','','2011-05-30 14:02:49'),(497,'44378','HATONUEVO','GUAJIRA','','2011-05-30 14:02:49'),(498,'44420','LA JAGUA DEL PILAR','GUAJIRA','','2011-05-30 14:02:49'),(499,'44430','MAICAO','GUAJIRA','','2011-05-30 14:02:49'),(500,'44560','MANAURE','GUAJIRA','','2011-05-30 14:02:49'),(501,'44650','SAN JUAN DEL CESAR','GUAJIRA','','2011-05-30 14:02:49'),(502,'44847','URIBIA','GUAJIRA','','2011-05-30 14:02:49'),(503,'44855','URUMITA','GUAJIRA','','2011-05-30 14:02:49'),(504,'44874','VILLANUEVA','GUAJIRA','','2011-05-30 14:02:49'),(505,'47001','SANTA MARTA','MAGDALENA','','2011-05-30 14:02:49'),(506,'47030','ALGARROBO','MAGDALENA','','2011-05-30 14:02:49'),(507,'47053','ARACATACA','MAGDALENA','','2011-05-30 14:02:49'),(508,'47058','ARIGUANI','MAGDALENA','','2011-05-30 14:02:49'),(509,'47161','CERRO SAN ANTONIO','MAGDALENA','','2011-05-30 14:02:49'),(510,'47170','CHIVOLO','MAGDALENA','','2011-05-30 14:02:49'),(511,'47189','CIENAGA','MAGDALENA','','2011-05-30 14:02:49'),(512,'47205','CONCORDIA','MAGDALENA','','2011-05-30 14:02:49'),(513,'47245','EL BANCO','MAGDALENA','','2011-05-30 14:02:49'),(514,'47258','EL PIÑON','MAGDALENA','','2011-05-30 14:02:49'),(515,'47268','EL RETEN','MAGDALENA','','2011-05-30 14:02:49'),(516,'47288','FUNDACION','MAGDALENA','','2011-05-30 14:02:49'),(517,'47318','GUAMAL','MAGDALENA','','2011-05-30 14:02:49'),(518,'47460','NUEVA GRANADA','MAGDALENA','','2011-05-30 14:02:49'),(519,'47541','PEDRAZA','MAGDALENA','','2011-05-30 14:02:49'),(520,'47545','PIJIÑO DEL CARMEN','MAGDALENA','','2011-05-30 14:02:49'),(521,'47551','PIVIJAY','MAGDALENA','','2011-05-30 14:02:49'),(522,'47555','PLATO','MAGDALENA','','2011-05-30 14:02:49'),(523,'47570','PUEBLOVIEJO','MAGDALENA','','2011-05-30 14:02:49'),(524,'47605','REMOLINO','MAGDALENA','','2011-05-30 14:02:49'),(525,'47660','SABANAS DE SAN ANGEL','MAGDALENA','','2011-05-30 14:02:49'),(526,'47675','SALAMINA','MAGDALENA','','2011-05-30 14:02:50'),(527,'47692','SAN SEBASTIAN DE BUENAVIS','MAGDALENA','','2011-05-30 14:02:50'),(528,'47703','SAN ZENON','MAGDALENA','','2011-05-30 14:02:50'),(529,'47707','SANTA ANA','MAGDALENA','','2011-05-30 14:02:50'),(530,'47720','SANTA BARBARA DE PINTO','MAGDALENA','','2011-05-30 14:02:50'),(531,'47745','SITIONUEVO','MAGDALENA','','2011-05-30 14:02:50'),(532,'47798','TENERIFE','MAGDALENA','','2011-05-30 14:02:50'),(533,'47960','ZAPAYAN','MAGDALENA','','2011-05-30 14:02:50'),(534,'47980','ZONA BANANERA','MAGDALENA','','2011-05-30 14:02:50'),(535,'50001','VILLAVICENCIO','META','','2011-05-30 14:02:50'),(537,'5001','MEDELLIN','ANTIOQUIA','','2011-05-30 14:02:50'),(539,'5004','ABRIAQUI','ANTIOQUIA','','2011-05-30 14:02:50'),(540,'50110','BARRANCA DE UPIA','META','','2011-05-30 14:02:50'),(541,'50124','CABUYARO','META','','2011-05-30 14:02:50'),(542,'50150','CASTILLA LA NUEVA','META','','2011-05-30 14:02:50'),(544,'50223','CUBARRAL','META','','2011-05-30 14:02:50'),(545,'50226','CUMARAL','META','','2011-05-30 14:02:50'),(546,'50245','EL CALVARIO','META','','2011-05-30 14:02:50'),(547,'50251','EL CASTILLO','META','','2011-05-30 14:02:50'),(548,'50270','EL DORADO','META','','2011-05-30 14:02:50'),(549,'50287','FUENTE DE ORO','META','','2011-05-30 14:02:50'),(550,'5030','AMAGA','ANTIOQUIA','','2011-05-30 14:02:50'),(551,'5031','AMALFI','ANTIOQUIA','','2011-05-30 14:02:50'),(552,'50313','GRANADA','META','','2011-05-30 14:02:50'),(553,'50318','GUAMAL','META','','2011-05-30 14:02:50'),(554,'50325','MAPIRIPAN','META','','2011-05-30 14:02:50'),(555,'50330','MESETAS','META','','2011-05-30 14:02:50'),(556,'5034','ANDES','ANTIOQUIA','','2011-05-30 14:02:50'),(557,'50350','LA MACARENA','META','','2011-05-30 14:02:50'),(558,'5036','ANGELOPOLIS','ANTIOQUIA','','2011-05-30 14:02:50'),(559,'50370','LA URIBE','META','','2011-05-30 14:02:50'),(560,'5038','ANGOSTURA','ANTIOQUIA','','2011-05-30 14:02:50'),(561,'5040','ANORI','ANTIOQUIA','','2011-05-30 14:02:50'),(562,'50400','LEJANIAS','META','','2011-05-30 14:02:50'),(563,'5042','ANTIOQUIA','ANTIOQUIA','','2011-05-30 14:02:50'),(564,'5044','ANZA','ANTIOQUIA','','2011-05-30 14:02:50'),(565,'5045','APARTADO','ANTIOQUIA','','2011-05-30 14:02:50'),(566,'50450','PUERTO CONCORDIA','META','','2011-05-30 14:02:50'),(567,'5051','ARBOLETES','ANTIOQUIA','','2011-05-30 14:02:50'),(568,'5055','ARGELIA','ANTIOQUIA','','2011-05-30 14:02:50'),(569,'50568','PUERTO GAITAN','META','','2011-05-30 14:02:50'),(570,'50573','PUERTO LOPEZ','META','','2011-05-30 14:02:50'),(571,'50577','PUERTO LLERAS','META','','2011-05-30 14:02:50'),(572,'5059','ARMENIA','ANTIOQUIA','','2011-05-30 14:02:50'),(573,'50590','PUERTO RICO','META','','2011-05-30 14:02:50'),(574,'50606','RESTREPO','META','','2011-05-30 14:02:50'),(575,'50680','SAN CARLOS GUAROA','META','','2011-05-30 14:02:50'),(576,'50683','SAN  JUAN DE ARAMA','META','','2011-05-30 14:02:50'),(577,'50686','SAN JUANITO','META','','2011-05-30 14:02:50'),(578,'50689','SAN MARTIN','META','','2011-05-30 14:02:50'),(579,'50711','VISTA HERMOSA','META','','2011-05-30 14:02:50'),(580,'5079','BARBOSA','ANTIOQUIA','','2011-05-30 14:02:50'),(581,'5086','BELMIRA','ANTIOQUIA','','2011-05-30 14:02:51'),(582,'5088','BELLO','ANTIOQUIA','','2011-05-30 14:02:51'),(583,'5091','BETANIA','ANTIOQUIA','','2011-05-30 14:02:51'),(584,'5093','BETULIA','ANTIOQUIA','','2011-05-30 14:02:51'),(585,'5101','CIUDAD BOLIVAR','ANTIOQUIA','','2011-05-30 14:02:51'),(586,'5107','BRICEÑO','ANTIOQUIA','','2011-05-30 14:02:51'),(587,'5113','BURITICA','ANTIOQUIA','','2011-05-30 14:02:51'),(588,'5120','CACERES','ANTIOQUIA','','2011-05-30 14:02:51'),(589,'5125','CAICEDO','ANTIOQUIA','','2011-05-30 14:02:51'),(590,'5129','CALDAS','ANTIOQUIA','','2011-05-30 14:02:51'),(591,'5134','CAMPAMENTO','ANTIOQUIA','','2011-05-30 14:02:51'),(592,'5138','CAÑASGORDAS','ANTIOQUIA','','2011-05-30 14:02:51'),(593,'5142','CARACOLI','ANTIOQUIA','','2011-05-30 14:02:51'),(594,'5145','CARAMANTA','ANTIOQUIA','','2011-05-30 14:02:51'),(595,'5147','CAREPA','ANTIOQUIA','','2011-05-30 14:02:51'),(596,'5148','CARMEN DE VIBORAL','ANTIOQUIA','','2011-05-30 14:02:51'),(597,'5150','CAROLINA','ANTIOQUIA','','2011-05-30 14:02:51'),(598,'5154','CAUCASIA','ANTIOQUIA','','2011-05-30 14:02:51'),(599,'5172','CHIGORODO','ANTIOQUIA','','2011-05-30 14:02:51'),(600,'5190','CISNEROS','ANTIOQUIA','','2011-05-30 14:02:51'),(601,'5197','COCORNA','ANTIOQUIA','','2011-05-30 14:02:51'),(602,'52001','PASTO','NARIÑO','','2011-05-30 14:02:51'),(603,'52019','ALBAN','NARIÑO','','2011-05-30 14:02:51'),(604,'52022','ALDAÑA','NARIÑO','','2011-05-30 14:02:51'),(605,'52036','ANCUYA','NARIÑO','','2011-05-30 14:02:51'),(606,'52051','ARBOLEDA','NARIÑO','','2011-05-30 14:02:51'),(607,'5206','CONCEPCION','ANTIOQUIA','','2011-05-30 14:02:51'),(608,'52079','BARBACOAS','NARIÑO','','2011-05-30 14:02:51'),(609,'52083','BELEN','NARIÑO','','2011-05-30 14:02:51'),(610,'5209','CONCORDIA','ANTIOQUIA','','2011-05-30 14:02:51'),(611,'52110','BUESACO','NARIÑO','','2011-05-30 14:02:51'),(612,'5212','COPACABANA','ANTIOQUIA','','2011-05-30 14:02:51'),(613,'52203','COLON(GENOVA)','NARIÑO','','2011-05-30 14:02:51'),(614,'52207','CONSACA','NARIÑO','','2011-05-30 14:02:51'),(615,'52210','CONTADERO','NARIÑO','','2011-05-30 14:02:51'),(616,'52215','CORDOBA','NARIÑO','','2011-05-30 14:02:51'),(617,'52224','CUASPUD','NARIÑO','','2011-05-30 14:02:51'),(618,'52227','CUMBAL','NARIÑO','','2011-05-30 14:02:51'),(619,'52233','CUMBITARA','NARIÑO','','2011-05-30 14:02:51'),(620,'52240','CHACHAGUI','NARIÑO','','2011-05-30 14:02:51'),(621,'52250','EL CHARCO','NARIÑO','','2011-05-30 14:02:51'),(622,'52254','EL PEÑOL','NARIÑO','','2011-05-30 14:02:51'),(623,'52256','EL ROSARIO','NARIÑO','','2011-05-30 14:02:51'),(624,'52258','EL TABLON','NARIÑO','','2011-05-30 14:02:51'),(625,'52260','EL TAMBO','NARIÑO','','2011-05-30 14:02:51'),(626,'52287','FUNES','NARIÑO','','2011-05-30 14:02:51'),(627,'52317','GUACHUCAL','NARIÑO','','2011-05-30 14:02:51'),(628,'52320','GUAITARILLA','NARIÑO','','2011-05-30 14:02:51'),(629,'52323','GUALMATAN','NARIÑO','','2011-05-30 14:02:51'),(630,'5234','DABEIBA','ANTIOQUIA','','2011-05-30 14:02:51'),(631,'52352','ILES','NARIÑO','','2011-05-30 14:02:51'),(632,'52354','IMUES','NARIÑO','','2011-05-30 14:02:51'),(633,'52356','IPIALES','NARIÑO','','2011-05-30 14:02:51'),(634,'5237','DON MATIAS','ANTIOQUIA','','2011-05-30 14:02:52'),(635,'52378','LA CRUZ','NARIÑO','','2011-05-30 14:02:52'),(636,'52381','LA FLORIDA','NARIÑO','','2011-05-30 14:02:52'),(637,'52385','LA LLANADA','NARIÑO','','2011-05-30 14:02:52'),(638,'52390','LA TOLA','NARIÑO','','2011-05-30 14:02:52'),(639,'52399','LA UNION','NARIÑO','','2011-05-30 14:02:52'),(640,'5240','EBEJICO','ANTIOQUIA','','2011-05-30 14:02:52'),(641,'52405','LEIVA','NARIÑO','','2011-05-30 14:02:52'),(642,'52411','LINARES','NARIÑO','','2011-05-30 14:02:52'),(643,'52418','LOS ANDES','NARIÑO','','2011-05-30 14:02:52'),(644,'52427','MAGUI','NARIÑO','','2011-05-30 14:02:52'),(645,'52435','MALLAMA','NARIÑO','','2011-05-30 14:02:52'),(646,'52473','MOSQUERA','NARIÑO','','2011-05-30 14:02:52'),(647,'52480','NARIÑO','NARIÑO','','2011-05-30 14:02:52'),(648,'52490','OLAYA HERRERA','NARIÑO','','2011-05-30 14:02:52'),(649,'5250','EL BAGRE','ANTIOQUIA','','2011-05-30 14:02:52'),(650,'52506','OSPINA','NARIÑO','','2011-05-30 14:02:52'),(651,'52520','PIZARRO','NARIÑO','','2011-05-30 14:02:52'),(652,'52540','POLICARPA','NARIÑO','','2011-05-30 14:02:52'),(653,'52560','POTOSI','NARIÑO','','2011-05-30 14:02:52'),(654,'52565','PROVIDENCIA','NARIÑO','','2011-05-30 14:02:52'),(655,'52573','PUERRES','NARIÑO','','2011-05-30 14:02:52'),(656,'52585','PUPIALES','NARIÑO','','2011-05-30 14:02:52'),(657,'52612','RICAURTE','NARIÑO','','2011-05-30 14:02:52'),(658,'52621','ROBERTO PAYAN','NARIÑO','','2011-05-30 14:02:52'),(659,'5264','ENTRERRIOS','ANTIOQUIA','','2011-05-30 14:02:52'),(660,'5266','ENVIGADO','ANTIOQUIA','','2011-05-30 14:02:52'),(661,'52678','SAMANIEGO','NARIÑO','','2011-05-30 14:02:52'),(662,'52683','SANDONA','NARIÑO','','2011-05-30 14:02:52'),(663,'52685','SAN BERNARDO','NARIÑO','','2011-05-30 14:02:52'),(664,'52687','SAN LORENZO','NARIÑO','','2011-05-30 14:02:52'),(665,'52693','SAN PABLO','NARIÑO','','2011-05-30 14:02:52'),(666,'52694','SAN PEDRO DE CARTAGO','NARIÑO','','2011-05-30 14:02:52'),(667,'52696','SANTA BARBARA','NARIÑO','','2011-05-30 14:02:52'),(668,'52699','SANTACRUZ','NARIÑO','','2011-05-30 14:02:52'),(669,'52720','SAPUYES','NARIÑO','','2011-05-30 14:02:52'),(670,'52786','TAMINANGO','NARIÑO','','2011-05-30 14:02:52'),(671,'52788','TANGUA','NARIÑO','','2011-05-30 14:02:52'),(672,'5282','FREDONIA','ANTIOQUIA','','2011-05-30 14:02:52'),(673,'52835','TUMACO','NARIÑO','','2011-05-30 14:02:52'),(674,'52838','TUQUERRES','NARIÑO','','2011-05-30 14:02:52'),(675,'5284','FRONTINO','ANTIOQUIA','','2011-05-30 14:02:52'),(676,'52885','YACUANQUER','NARIÑO','','2011-05-30 14:02:52'),(677,'5306','GIRALDO','ANTIOQUIA','','2011-05-30 14:02:52'),(678,'5308','GIRARDOTA','ANTIOQUIA','','2011-05-30 14:02:52'),(679,'5310','GOMEZ PLATA','ANTIOQUIA','','2011-05-30 14:02:52'),(680,'5313','GRANADA','ANTIOQUIA','','2011-05-30 14:02:52'),(681,'5315','GUADALUPE','ANTIOQUIA','','2011-05-30 14:02:52'),(682,'5318','GUARNE','ANTIOQUIA','','2011-05-30 14:02:52'),(683,'5321','GUATAPE','ANTIOQUIA','','2011-05-30 14:02:52'),(684,'5347','HELICONIA','ANTIOQUIA','','2011-05-30 14:02:52'),(685,'5353','HISPANIA','ANTIOQUIA','','2011-05-30 14:02:52'),(686,'5360','ITAGUI','ANTIOQUIA','','2011-05-30 14:02:52'),(687,'5361','ITUANGO','ANTIOQUIA','','2011-05-30 14:02:52'),(688,'5364','JARDIN','ANTIOQUIA','','2011-05-30 14:02:53'),(689,'5368','JERICO','ANTIOQUIA','','2011-05-30 14:02:53'),(690,'5376','LA CEJA','ANTIOQUIA','','2011-05-30 14:02:53'),(691,'5380','LA ESTRELLA','ANTIOQUIA','','2011-05-30 14:02:53'),(692,'5390','LA PINTADA','ANTIOQUIA','','2011-05-30 14:02:53'),(693,'5400','LA UNION','ANTIOQUIA','','2011-05-30 14:02:53'),(694,'54001','CUCUTA','N DE SANTANDER','','2011-05-30 14:02:53'),(695,'54003','ABREGO','N DE SANTANDER','','2011-05-30 14:02:53'),(696,'54051','ARBOLEDAS','N DE SANTANDER','','2011-05-30 14:02:53'),(697,'54099','BOCHALEMA','N DE SANTANDER','','2011-05-30 14:02:53'),(698,'54109','BUCARASICA','N DE SANTANDER','','2011-05-30 14:02:53'),(699,'5411','LIBORINA','ANTIOQUIA','','2011-05-30 14:02:53'),(700,'54125','CACOTA','N DE SANTANDER','','2011-05-30 14:02:53'),(701,'54128','CACHIRA','N DE SANTANDER','','2011-05-30 14:02:53'),(702,'54172','CHINACOTA','N DE SANTANDER','','2011-05-30 14:02:53'),(703,'54174','CHITAGA','N DE SANTANDER','','2011-05-30 14:02:53'),(704,'54206','CONVENCION','N DE SANTANDER','','2011-05-30 14:02:53'),(705,'54223','CUCUTILLA','N DE SANTANDER','','2011-05-30 14:02:53'),(706,'54239','DURANIA','N DE SANTANDER','','2011-05-30 14:02:53'),(707,'54245','EL CARMEN','N DE SANTANDER','','2011-05-30 14:02:53'),(708,'5425','MACEO','ANTIOQUIA','','2011-05-30 14:02:53'),(709,'54250','EL TARRA','N DE SANTANDER','','2011-05-30 14:02:53'),(710,'54261','EL ZULIA','N DE SANTANDER','','2011-05-30 14:02:53'),(711,'54313','GRAMALOTE','N DE SANTANDER','','2011-05-30 14:02:53'),(712,'54344','HACARI','N DE SANTANDER','','2011-05-30 14:02:53'),(713,'54347','HERRAN','N DE SANTANDER','','2011-05-30 14:02:53'),(714,'54377','LABATECA','N DE SANTANDER','','2011-05-30 14:02:53'),(715,'54385','LA ESPERANZA','N DE SANTANDER','','2011-05-30 14:02:53'),(716,'54398','LA PLAYA','N DE SANTANDER','','2011-05-30 14:02:53'),(717,'5440','MARINILLA','ANTIOQUIA','','2011-05-30 14:02:53'),(718,'54405','LOS PATIOS','N DE SANTANDER','','2011-05-30 14:02:53'),(719,'54418','LOURDES','N DE SANTANDER','','2011-05-30 14:02:53'),(720,'54480','MUTISCUA','N DE SANTANDER','','2011-05-30 14:02:53'),(721,'54498','OCAÑA','N DE SANTANDER','','2011-05-30 14:02:53'),(722,'54518','PAMPLONA','N DE SANTANDER','','2011-05-30 14:02:53'),(723,'54520','PAMPLONITA','N DE SANTANDER','','2011-05-30 14:02:53'),(724,'54553','PUERTO SANTANDER','N DE SANTANDER','','2011-05-30 14:02:53'),(725,'54599','RAGONVALIA','N DE SANTANDER','','2011-05-30 14:02:53'),(726,'54660','SALAZAR','N DE SANTANDER','','2011-05-30 14:02:53'),(727,'5467','MONTEBELLO','ANTIOQUIA','','2011-05-30 14:02:53'),(728,'54670','SAN CALIXTO','N DE SANTANDER','','2011-05-30 14:02:53'),(729,'54673','SAN CAYETANO','N DE SANTANDER','','2011-05-30 14:02:53'),(730,'54680','SANTIAGO','N DE SANTANDER','','2011-05-30 14:02:53'),(731,'54720','SARDINATA','N DE SANTANDER','','2011-05-30 14:02:53'),(732,'54743','SILOS','N DE SANTANDER','','2011-05-30 14:02:53'),(733,'5475','MURINDO','ANTIOQUIA','','2011-05-30 14:02:53'),(734,'5480','MUTATA','ANTIOQUIA','','2011-05-30 14:02:53'),(735,'54800','TEORAMA','N DE SANTANDER','','2011-05-30 14:02:53'),(736,'54810','TIBU','N DE SANTANDER','','2011-05-30 14:02:53'),(737,'54820','TOLEDO','N DE SANTANDER','','2011-05-30 14:02:53'),(738,'5483','NARIÑO','ANTIOQUIA','','2011-05-30 14:02:53'),(739,'54871','VILLACARO','N DE SANTANDER','','2011-05-30 14:02:53'),(740,'54874','VILLA DEL ROSARIO','N DE SANTANDER','','2011-05-30 14:02:53'),(741,'5490','NECOCLI','ANTIOQUIA','','2011-05-30 14:02:53'),(742,'5495','NECHI','ANTIOQUIA','','2011-05-30 14:02:53'),(743,'5501','OLAYA','ANTIOQUIA','','2011-05-30 14:02:53'),(744,'5541','PEÑOL','ANTIOQUIA','','2011-05-30 14:02:53'),(745,'5543','PEQUE','ANTIOQUIA','','2011-05-30 14:02:53'),(746,'5576','PUEBLORRICO','ANTIOQUIA','','2011-05-30 14:02:53'),(747,'5579','PUERTO BERRIO','ANTIOQUIA','','2011-05-30 14:02:53'),(748,'5585','PUERTO NARE','ANTIOQUIA','','2011-05-30 14:02:53'),(749,'5591','PUERTO TRIUNFO','ANTIOQUIA','','2011-05-30 14:02:53'),(750,'5604','REMEDIOS','ANTIOQUIA','','2011-05-30 14:02:53'),(751,'5607','RETIRO','ANTIOQUIA','','2011-05-30 14:02:53'),(752,'5615','RIONEGRO','ANTIOQUIA','','2011-05-30 14:02:54'),(753,'5628','SABANALARGA','ANTIOQUIA','','2011-05-30 14:02:54'),(754,'5631','SABANETA','ANTIOQUIA','','2011-05-30 14:02:54'),(755,'5642','SALGAR','ANTIOQUIA','','2011-05-30 14:02:54'),(756,'5647','SAN ANDRES','ANTIOQUIA','','2011-05-30 14:02:54'),(757,'5649','SAN CARLOS','ANTIOQUIA','','2011-05-30 14:02:54'),(758,'5652','SAN FRANCISCO','ANTIOQUIA','','2011-05-30 14:02:54'),(759,'5656','SAN JERONIMO','ANTIOQUIA','','2011-05-30 14:02:54'),(760,'5658','SAN JOSE DE LA MONTAÑA','ANTIOQUIA','','2011-05-30 14:02:54'),(761,'5659','SAN JUAN DE URABA','ANTIOQUIA','','2011-05-30 14:02:54'),(762,'5660','SAN LUIS','ANTIOQUIA','','2011-05-30 14:02:54'),(763,'5664','SAN PEDRO','ANTIOQUIA','','2011-05-30 14:02:54'),(764,'5665','SAN PEDRO DE URABA','ANTIOQUIA','','2011-05-30 14:02:54'),(765,'5667','SAN RAFAEL','ANTIOQUIA','','2011-05-30 14:02:54'),(766,'5670','SAN ROQUE','ANTIOQUIA','','2011-05-30 14:02:54'),(767,'5674','SAN VICENTE','ANTIOQUIA','','2011-05-30 14:02:54'),(768,'5679','SANTA BARBARA','ANTIOQUIA','','2011-05-30 14:02:54'),(769,'5686','SANTA ROSA DE OSOS','ANTIOQUIA','','2011-05-30 14:02:54'),(770,'5690','SANTO DOMINGO','ANTIOQUIA','','2011-05-30 14:02:54'),(771,'5697','SANTUARIO','ANTIOQUIA','','2011-05-30 14:02:54'),(772,'5736','SEGOVIA','ANTIOQUIA','','2011-05-30 14:02:54'),(773,'5756','SONSON','ANTIOQUIA','','2011-05-30 14:02:54'),(774,'5761','SOPETRAN','ANTIOQUIA','','2011-05-30 14:02:54'),(775,'5789','TAMESIS','ANTIOQUIA','','2011-05-30 14:02:54'),(776,'5790','TARAZA','ANTIOQUIA','','2011-05-30 14:02:54'),(777,'5792','TARSO','ANTIOQUIA','','2011-05-30 14:02:54'),(778,'5809','TITIRIBI','ANTIOQUIA','','2011-05-30 14:02:54'),(779,'5819','TOLEDO','ANTIOQUIA','','2011-05-30 14:02:54'),(780,'5837','TURBO','ANTIOQUIA','','2011-05-30 14:02:54'),(781,'5842','URAMITA','ANTIOQUIA','','2011-05-30 14:02:54'),(782,'5847','URRAO','ANTIOQUIA','','2011-05-30 14:02:54'),(783,'5854','VALDIVIA','ANTIOQUIA','','2011-05-30 14:02:54'),(784,'5856','VALPARAISO','ANTIOQUIA','','2011-05-30 14:02:54'),(785,'5858','VEGACHI','ANTIOQUIA','','2011-05-30 14:02:54'),(786,'5861','VENECIA','ANTIOQUIA','','2011-05-30 14:02:54'),(787,'5873','VIGIA DEL FUERTE','ANTIOQUIA','','2011-05-30 14:02:54'),(788,'5885','YALI','ANTIOQUIA','','2011-05-30 14:02:54'),(789,'5887','YARUMAL','ANTIOQUIA','','2011-05-30 14:02:54'),(790,'5890','YOLOMBO','ANTIOQUIA','','2011-05-30 14:02:54'),(791,'5893','YONDO','ANTIOQUIA','','2011-05-30 14:02:54'),(792,'5895','ZARAGOZA','ANTIOQUIA','','2011-05-30 14:02:54'),(793,'63001','ARMENIA','QUINDIO','','2011-05-30 14:02:54'),(794,'63111','BUENAVISTA','QUINDIO','','2011-05-30 14:02:54'),(795,'63130','CALARCA','QUINDIO','','2011-05-30 14:02:54'),(796,'63190','CIRCASIA','QUINDIO','','2011-05-30 14:02:54'),(797,'63212','CORDOBA','QUINDIO','','2011-05-30 14:02:54'),(798,'63272','FILANDIA','QUINDIO','','2011-05-30 14:02:54'),(799,'63302','GENOVA','QUINDIO','','2011-05-30 14:02:54'),(800,'63401','LA TEBAIDA','QUINDIO','','2011-05-30 14:02:54'),(801,'63470','MONTENEGRO','QUINDIO','','2011-05-30 14:02:54'),(802,'63548','PIJAO','QUINDIO','','2011-05-30 14:02:54'),(803,'63594','QUIMBAYA','QUINDIO','','2011-05-30 14:02:54'),(804,'63690','SALENTO','QUINDIO','','2011-05-30 14:02:54'),(805,'66001','PEREIRA','RISARALDA','','2011-05-30 14:02:55'),(806,'66045','APIA','RISARALDA','','2011-05-30 14:02:55'),(807,'66075','BALBOA','RISARALDA','','2011-05-30 14:02:55'),(808,'66088','BELEN DE UMBRIA','RISARALDA','','2011-05-30 14:02:55'),(809,'66170','DOS QUEBRADAS','RISARALDA','','2011-05-30 14:02:55'),(810,'66318','GUATICA','RISARALDA','','2011-05-30 14:02:55'),(811,'66383','LA CELIA','RISARALDA','','2011-05-30 14:02:55'),(812,'66400','LA VIRGINIA','RISARALDA','','2011-05-30 14:02:55'),(813,'66440','MARSELLA','RISARALDA','','2011-05-30 14:02:55'),(814,'66456','MISTRATO','RISARALDA','','2011-05-30 14:02:55'),(815,'66572','PUEBLO RICO','RISARALDA','','2011-05-30 14:02:55'),(816,'66594','QUINCHIA','RISARALDA','','2011-05-30 14:02:55'),(817,'66682','SANTA ROSA DE CABAL','RISARALDA','','2011-05-30 14:02:55'),(818,'66687','SANTUARIO','RISARALDA','','2011-05-30 14:02:55'),(819,'68001','BUCARAMANGA','SANTANDER','','2011-05-30 14:02:55'),(820,'68013','AGUADA','SANTANDER','','2011-05-30 14:02:55'),(821,'68020','ALBANIA','SANTANDER','','2011-05-30 14:02:55'),(822,'68051','ARATOCA','SANTANDER','','2011-05-30 14:02:55'),(823,'68077','BARBOSA','SANTANDER','','2011-05-30 14:02:55'),(824,'68079','BARICHARA','SANTANDER','','2011-05-30 14:02:55'),(825,'68081','BARRANCABERMEJA','SANTANDER','','2011-05-30 14:02:55'),(826,'68092','BETULIA','SANTANDER','','2011-05-30 14:02:55'),(827,'68101','BOLIVAR','SANTANDER','','2011-05-30 14:02:55'),(828,'68121','CABRERA','SANTANDER','','2011-05-30 14:02:55'),(829,'68132','CALIFORNIA','SANTANDER','','2011-05-30 14:02:55'),(830,'68147','CAPITANEJO','SANTANDER','','2011-05-30 14:02:55'),(831,'68152','CARCASI','SANTANDER','','2011-05-30 14:02:55'),(832,'68160','CEPITA','SANTANDER','','2011-05-30 14:02:55'),(833,'68162','CERRITO','SANTANDER','','2011-05-30 14:02:55'),(834,'68167','CHARALA','SANTANDER','','2011-05-30 14:02:55'),(835,'68169','CHARTA','SANTANDER','','2011-05-30 14:02:55'),(836,'68176','CHIMA','SANTANDER','','2011-05-30 14:02:55'),(837,'68179','CHIPATA','SANTANDER','','2011-05-30 14:02:55'),(838,'68190','CIMITARRA','SANTANDER','','2011-05-30 14:02:55'),(839,'68207','CONCEPCION','SANTANDER','','2011-05-30 14:02:55'),(840,'68209','CONFINES','SANTANDER','','2011-05-30 14:02:55'),(841,'68211','CONTRATACION','SANTANDER','','2011-05-30 14:02:55'),(842,'68217','COROMORO','SANTANDER','','2011-05-30 14:02:55'),(843,'68229','CURITI','SANTANDER','','2011-05-30 14:02:55'),(844,'68235','EL CARMEN','SANTANDER','','2011-05-30 14:02:55'),(845,'68245','EL GUACAMAYO','SANTANDER','','2011-05-30 14:02:55'),(846,'68250','EL PEÑON','SANTANDER','','2011-05-30 14:02:55'),(847,'68255','EL PLAYON','SANTANDER','','2011-05-30 14:02:55'),(848,'68264','ENCINO','SANTANDER','','2011-05-30 14:02:55'),(849,'68266','ENCISO','SANTANDER','','2011-05-30 14:02:55'),(850,'68271','FLORIAN','SANTANDER','','2011-05-30 14:02:55'),(851,'68276','FLORIDABLANCA','SANTANDER','','2011-05-30 14:02:55'),(852,'68296','GALAN','SANTANDER','','2011-05-30 14:02:56'),(853,'68298','GAMBITA','SANTANDER','','2011-05-30 14:02:56'),(854,'68307','GIRON','SANTANDER','','2011-05-30 14:02:56'),(855,'68318','GUACA','SANTANDER','','2011-05-30 14:02:56'),(856,'68320','GUADALUPE','SANTANDER','','2011-05-30 14:02:56'),(857,'68322','GUAPOTA','SANTANDER','','2011-05-30 14:02:56'),(858,'68324','GUAVATA','SANTANDER','','2011-05-30 14:02:56'),(859,'68327','GUEPSA','SANTANDER','','2011-05-30 14:02:56'),(860,'68344','HATO','SANTANDER','','2011-05-30 14:02:56'),(861,'68368','JESUS MARIA','SANTANDER','','2011-05-30 14:02:56'),(862,'68370','JORDAN','SANTANDER','','2011-05-30 14:02:56'),(863,'68377','LA BELLEZA','SANTANDER','','2011-05-30 14:02:56'),(864,'68385','LANDAZURI','SANTANDER','','2011-05-30 14:02:56'),(865,'68397','LA PAZ','SANTANDER','','2011-05-30 14:02:56'),(866,'68406','LEBRIJA','SANTANDER','','2011-05-30 14:02:56'),(867,'68418','LOS SANTOS','SANTANDER','','2011-05-30 14:02:56'),(868,'68425','MACARAVITA','SANTANDER','','2011-05-30 14:02:56'),(869,'68432','MALAGA','SANTANDER','','2011-05-30 14:02:56'),(870,'68444','MATANZA','SANTANDER','','2011-05-30 14:02:56'),(871,'68464','MOGOTES','SANTANDER','','2011-05-30 14:02:56'),(872,'68468','MOLAGAVITA','SANTANDER','','2011-05-30 14:02:56'),(873,'68498','OCAMONTE','SANTANDER','','2011-05-30 14:02:56'),(874,'68500','OIBA','SANTANDER','','2011-05-30 14:02:56'),(875,'68502','ONZAGA','SANTANDER','','2011-05-30 14:02:56'),(876,'68522','PALMAR','SANTANDER','','2011-05-30 14:02:56'),(877,'68524','PALMAS DEL SOCORRO','SANTANDER','','2011-05-30 14:02:56'),(878,'68533','PARAMO','SANTANDER','','2011-05-30 14:02:56'),(879,'68547','PIEDECUESTA','SANTANDER','','2011-05-30 14:02:56'),(880,'68549','PINCHOTE','SANTANDER','','2011-05-30 14:02:56'),(881,'68572','PUENTE NACIONAL','SANTANDER','','2011-05-30 14:02:56'),(882,'68573','PUERTO PARRA','SANTANDER','','2011-05-30 14:02:56'),(883,'68575','PUERTO WILCHES','SANTANDER','','2011-05-30 14:02:56'),(884,'68615','RIONEGRO','SANTANDER','','2011-05-30 14:02:56'),(885,'68655','SABANA DE TORRES','SANTANDER','','2011-05-30 14:02:56'),(886,'68669','SAN ANDRES','SANTANDER','','2011-05-30 14:02:56'),(887,'68673','SAN BENITO','SANTANDER','','2011-05-30 14:02:56'),(888,'68679','SAN GIL','SANTANDER','','2011-05-30 14:02:56'),(889,'68682','SAN JOAQUIN','SANTANDER','','2011-05-30 14:02:56'),(890,'68684','SAN JOSE DE MIRANDA','SANTANDER','','2011-05-30 14:02:56'),(891,'68686','SAN MIGUEL','SANTANDER','','2011-05-30 14:02:56'),(892,'68689','SAN VICENTE DE CHUCURI','SANTANDER','','2011-05-30 14:02:56'),(893,'68705','SANTA BARBARA','SANTANDER','','2011-05-30 14:02:56'),(894,'68720','SANTA HELENA','SANTANDER','','2011-05-30 14:02:56'),(895,'68745','SIMACOTA','SANTANDER','','2011-05-30 14:02:56'),(896,'68755','SOCORRO','SANTANDER','','2011-05-30 14:02:56'),(897,'68770','SUAITA','SANTANDER','','2011-05-30 14:02:56'),(898,'68773','SUCRE','SANTANDER','','2011-05-30 14:02:57'),(899,'68780','SURATA','SANTANDER','','2011-05-30 14:02:57'),(900,'68820','TONA','SANTANDER','','2011-05-30 14:02:57'),(901,'68855','VALLE SAN JOSE','SANTANDER','','2011-05-30 14:02:57'),(902,'68861','VELEZ','SANTANDER','','2011-05-30 14:02:57'),(903,'68867','VETAS','SANTANDER','','2011-05-30 14:02:57'),(904,'68872','VILLANUEVA','SANTANDER','','2011-05-30 14:02:57'),(905,'68895','ZAPATOCA','SANTANDER','','2011-05-30 14:02:57'),(906,'70001','SINCELEJO','SUCRE','','2011-05-30 14:02:57'),(907,'70110','BUENAVISTA','SUCRE','','2011-05-30 14:02:57'),(908,'70124','CAIMITO','SUCRE','','2011-05-30 14:02:57'),(909,'70204','COLOSO','SUCRE','','2011-05-30 14:02:57'),(910,'70215','COROZAL','SUCRE','','2011-05-30 14:02:57'),(911,'70221','COVEÑAS','SUCRE','','2011-05-30 14:02:57'),(912,'70230','CHALAN','SUCRE','','2011-05-30 14:02:57'),(913,'70233','EL ROBLE','SUCRE','','2011-05-30 14:02:57'),(914,'70235','GALERAS','SUCRE','','2011-05-30 14:02:57'),(915,'70265','GUARANDA','SUCRE','','2011-05-30 14:02:57'),(916,'70400','LA UNION','SUCRE','','2011-05-30 14:02:57'),(917,'70418','LOS PALMITOS','SUCRE','','2011-05-30 14:02:57'),(918,'70429','MAJAGUAL','SUCRE','','2011-05-30 14:02:57'),(919,'70473','MORROA','SUCRE','','2011-05-30 14:02:57'),(920,'70508','OVEJAS','SUCRE','','2011-05-30 14:02:57'),(921,'70523','PALMITO','SUCRE','','2011-05-30 14:02:57'),(922,'70670','SAMPUES','SUCRE','','2011-05-30 14:02:57'),(923,'70678','SAN BENITO ABAD','SUCRE','','2011-05-30 14:02:57'),(924,'70702','SAN JUAN DE BETULIA','SUCRE','','2011-05-30 14:02:57'),(925,'70708','SAN MARCOS','SUCRE','','2011-05-30 14:02:57'),(926,'70713','SAN ONOFRE','SUCRE','','2011-05-30 14:02:57'),(927,'70717','SAN PEDRO','SUCRE','','2011-05-30 14:02:57'),(928,'70742','SINCE','SUCRE','','2011-05-30 14:02:57'),(929,'70771','SUCRE','SUCRE','','2011-05-30 14:02:57'),(930,'70820','TOLU','SUCRE','','2011-05-30 14:02:57'),(931,'70823','TOLUVIEJO','SUCRE','','2011-05-30 14:02:57'),(932,'73001','IBAGUE','TOLIMA','','2011-05-30 14:02:57'),(933,'73024','ALPUJARRA','TOLIMA','','2011-05-30 14:02:57'),(934,'73026','ALVARADO','TOLIMA','','2011-05-30 14:02:57'),(935,'73030','AMBALEMA','TOLIMA','','2011-05-30 14:02:57'),(936,'73043','ANZOATEGUI','TOLIMA','','2011-05-30 14:02:57'),(937,'73055','ARMERO (GUAYABAL)','TOLIMA','','2011-05-30 14:02:57'),(938,'73067','ATACO','TOLIMA','','2011-05-30 14:02:57'),(939,'73124','CAJAMARCA','TOLIMA','','2011-05-30 14:02:57'),(940,'73148','CARMEN APICALA','TOLIMA','','2011-05-30 14:02:57'),(941,'73152','CASABIANCA','TOLIMA','','2011-05-30 14:02:57'),(942,'73168','CHAPARRAL','TOLIMA','','2011-05-30 14:02:58'),(943,'73200','COELLO','TOLIMA','','2011-05-30 14:02:58'),(944,'73217','COYAIMA','TOLIMA','','2011-05-30 14:02:58'),(945,'73226','CUNDAY','TOLIMA','','2011-05-30 14:02:58'),(946,'73236','DOLORES','TOLIMA','','2011-05-30 14:02:58'),(947,'73268','ESPINAL','TOLIMA','','2011-05-30 14:02:58'),(948,'73270','FALAN','TOLIMA','','2011-05-30 14:02:58'),(949,'73275','FLANDES','TOLIMA','','2011-05-30 14:02:58'),(950,'73283','FRESNO','TOLIMA','','2011-05-30 14:02:58'),(951,'73319','GUAMO','TOLIMA','','2011-05-30 14:02:58'),(952,'73347','HERVEO','TOLIMA','','2011-05-30 14:02:58'),(953,'73349','HONDA','TOLIMA','','2011-05-30 14:02:58'),(954,'73352','ICONONZO','TOLIMA','','2011-05-30 14:02:58'),(955,'73408','LERIDA','TOLIMA','','2011-05-30 14:02:58'),(956,'73411','LIBANO','TOLIMA','','2011-05-30 14:02:58'),(957,'73443','MARIQUITA','TOLIMA','','2011-05-30 14:02:58'),(958,'73449','MELGAR','TOLIMA','','2011-05-30 14:02:58'),(959,'73461','MURILLO','TOLIMA','','2011-05-30 14:02:58'),(960,'73483','NATAGAIMA','TOLIMA','','2011-05-30 14:02:58'),(961,'73504','ORTEGA','TOLIMA','','2011-05-30 14:02:58'),(962,'73520','PALOCABILDO','TOLIMA','','2011-05-30 14:02:58'),(963,'73547','PIEDRAS','TOLIMA','','2011-05-30 14:02:58'),(964,'73555','PLANADAS','TOLIMA','','2011-05-30 14:02:58'),(965,'73563','PRADO','TOLIMA','','2011-05-30 14:02:58'),(966,'73585','PURIFICACION','TOLIMA','','2011-05-30 14:02:58'),(967,'73616','RIOBLANCO','TOLIMA','','2011-05-30 14:02:58'),(968,'73622','RONCESVALLES','TOLIMA','','2011-05-30 14:02:58'),(969,'73624','ROVIRA','TOLIMA','','2011-05-30 14:02:58'),(970,'73671','SALDAÑA','TOLIMA','','2011-05-30 14:02:58'),(971,'73675','SAN ANTONIO','TOLIMA','','2011-05-30 14:02:58'),(972,'73678','SAN LUIS','TOLIMA','','2011-05-30 14:02:58'),(973,'73686','SANTA ISABEL','TOLIMA','','2011-05-30 14:02:58'),(974,'73770','SUAREZ','TOLIMA','','2011-05-30 14:02:58'),(975,'73854','VALLE DE S JUAN','TOLIMA','','2011-05-30 14:02:58'),(976,'73861','VENADILLO','TOLIMA','','2011-05-30 14:02:58'),(977,'73870','VILLAHERMOSA','TOLIMA','','2011-05-30 14:02:58'),(978,'73873','VILLARRICA','TOLIMA','','2011-05-30 14:02:58'),(979,'76001','CALI','VALLE DEL CAUCA','','2011-05-30 14:02:58'),(980,'76020','ALCALA','VALLE DEL CAUCA','','2011-05-30 14:02:58'),(981,'76036','ANDALUCIA','VALLE DEL CAUCA','','2011-05-30 14:02:58'),(982,'76041','ANSERMANUEVO','VALLE DEL CAUCA','','2011-05-30 14:02:58'),(983,'76054','ARGELIA','VALLE DEL CAUCA','','2011-05-30 14:02:58'),(984,'76100','BOLIVAR','VALLE DEL CAUCA','','2011-05-30 14:02:58'),(985,'76109','BUENAVENTURA','VALLE DEL CAUCA','','2011-05-30 14:02:58'),(986,'76111','BUGA','VALLE DEL CAUCA','','2011-05-30 14:02:59'),(987,'76113','BUGALAGRANDE','VALLE DEL CAUCA','','2011-05-30 14:02:59'),(988,'76122','CAICEDONIA','VALLE DEL CAUCA','','2011-05-30 14:02:59'),(989,'76126','CALIMA','VALLE DEL CAUCA','','2011-05-30 14:02:59'),(990,'76130','CANDELARIA','VALLE DEL CAUCA','','2011-05-30 14:02:59'),(991,'76147','CARTAGO','VALLE DEL CAUCA','','2011-05-30 14:02:59'),(992,'76233','DAGUA','VALLE DEL CAUCA','','2011-05-30 14:02:59'),(993,'76243','EL AGUILA','VALLE DEL CAUCA','','2011-05-30 14:02:59'),(994,'76246','EL CAIRO','VALLE DEL CAUCA','','2011-05-30 14:02:59'),(995,'76248','EL CERRITO','VALLE DEL CAUCA','','2011-05-30 14:02:59'),(996,'76250','EL DOVIO','VALLE DEL CAUCA','','2011-05-30 14:02:59'),(997,'76275','FLORIDA','VALLE DEL CAUCA','','2011-05-30 14:02:59'),(998,'76306','GINEBRA','VALLE DEL CAUCA','','2011-05-30 14:02:59'),(999,'76318','GUACARI','VALLE DEL CAUCA','','2011-05-30 14:02:59'),(1000,'76364','JAMUNDI','VALLE DEL CAUCA','','2011-05-30 14:02:59'),(1001,'76377','LA CUMBRE','VALLE DEL CAUCA','','2011-05-30 14:02:59'),(1002,'76400','LA UNION','VALLE DEL CAUCA','','2011-05-30 14:02:59'),(1003,'76403','LA VICTORIA','VALLE DEL CAUCA','','2011-05-30 14:02:59'),(1004,'76497','OBANDO','VALLE DEL CAUCA','','2011-05-30 14:02:59'),(1005,'76520','PALMIRA','VALLE DEL CAUCA','','2011-05-30 14:02:59'),(1006,'76563','PRADERA','VALLE DEL CAUCA','','2011-05-30 14:02:59'),(1007,'76606','RESTREPO','VALLE DEL CAUCA','','2011-05-30 14:02:59'),(1008,'76616','RIOFRIO','VALLE DEL CAUCA','','2011-05-30 14:02:59'),(1009,'76622','ROLDANILLO','VALLE DEL CAUCA','','2011-05-30 14:02:59'),(1010,'76670','SAN PEDRO','VALLE DEL CAUCA','','2011-05-30 14:02:59'),(1011,'76736','SEVILLA','VALLE DEL CAUCA','','2011-05-30 14:02:59'),(1012,'76823','TORO','VALLE DEL CAUCA','','2011-05-30 14:02:59'),(1013,'76828','TRUJILLO','VALLE DEL CAUCA','','2011-05-30 14:02:59'),(1014,'76834','TULUA','VALLE DEL CAUCA','','2011-05-30 14:02:59'),(1015,'76845','ULLOA','VALLE DEL CAUCA','','2011-05-30 14:02:59'),(1016,'76863','VERSALLES','VALLE DEL CAUCA','','2011-05-30 14:02:59'),(1017,'76869','VIJES','VALLE DEL CAUCA','','2011-05-30 14:02:59'),(1018,'76890','YOTOCO','VALLE DEL CAUCA','','2011-05-30 14:02:59'),(1019,'76892','YUMBO','VALLE DEL CAUCA','','2011-05-30 14:02:59'),(1020,'76895','ZARZAL','VALLE DEL CAUCA','','2011-05-30 14:02:59'),(1021,'8001','BARRANQUILLA','ATLANTICO','','2011-05-30 14:02:59'),(1022,'8078','BARANOA','ATLANTICO','','2011-05-30 14:02:59'),(1023,'81001','ARAUCA','ARAUCA','','2011-05-30 14:02:59'),(1024,'81065','ARAUQUITA','ARAUCA','','2011-05-30 14:02:59'),(1025,'81220','CRAVO NORTE','ARAUCA','','2011-05-30 14:02:59'),(1026,'81300','FORTUL','ARAUCA','','2011-05-30 14:02:59'),(1027,'8137','CAMPO DE LA CRUZ','ATLANTICO','','2011-05-30 14:02:59'),(1028,'8141','CANDELARIA','ATLANTICO','','2011-05-30 14:02:59'),(1029,'81591','PUERTO RONDON','ARAUCA','','2011-05-30 14:02:59'),(1030,'81736','SARAVENA','ARAUCA','','2011-05-30 14:03:00'),(1031,'81794','TAME','ARAUCA','','2011-05-30 14:03:00'),(1032,'8296','GALAPA','ATLANTICO','','2011-05-30 14:03:00'),(1033,'8372','JUAN DE ACOSTA','ATLANTICO','','2011-05-30 14:03:00'),(1034,'8421','LURUACO','ATLANTICO','','2011-05-30 14:03:00'),(1035,'8433','MALAMBO','ATLANTICO','','2011-05-30 14:03:00'),(1036,'8436','MANATI','ATLANTICO','','2011-05-30 14:03:00'),(1037,'85001','YOPAL','CASANARE','','2011-05-30 14:03:00'),(1038,'85010','AGUAZUL','CASANARE','','2011-05-30 14:03:00'),(1040,'85125','HATO COROZAL','CASANARE','','2011-05-30 14:03:00'),(1041,'85136','LA SALINA','CASANARE','','2011-05-30 14:03:00'),(1042,'85139','MANI','CASANARE','','2011-05-30 14:03:00'),(1043,'85162','MONTERREY','CASANARE','','2011-05-30 14:03:00'),(1044,'8520','PALMAR DE VARELA','ATLANTICO','','2011-05-30 14:03:00'),(1045,'85225','NUNCHIA','CASANARE','','2011-05-30 14:03:00'),(1046,'85230','OROCUE','CASANARE','','2011-05-30 14:03:00'),(1047,'85250','PAZ DE ARIPORO','CASANARE','','2011-05-30 14:03:00'),(1048,'85263','PORE','CASANARE','','2011-05-30 14:03:00'),(1049,'85279','RECETOR','CASANARE','','2011-05-30 14:03:00'),(1050,'85300','SABANALARGA','CASANARE','','2011-05-30 14:03:00'),(1051,'85315','SACAMA','CASANARE','','2011-05-30 14:03:00'),(1052,'85325','SAN LUIS DE PALENQUE','CASANARE','','2011-05-30 14:03:00'),(1053,'85400','TAMARA','CASANARE','','2011-05-30 14:03:00'),(1054,'85410','TAURAMENA','CASANARE','','2011-05-30 14:03:00'),(1055,'85430','TRINIDAD','CASANARE','','2011-05-30 14:03:00'),(1056,'85440','VILLANUEVA','CASANARE','','2011-05-30 14:03:00'),(1057,'8549','PIOJO','ATLANTICO','','2011-05-30 14:03:00'),(1058,'8558','POLO NUEVO','ATLANTICO','','2011-05-30 14:03:00'),(1059,'8560','PONEDERA','ATLANTICO','','2011-05-30 14:03:00'),(1060,'8573','PUERTO COLOMBIA','ATLANTICO','','2011-05-30 14:03:00'),(1061,'86001','MOCOA','PUTUMAYO','','2011-05-30 14:03:00'),(1062,'8606','REPELON','ATLANTICO','','2011-05-30 14:03:00'),(1063,'86219','COLON','PUTUMAYO','','2011-05-30 14:03:00'),(1064,'86320','ORITO','PUTUMAYO','','2011-05-30 14:03:00'),(1065,'8634','SABANAGRANDE','ATLANTICO','','2011-05-30 14:03:00'),(1066,'8638','SABANALARGA','ATLANTICO','','2011-05-30 14:03:00'),(1067,'86568','PUERTO ASIS','PUTUMAYO','','2011-05-30 14:03:00'),(1068,'86569','PUERTO CAYCEDO','PUTUMAYO','','2011-05-30 14:03:00'),(1069,'86571','PUERTO GUZMAN','PUTUMAYO','','2011-05-30 14:03:00'),(1070,'86573','PUERTO LEGUIZAMO','PUTUMAYO','','2011-05-30 14:03:00'),(1071,'86749','SIBUNDOY','PUTUMAYO','','2011-05-30 14:03:00'),(1072,'8675','SANTA LUCIA','ATLANTICO','','2011-05-30 14:03:00'),(1073,'86755','SAN FRANCISCO','PUTUMAYO','','2011-05-30 14:03:00'),(1074,'86757','SAN MIGUEL','PUTUMAYO','','2011-05-30 14:03:00'),(1075,'86760','SANTIAGO','PUTUMAYO','','2011-05-30 14:03:00'),(1076,'8685','SANTO TOMAS','ATLANTICO','','2011-05-30 14:03:00'),(1077,'86865','VALLE DEL GUAMUEZ','PUTUMAYO','','2011-05-30 14:03:00'),(1078,'86885','VILLAGARZON','PUTUMAYO','','2011-05-30 14:03:00'),(1079,'8758','SOLEDAD','ATLANTICO','','2011-05-30 14:03:00'),(1080,'8770','SUAN','ATLANTICO','','2011-05-30 14:03:01'),(1081,'88001','SAN ANDRES','SAN ANDRES','','2011-05-30 14:03:01'),(1082,'8832','TUBARA','ATLANTICO','','2011-05-30 14:03:01'),(1083,'8849','USIACURI','ATLANTICO','','2011-05-30 14:03:01'),(1084,'88564','PROVIDENCIA','SAN ANDRES','','2011-05-30 14:03:01'),(1085,'91001','LETICIA','AMAZONAS','','2011-05-30 14:03:01'),(1086,'91540','PUERTO NARIÑO','AMAZONAS','','2011-05-30 14:03:01'),(1087,'94001','PUERTO INIRIDA','GUAINIA','','2011-05-30 14:03:01'),(1088,'95001','SAN JOSE DEL GUAVIARE','GUAVIARE','','2011-05-30 14:03:01'),(1089,'95015','CALAMAR','GUAVIARE','','2011-05-30 14:03:01'),(1090,'95025','EL RETORNO','GUAVIARE','','2011-05-30 14:03:01'),(1091,'95200','MIRAFLORES','GUAVIARE','','2011-05-30 14:03:01'),(1092,'97001','MITU','VAUPES','','2011-05-30 14:03:01'),(1093,'97161','CARURU','VAUPES','','2011-05-30 14:03:01'),(1094,'97666','TARAIRA','VAUPES','','2011-05-30 14:03:01'),(1095,'99001','PUERTO CARREÑO','VICHADA','','2011-05-30 14:03:01'),(1096,'99524','LA PRIMAVERA','VICHADA','','2011-05-30 14:03:01'),(1097,'99624','SANTA ROSALIA','VICHADA','','2011-05-30 14:03:01'),(1098,'99773','CUMARIBO','VICHADA','','2011-05-30 14:03:01');
/*!40000 ALTER TABLE `ciudades` ENABLE KEYS */;
UNLOCK TABLES;

--
-- Table structure for table `clasificater`
--

DROP TABLE IF EXISTS `clasificater`;
CREATE TABLE `clasificater` (
  `clasificaterid` int(11) NOT NULL auto_increment,
  `codigo` varchar(5) NOT NULL,
  `descripcion` varchar(25) NOT NULL,
  `creador` varchar(20) NOT NULL,
  `momento` timestamp NOT NULL default CURRENT_TIMESTAMP,
  PRIMARY KEY  (`clasificaterid`),
  KEY `codigo` (`codigo`)
) ENGINE=InnoDB AUTO_INCREMENT=4 DEFAULT CHARSET=utf8 COMMENT='Clasificacion de Terceros';

--
-- Dumping data for table `clasificater`
--

LOCK TABLES `clasificater` WRITE;
/*!40000 ALTER TABLE `clasificater` DISABLE KEYS */;
INSERT INTO `clasificater` VALUES (1,'CLAPR','CLASIFICACION PREDETERMIN','ADMINISTRADOR','2011-06-04 20:42:48');
/*!40000 ALTER TABLE `clasificater` ENABLE KEYS */;
UNLOCK TABLES;

--
-- Table structure for table `comboproductos`
--

DROP TABLE IF EXISTS `comboproductos`;
CREATE TABLE `comboproductos` (
  `comboprodid` bigint(20) NOT NULL auto_increment,
  `productoid` bigint(20) NOT NULL,
  `materiapid` bigint(20) NOT NULL,
  `cantidad` decimal(10,0) NOT NULL,
  `creador` varchar(25) NOT NULL,
  `momento` timestamp NOT NULL default CURRENT_TIMESTAMP on update CURRENT_TIMESTAMP,
  PRIMARY KEY  (`comboprodid`),
  KEY `productoid` (`productoid`,`materiapid`),
  CONSTRAINT `comboproductos_ibfk_1` FOREIGN KEY (`productoid`) REFERENCES `productos` (`itemid`) ON DELETE CASCADE ON UPDATE CASCADE
) ENGINE=InnoDB AUTO_INCREMENT=138 DEFAULT CHARSET=utf8 COMMENT='Combos de Productos';

--
-- Dumping data for table `comboproductos`
--

LOCK TABLES `comboproductos` WRITE;
/*!40000 ALTER TABLE `comboproductos` DISABLE KEYS */;
INSERT INTO `comboproductos` VALUES (1,3,2,'80','ADMINISTRADOR','2012-01-04 19:18:44'),(7,3,4,'80','administrador','2012-01-04 19:18:44'),(8,3,6,'80','administrador','2012-01-04 19:18:44'),(9,3,7,'80','administrador','2012-01-04 19:18:44'),(10,18,6,'80','administrador','2012-01-04 19:18:44'),(11,18,8,'80','administrador','2012-01-04 19:18:44'),(12,18,7,'80','administrador','2012-01-04 19:18:44'),(13,18,9,'80','administrador','2012-01-04 19:18:44'),(14,18,14,'80','administrador','2012-01-04 19:18:44'),(15,19,7,'100','administrador','2011-12-28 22:12:57'),(16,19,6,'100','administrador','2011-12-28 22:13:07'),(17,19,8,'100','administrador','2011-12-28 22:13:12'),(18,19,9,'100','administrador','2011-12-28 22:13:18'),(19,19,14,'100','administrador','2011-12-28 22:13:38'),(20,20,7,'150','administrador','2011-12-28 22:19:14'),(21,20,6,'150','administrador','2011-12-28 22:19:20'),(22,20,8,'150','administrador','2011-12-28 22:19:34'),(23,20,9,'150','administrador','2011-12-28 22:19:40'),(24,20,14,'150','administrador','2011-12-28 22:19:55'),(25,21,6,'200','administrador','2011-12-28 22:21:08'),(26,21,7,'200','administrador','2011-12-28 22:21:13'),(27,21,8,'200','administrador','2011-12-28 22:21:22'),(28,21,9,'200','administrador','2011-12-28 22:21:31'),(29,21,14,'200','administrador','2011-12-28 22:21:37'),(30,22,7,'80','administrador','2012-01-04 19:18:44'),(31,22,12,'80','administrador','2012-01-04 19:18:44'),(32,23,7,'100','administrador','2011-12-28 22:23:53'),(33,23,12,'100','administrador','2011-12-28 22:23:58'),(34,24,7,'150','administrador','2011-12-28 22:25:08'),(35,24,12,'150','administrador','2011-12-28 22:25:14'),(36,26,7,'80','administrador','2012-01-04 19:18:44'),(37,26,9,'80','administrador','2012-01-04 19:18:44'),(38,26,12,'80','administrador','2012-01-04 19:18:44'),(39,27,7,'100','administrador','2012-01-04 19:19:04'),(40,27,9,'100','administrador','2012-01-04 19:19:04'),(41,27,12,'100','administrador','2012-01-04 19:19:04'),(42,28,7,'150','administrador','2011-12-28 22:32:38'),(43,28,9,'150','administrador','2012-01-04 19:19:04'),(44,28,12,'150','administrador','2011-12-28 22:32:51'),(45,29,7,'200','administrador','2011-12-28 22:33:32'),(46,29,9,'200','administrador','2012-01-04 19:19:04'),(47,29,12,'200','administrador','2011-12-28 22:33:44'),(48,30,7,'80','administrador','2012-01-04 19:18:44'),(49,30,6,'80','administrador','2012-01-04 19:18:44'),(50,30,11,'80','administrador','2012-01-04 19:18:44'),(51,30,13,'80','administrador','2012-01-04 19:18:44'),(52,31,7,'100','administrador','2011-12-28 22:40:50'),(53,31,6,'100','administrador','2011-12-28 22:40:55'),(54,31,11,'100','administrador','2011-12-28 22:41:05'),(55,31,13,'100','administrador','2011-12-28 22:41:10'),(56,33,7,'150','administrador','2011-12-28 22:41:23'),(57,33,6,'150','administrador','2011-12-28 22:41:28'),(58,33,11,'150','administrador','2011-12-28 22:41:34'),(59,33,13,'150','administrador','2011-12-28 22:41:38'),(60,34,7,'200','administrador','2011-12-28 22:41:55'),(61,34,6,'200','administrador','2011-12-28 22:42:01'),(62,34,11,'200','administrador','2011-12-28 22:42:06'),(63,34,13,'200','administrador','2011-12-28 22:42:12'),(64,38,14,'200','administrador','2012-01-04 19:19:04'),(65,37,14,'150','administrador','2012-01-04 19:19:04'),(66,36,14,'100','administrador','2012-01-04 19:19:04'),(67,35,14,'80','administrador','2012-01-04 19:18:44'),(68,42,6,'200','administrador','2012-01-04 19:19:04'),(69,42,7,'200','administrador','2012-01-04 19:19:04'),(70,42,9,'200','administrador','2012-01-04 19:19:04'),(71,41,6,'150','administrador','2012-01-04 19:19:04'),(72,41,7,'150','administrador','2012-01-04 19:19:04'),(73,41,9,'150','administrador','2012-01-04 19:19:04'),(74,40,6,'100','administrador','2012-01-04 19:19:04'),(75,40,7,'100','administrador','2012-01-04 19:19:04'),(76,40,9,'100','administrador','2012-01-04 19:19:04'),(77,39,6,'80','administrador','2012-01-04 19:18:44'),(78,39,7,'80','administrador','2012-01-04 19:18:44'),(79,39,9,'80','administrador','2012-01-04 19:18:44'),(80,47,7,'200','administrador','2012-01-04 19:19:04'),(81,47,6,'200','administrador','2012-01-04 19:19:04'),(82,47,8,'200','administrador','2012-01-04 19:19:04'),(83,47,9,'200','administrador','2012-01-04 19:19:04'),(84,45,7,'150','administrador','2012-01-04 19:19:04'),(85,45,6,'150','administrador','2012-01-04 19:19:04'),(86,45,8,'150','administrador','2012-01-04 19:19:04'),(87,45,9,'150','administrador','2012-01-04 19:19:04'),(88,44,7,'100','administrador','2012-01-04 19:19:04'),(89,44,6,'100','administrador','2012-01-04 19:19:04'),(90,44,8,'100','administrador','2012-01-04 19:19:04'),(91,44,9,'100','administrador','2012-01-04 19:19:04'),(92,43,7,'80','administrador','2012-01-04 19:18:44'),(93,43,6,'80','administrador','2012-01-04 19:18:44'),(94,43,8,'80','administrador','2012-01-04 19:18:44'),(95,43,9,'80','administrador','2012-01-04 19:18:44'),(96,48,10,'80','administrador','2012-01-04 19:18:44'),(97,49,10,'100','administrador','2012-01-04 19:11:53'),(98,50,10,'150','administrador','2012-01-04 19:13:20'),(99,51,10,'200','administrador','2012-01-04 19:13:31'),(100,52,14,'80','administrador','2012-01-04 19:18:44'),(101,52,15,'80','administrador','2012-01-04 19:18:44'),(102,53,14,'100','administrador','2012-01-04 19:16:22'),(103,53,15,'100','administrador','2012-01-04 19:16:26'),(104,54,14,'150','administrador','2012-01-04 19:16:34'),(105,54,15,'150','administrador','2012-01-04 19:16:39'),(106,55,14,'200','administrador','2012-01-04 19:16:48'),(107,55,15,'200','administrador','2012-01-04 19:16:52'),(108,56,8,'80','administrador','2012-01-04 19:25:24'),(109,56,17,'15','administrador','2012-01-04 19:25:27'),(110,57,8,'100','administrador','2012-01-04 19:25:42'),(111,57,17,'25','administrador','2012-01-04 19:25:46'),(112,58,8,'150','administrador','2012-01-04 19:25:59'),(113,58,17,'50','administrador','2012-01-04 19:26:01'),(114,59,8,'200','administrador','2012-01-04 19:26:16'),(115,59,17,'100','administrador','2012-01-04 19:26:22'),(116,62,6,'80','administrador','2012-01-04 19:30:53'),(117,62,7,'80','administrador','2012-01-04 19:30:59'),(118,60,6,'100','administrador','2012-01-04 19:31:08'),(119,60,7,'100','administrador','2012-01-04 19:31:12'),(120,63,6,'150','administrador','2012-01-04 19:31:20'),(121,63,7,'150','administrador','2012-01-04 19:31:24'),(122,64,6,'200','administrador','2012-01-04 19:31:41'),(123,64,7,'200','administrador','2012-01-04 19:31:45'),(124,71,81,'1','administrador','2012-01-04 20:45:04'),(125,71,82,'60','administrador','2012-01-04 20:45:32'),(126,65,81,'16','administrador','2012-01-04 20:47:54'),(127,65,82,'750','administrador','2012-01-04 20:48:17'),(128,66,81,'8','administrador','2012-01-04 20:49:28'),(129,66,82,'500','administrador','2012-01-04 20:49:41'),(130,67,81,'16','administrador','2012-01-04 20:50:25'),(131,67,82,'600','administrador','2012-01-04 20:50:57'),(132,68,81,'6','administrador','2012-01-04 20:51:21'),(133,68,82,'380','administrador','2012-01-04 20:51:53'),(134,69,81,'4','administrador','2012-01-04 20:53:03'),(135,69,82,'250','administrador','2012-01-04 20:53:14'),(136,70,81,'2','administrador','2012-01-04 20:53:35'),(137,70,81,'150','administrador','2012-01-04 20:53:56');
/*!40000 ALTER TABLE `comboproductos` ENABLE KEYS */;
UNLOCK TABLES;

--
-- Table structure for table `conceptomed`
--

DROP TABLE IF EXISTS `conceptomed`;
CREATE TABLE `conceptomed` (
  `conceptomedid` int(11) NOT NULL auto_increment,
  `codigo` varchar(5) NOT NULL,
  `descripcion` varchar(255) NOT NULL,
  `creador` varchar(20) NOT NULL,
  `momento` timestamp NOT NULL default CURRENT_TIMESTAMP,
  PRIMARY KEY  (`conceptomedid`),
  KEY `codigo` (`codigo`)
) ENGINE=InnoDB AUTO_INCREMENT=3 DEFAULT CHARSET=utf8 COMMENT='Conceptos Medicos';

--
-- Dumping data for table `conceptomed`
--

LOCK TABLES `conceptomed` WRITE;
/*!40000 ALTER TABLE `conceptomed` DISABLE KEYS */;
INSERT INTO `conceptomed` VALUES (2,'01','APTO','','2012-01-22 23:04:57');
/*!40000 ALTER TABLE `conceptomed` ENABLE KEYS */;
UNLOCK TABLES;

--
-- Table structure for table `conceptos`
--

DROP TABLE IF EXISTS `conceptos`;
CREATE TABLE `conceptos` (
  `itemid` bigint(20) NOT NULL,
  PRIMARY KEY  (`itemid`)
) ENGINE=InnoDB DEFAULT CHARSET=utf8 COMMENT='Conceptos de Cartera y Tesoreria';

--
-- Dumping data for table `conceptos`
--

LOCK TABLES `conceptos` WRITE;
/*!40000 ALTER TABLE `conceptos` DISABLE KEYS */;
/*!40000 ALTER TABLE `conceptos` ENABLE KEYS */;
UNLOCK TABLES;

--
-- Table structure for table `configuraciones`
--

DROP TABLE IF EXISTS `configuraciones`;
CREATE TABLE `configuraciones` (
  `confid` bigint(20) NOT NULL auto_increment,
  `variab` varchar(30) NOT NULL,
  `contenido` varchar(100) NOT NULL,
  `usuario` varchar(25) NOT NULL,
  `desde` timestamp NOT NULL default CURRENT_TIMESTAMP,
  `hasta` timestamp NOT NULL default '0000-00-00 00:00:00',
  `activa` varchar(1) NOT NULL,
  PRIMARY KEY  (`confid`),
  KEY `usuario` (`usuario`)
) ENGINE=InnoDB AUTO_INCREMENT=14 DEFAULT CHARSET=utf8 COMMENT='Configuraciones del Sistema';

--
-- Dumping data for table `configuraciones`
--

LOCK TABLES `configuraciones` WRITE;
/*!40000 ALTER TABLE `configuraciones` DISABLE KEYS */;
INSERT INTO `configuraciones` VALUES (1,'G_NOMBREEMP','INVERSIONES RIVERA MUNOZ','','0000-00-00 00:00:00','0000-00-00 00:00:00','S'),(2,'G_MONEDALOCAL','PESOS','','0000-00-00 00:00:00','0000-00-00 00:00:00','S'),(3,'G_MONEDAEXT','BOLIVARES','','0000-00-00 00:00:00','0000-00-00 00:00:00','S'),(4,'U_VENDEDORPRED','TER0001','ADMINISTRADOR','0000-00-00 00:00:00','0000-00-00 00:00:00','S'),(5,'U_BODEGAPRED','PRE','ADMINISTRADOR','0000-00-00 00:00:00','0000-00-00 00:00:00','S'),(6,'U_SUCURSALPRED','00','ADMINISTRADOR','0000-00-00 00:00:00','0000-00-00 00:00:00','S'),(7,'G_NITEMP','807001261-8','','0000-00-00 00:00:00','0000-00-00 00:00:00','S'),(8,'U_CLIENTEPRED','TER0001','ADMINISTRADOR','2011-07-13 11:41:23','2011-07-13 11:41:23','S'),(9,'G_diaopeFVE','CHECKED','','2012-01-12 04:18:37','0000-00-00 00:00:00',''),(10,'G_diaopeFCO','CHECKED','','2012-01-12 04:18:37','0000-00-00 00:00:00',''),(11,'G_diaopeRSA','CHECKED','','2012-01-12 04:18:52','0000-00-00 00:00:00',''),(12,'G_diaopeCCO','CHECKED','','2012-01-12 04:18:52','0000-00-00 00:00:00',''),(13,'G_FECHADIAOPERATIVO','17/01/2012','','2012-01-12 04:19:21','0000-00-00 00:00:00','');
/*!40000 ALTER TABLE `configuraciones` ENABLE KEYS */;
UNLOCK TABLES;

--
-- Table structure for table `dedocumentos`
--

DROP TABLE IF EXISTS `dedocumentos`;
CREATE TABLE `dedocumentos` (
  `dedocumid` bigint(20) NOT NULL auto_increment,
  `docuid` bigint(20) NOT NULL,
  `itemid` bigint(20) NOT NULL,
  `bodegaid` int(11) NOT NULL,
  `cantidad` double NOT NULL,
  `valunitario` double NOT NULL,
  `valdescuento` double NOT NULL,
  `valparcial` double NOT NULL,
  `porciva` double NOT NULL,
  `valbase` double NOT NULL default '0',
  `valiva` double NOT NULL default '0',
  `productoidvar` bigint(20) NOT NULL,
  PRIMARY KEY  (`dedocumid`),
  KEY `docuid` (`docuid`),
  KEY `itemid` (`itemid`),
  KEY `bodegaid` (`bodegaid`),
  CONSTRAINT `dedocumentos_ibfk_1` FOREIGN KEY (`docuid`) REFERENCES `documentos` (`docuid`),
  CONSTRAINT `dedocumentos_ibfk_2` FOREIGN KEY (`itemid`) REFERENCES `item` (`itemid`),
  CONSTRAINT `dedocumentos_ibfk_3` FOREIGN KEY (`bodegaid`) REFERENCES `bodegas` (`bodegaid`)
) ENGINE=InnoDB AUTO_INCREMENT=1179 DEFAULT CHARSET=utf8 COMMENT='Detalle de Documentos';

--
-- Dumping data for table `dedocumentos`
--

LOCK TABLES `dedocumentos` WRITE;
/*!40000 ALTER TABLE `dedocumentos` DISABLE KEYS */;
INSERT INTO `dedocumentos` VALUES (310,19,17,1,400,0,0,0,0,0,0,0),(311,19,8,1,400,0,0,0,0,0,0,0),(312,19,14,1,5050,0,0,0,0,0,0,0),(313,19,15,1,3200,0,0,0,0,0,0,0),(314,19,7,1,7000,0,0,0,0,0,0,0),(315,19,13,1,5200,0,0,0,0,0,0,0),(316,19,82,1,5000,0,0,0,0,0,0,0),(317,19,10,1,850,0,0,0,0,0,0,0),(318,19,12,1,15700,0,0,0,0,0,0,0),(319,19,6,1,2400,0,0,0,0,0,0,0),(320,19,81,1,60,0,0,0,0,0,0,0),(322,19,11,1,4100,0,0,0,0,0,0,0),(323,19,9,1,2450,0,0,0,0,0,0,0),(340,31,66,1,1,23000,0,23000,0,23000,0,0),(341,31,117,1,1,4000,0,4000,0,4000,0,0),(364,33,69,1,1,11500,0,11500,0,11500,0,0),(372,33,109,1,2,10000,0,20000,0,20000,0,0),(373,33,154,1,1,5000,0,5000,0,5000,0,0),(374,33,100,1,3,2000,0,6000,0,6000,0,0),(375,33,102,1,1,2500,0,2500,0,2500,0,0),(376,33,25,1,0.5,28000,0,14000,0,14000,0,0),(377,33,34,1,0.5,29000,0,14500,0,14500,0,0),(378,33,95,1,1,3500,0,3500,0,3500,0,0),(379,33,66,1,1,23000,0,23000,0,23000,0,0),(380,33,117,1,1,4000,0,4000,0,4000,0,0),(381,33,22,1,2,4500,0,9000,0,9000,0,0),(382,33,19,1,1,18000,0,18000,0,18000,0,0),(383,33,117,1,1,4000,0,4000,0,4000,0,0),(384,33,99,1,1,3000,0,3000,0,3000,0,0),(385,33,95,1,1,3500,0,3500,0,3500,0,0),(386,33,117,1,1,4000,0,4000,0,4000,0,0),(387,33,66,1,1,23000,0,23000,0,23000,0,0),(388,33,24,1,0.25,22000,0,5500,0,5500,0,0),(389,33,63,1,0.75,24000,0,18000,0,18000,0,0),(390,33,117,1,1,4000,0,4000,0,4000,0,0),(391,33,69,1,1,11500,0,11500,0,11500,0,0),(392,33,122,1,1,3000,0,3000,0,3000,0,0),(393,33,70,1,1,8500,0,8500,0,8500,0,0),(394,33,102,1,1,2500,0,2500,0,2500,0,0),(395,33,63,1,1,24000,0,24000,0,24000,0,0),(396,33,117,1,1,4000,0,4000,0,4000,0,0),(397,33,106,1,1,20900,0,20900,0,20900,0,0),(398,33,24,1,0.5,22000,0,11000,0,11000,0,0),(399,33,63,1,0.5,24000,0,12000,0,12000,0,0),(400,33,117,1,1,4000,0,4000,0,4000,0,0),(401,33,120,1,2,4500,0,9000,0,9000,0,0),(402,33,31,1,1,18000,0,18000,0,18000,0,0),(403,33,102,1,2,2500,0,5000,0,5000,0,0),(404,33,23,1,1,18000,0,18000,0,18000,0,0),(405,33,93,1,1,2000,0,2000,0,2000,0,0),(406,33,154,1,1,5000,0,5000,0,5000,0,0),(447,41,66,1,1,23000,0,23000,0,23000,0,0),(448,41,119,1,1,3000,0,3000,0,3000,0,0),(449,41,117,1,1,4000,0,4000,0,4000,0,0),(450,41,21,1,1,31000,0,31000,0,31000,0,0),(451,41,22,1,3,4500,0,13500,0,13500,0,0),(452,41,118,1,2,2500,0,5000,0,5000,0,0),(453,41,94,1,1,2500,0,2500,0,2500,0,0),(454,41,66,1,1,23000,0,23000,0,23000,0,0),(455,41,69,1,1,11500,0,11500,0,11500,0,0),(456,41,117,1,1,4000,0,4000,0,4000,0,0),(457,41,70,1,1,8500,0,8500,0,8500,0,0),(458,41,106,1,1,20900,0,20900,0,20900,0,0),(459,41,117,1,2,4000,0,8000,0,8000,0,0),(460,41,66,1,1,23000,0,23000,0,23000,0,0),(461,41,119,1,1,3000,0,3000,0,3000,0,0),(462,41,117,1,1,4000,0,4000,0,4000,0,0),(463,41,21,1,0.5,31000,0,15500,0,15500,0,0),(464,41,34,1,0.5,29000,0,14500,0,14500,0,0),(465,41,117,1,1,4000,0,4000,0,4000,0,0),(466,41,117,1,1,4000,0,4000,0,4000,0,0),(467,41,102,1,1,2500,0,2500,0,2500,0,0),(468,41,63,1,1,24000,0,24000,0,24000,0,0),(469,41,117,1,1,4000,0,4000,0,4000,0,0),(470,41,106,1,1,20900,0,20900,0,20900,0,0),(471,41,105,1,1,6000,0,6000,0,6000,0,0),(472,41,105,1,1,6000,0,6000,0,6000,0,0),(473,41,69,1,1,11500,0,11500,0,11500,0,0),(474,41,154,1,1,5000,0,5000,0,5000,0,0),(475,41,33,1,0.5,25000,0,12500,0,12500,0,0),(476,41,54,1,0.5,25000,0,12500,0,12500,0,0),(477,41,117,1,1,4000,0,4000,0,4000,0,0),(478,41,105,1,1,6000,0,6000,0,6000,0,0),(479,41,114,1,1,13000,0,13000,0,13000,0,0),(516,41,158,1,0.75,22000,0,16500,0,16500,0,0),(517,41,135,1,0.25,24000,0,6000,0,6000,0,0),(518,41,93,1,2,2000,0,4000,0,4000,0,0),(555,41,130,1,1,25000,0,25000,0,25000,0,0),(556,41,117,1,1,4000,0,4000,0,4000,0,0),(557,41,96,1,3,3000,0,9000,0,9000,0,0),(558,41,100,1,1,2000,0,2000,0,2000,0,0),(559,41,62,1,1,4500,0,4500,0,4500,0,0),(560,41,100,1,1,2000,0,2000,0,2000,0,0),(561,41,106,1,1,20900,0,20900,0,20900,0,0),(562,41,63,1,1,24000,0,24000,0,24000,0,0),(563,41,154,1,1,5000,0,5000,0,5000,0,0),(564,41,101,1,2,2000,0,4000,0,4000,0,0),(565,41,121,1,2,300,0,600,0,600,0,0),(566,41,95,1,2,3500,0,7000,0,7000,0,0),(567,41,96,1,2,3000,0,6000,0,6000,0,0),(568,41,115,1,1,14000,0,14000,0,14000,0,0),(569,41,114,1,1,13000,0,13000,0,13000,0,0),(570,41,103,1,2,2500,0,5000,0,5000,0,0),(571,41,120,1,4,4500,0,18000,0,18000,0,0),(572,41,122,1,1,3000,0,3000,0,3000,0,0),(573,41,103,1,1,2500,0,2500,0,2500,0,0),(574,41,20,1,0.5,27000,0,13500,0,13500,0,0),(575,41,24,1,0.5,22000,0,11000,0,11000,0,0),(576,41,99,1,4,3000,0,12000,0,12000,0,0),(577,41,70,1,1,8500,0,8500,0,8500,0,0),(578,41,96,1,10,3000,0,30000,0,30000,0,0),(579,41,53,1,1,18000,0,18000,0,18000,0,0),(580,41,95,1,2,3500,0,7000,0,7000,0,0),(581,41,155,1,1,2500,0,2500,0,2500,0,0),(582,41,96,1,6,3000,0,18000,0,18000,0,0),(583,41,95,1,2,3500,0,7000,0,7000,0,0),(584,41,147,1,0.5,42000,0,21000,0,21000,0,0),(585,41,143,1,0.5,42000,0,21000,0,21000,0,0),(586,41,21,1,1,31000,0,31000,0,31000,0,0),(587,41,95,1,2,3500,0,7000,0,7000,0,0),(588,44,81,1,8,0,0,0,0,0,0,0),(589,44,82,1,500,0,0,0,0,0,0,0),(590,44,6,1,200,0,0,0,0,0,0,0),(591,44,7,1,200,0,0,0,0,0,0,0),(592,44,8,1,200,0,0,0,0,0,0,0),(593,44,9,1,200,0,0,0,0,0,0,0),(594,44,14,1,200,0,0,0,0,0,0,0),(595,44,7,1,240,0,0,0,0,0,0,0),(596,44,12,1,240,0,0,0,0,0,0,0),(597,44,81,1,8,0,0,0,0,0,0,0),(598,44,82,1,500,0,0,0,0,0,0,0),(599,44,81,1,4,0,0,0,0,0,0,0),(600,44,82,1,250,0,0,0,0,0,0,0),(601,44,81,1,2,0,0,0,0,0,0,0),(602,44,81,1,150,0,0,0,0,0,0,0),(603,44,81,1,8,0,0,0,0,0,0,0),(604,44,82,1,500,0,0,0,0,0,0,0),(605,44,6,1,100,0,0,0,0,0,0,0),(606,44,7,1,100,0,0,0,0,0,0,0),(607,44,8,1,100,0,0,0,0,0,0,0),(608,44,9,1,100,0,0,0,0,0,0,0),(609,44,14,1,100,0,0,0,0,0,0,0),(610,44,6,1,100,0,0,0,0,0,0,0),(611,44,7,1,100,0,0,0,0,0,0,0),(612,44,11,1,100,0,0,0,0,0,0,0),(613,44,13,1,100,0,0,0,0,0,0,0),(614,44,6,1,150,0,0,0,0,0,0,0),(615,44,7,1,150,0,0,0,0,0,0,0),(616,44,81,1,4,0,0,0,0,0,0,0),(617,44,82,1,250,0,0,0,0,0,0,0),(618,44,6,1,75,0,0,0,0,0,0,0),(619,44,7,1,75,0,0,0,0,0,0,0),(620,44,11,1,75,0,0,0,0,0,0,0),(621,44,13,1,75,0,0,0,0,0,0,0),(622,44,14,1,75,0,0,0,0,0,0,0),(623,44,15,1,75,0,0,0,0,0,0,0),(624,44,6,1,80,0,0,0,0,0,0,0),(625,44,7,1,80,0,0,0,0,0,0,0),(626,44,6,1,150,0,0,0,0,0,0,0),(627,44,7,1,150,0,0,0,0,0,0,0),(628,44,6,1,75,0,0,0,0,0,0,0),(629,44,7,1,75,0,0,0,0,0,0,0),(630,44,8,1,75,0,0,0,0,0,0,0),(631,44,9,1,75,0,0,0,0,0,0,0),(632,44,14,1,75,0,0,0,0,0,0,0),(633,44,7,1,75,0,0,0,0,0,0,0),(634,44,12,1,75,0,0,0,0,0,0,0),(635,44,81,1,2,0,0,0,0,0,0,0),(636,44,81,1,150,0,0,0,0,0,0,0),(637,44,14,1,100,0,0,0,0,0,0,0),(638,44,15,1,100,0,0,0,0,0,0,0),(639,44,6,1,200,0,0,0,0,0,0,0),(640,44,7,1,200,0,0,0,0,0,0,0),(641,44,8,1,200,0,0,0,0,0,0,0),(642,44,9,1,200,0,0,0,0,0,0,0),(643,44,14,1,200,0,0,0,0,0,0,0),(644,45,100,1,1,2000,0,2000,0,2000,0,0),(645,45,93,1,3,2000,0,6000,0,6000,0,0),(650,50,163,1,0.5,24000,0,12000,0,12000,0,0),(651,50,38,1,0.5,28000,0,14000,0,14000,0,0),(652,50,117,1,1,4000,0,4000,0,4000,0,0),(653,51,14,1,100,0,0,0,0,0,0,0),(654,52,119,1,2,3000,0,6000,0,6000,0,0),(655,52,96,1,1,3000,0,3000,0,3000,0,0),(656,53,21,1,0.5,31000,0,15500,0,15500,0,0),(657,53,127,1,0.5,31000,0,15500,0,15500,0,0),(658,54,6,1,100,0,0,0,0,0,0,0),(659,54,7,1,100,0,0,0,0,0,0,0),(660,54,8,1,100,0,0,0,0,0,0,0),(661,54,9,1,100,0,0,0,0,0,0,0),(662,54,14,1,100,0,0,0,0,0,0,0),(663,55,66,1,1,23000,0,23000,0,23000,0,0),(664,56,81,1,8,0,0,0,0,0,0,0),(665,56,82,1,500,0,0,0,0,0,0,0),(666,57,117,1,1,4000,0,4000,0,4000,0,0),(667,58,22,1,1,4500,0,4500,0,4500,0,0),(668,59,7,1,80,0,0,0,0,0,0,0),(669,59,12,1,80,0,0,0,0,0,0,0),(670,60,161,1,1,14000,0,14000,0,14000,0,0),(671,61,64,1,1,29000,0,29000,0,29000,0,0),(672,61,69,1,1,11500,0,11500,0,11500,0,0),(673,62,6,1,200,0,0,0,0,0,0,0),(674,62,7,1,200,0,0,0,0,0,0,0),(675,62,81,1,4,0,0,0,0,0,0,0),(676,62,82,1,250,0,0,0,0,0,0,0),(677,63,138,1,1,42000,0,42000,0,42000,0,0),(678,64,117,1,1,4000,0,4000,0,4000,0,0),(679,65,31,1,1,18000,0,18000,0,18000,0,0),(680,66,6,1,100,0,0,0,0,0,0,0),(681,66,7,1,100,0,0,0,0,0,0,0),(682,66,11,1,100,0,0,0,0,0,0,0),(683,66,13,1,100,0,0,0,0,0,0,0),(684,67,124,1,1,44000,0,44000,0,44000,0,0),(685,68,103,1,2,2500,0,5000,0,5000,0,0),(686,68,102,1,2,2500,0,5000,0,5000,0,0),(687,69,60,1,1,18000,0,18000,0,18000,0,0),(688,69,34,1,0.5,29000,0,14500,0,14500,0,0),(689,69,38,1,0.5,28000,0,14000,0,14000,0,0),(690,70,6,1,100,0,0,0,0,0,0,0),(691,70,7,1,100,0,0,0,0,0,0,0),(692,70,6,1,100,0,0,0,0,0,0,0),(693,70,7,1,100,0,0,0,0,0,0,0),(694,70,11,1,100,0,0,0,0,0,0,0),(695,70,13,1,100,0,0,0,0,0,0,0),(696,70,14,1,100,0,0,0,0,0,0,0),(699,72,131,1,1,29000,0,29000,0,29000,0,0),(700,72,100,1,3,2000,0,6000,0,6000,0,0),(701,72,102,1,1,2500,0,2500,0,2500,0,0),(702,73,24,1,0.5,22000,0,11000,0,11000,0,0),(703,73,33,1,0.5,25000,0,12500,0,12500,0,0),(704,73,95,1,1,3500,0,3500,0,3500,0,0),(705,73,117,1,1,4000,0,4000,0,4000,0,0),(706,74,7,1,75,0,0,0,0,0,0,0),(707,74,12,1,75,0,0,0,0,0,0,0),(708,74,6,1,75,0,0,0,0,0,0,0),(709,74,7,1,75,0,0,0,0,0,0,0),(710,74,11,1,75,0,0,0,0,0,0,0),(711,74,13,1,75,0,0,0,0,0,0,0),(712,75,54,1,1,25000,0,25000,0,25000,0,0),(713,76,14,1,150,0,0,0,0,0,0,0),(714,76,15,1,150,0,0,0,0,0,0,0),(715,77,20,1,1,27000,0,27000,0,27000,0,0),(716,77,102,1,1,2500,0,2500,0,2500,0,0),(717,78,6,1,150,0,0,0,0,0,0,0),(718,78,7,1,150,0,0,0,0,0,0,0),(719,78,8,1,150,0,0,0,0,0,0,0),(720,78,9,1,150,0,0,0,0,0,0,0),(721,78,14,1,150,0,0,0,0,0,0,0),(722,79,129,1,1,18000,0,18000,0,18000,0,0),(723,79,94,1,1,2500,0,2500,0,2500,0,0),(727,81,136,1,0.5,35000,0,17500,0,17500,0,0),(728,81,138,1,0.5,42000,0,21000,0,21000,0,0),(729,81,117,1,1,4000,0,4000,0,4000,0,0),(733,83,24,1,0.5,22000,0,11000,0,11000,0,0),(734,83,33,1,0.5,25000,0,12500,0,12500,0,0),(735,83,118,1,1,2500,0,2500,0,2500,0,0),(736,84,7,1,75,0,0,0,0,0,0,0),(737,84,12,1,75,0,0,0,0,0,0,0),(738,84,6,1,75,0,0,0,0,0,0,0),(739,84,7,1,75,0,0,0,0,0,0,0),(740,84,11,1,75,0,0,0,0,0,0,0),(741,84,13,1,75,0,0,0,0,0,0,0),(742,85,23,1,0.5,18000,0,9000,0,9000,0,0),(743,85,19,1,0.5,18000,0,9000,0,9000,0,0),(744,85,117,1,1,4000,0,4000,0,4000,0,0),(745,85,100,1,1,2000,0,2000,0,2000,0,0),(746,86,7,1,50,0,0,0,0,0,0,0),(747,86,12,1,50,0,0,0,0,0,0,0),(748,86,6,1,50,0,0,0,0,0,0,0),(749,86,7,1,50,0,0,0,0,0,0,0),(750,86,8,1,50,0,0,0,0,0,0,0),(751,86,9,1,50,0,0,0,0,0,0,0),(752,86,14,1,50,0,0,0,0,0,0,0),(753,87,70,1,1,8500,0,8500,0,8500,0,0),(754,87,109,1,1,10000,0,10000,0,10000,0,0),(755,87,102,1,1,2500,0,2500,0,2500,0,0),(756,87,103,1,2,2500,0,5000,0,5000,0,0),(757,88,81,1,2,0,0,0,0,0,0,0),(758,88,81,1,150,0,0,0,0,0,0,0),(759,89,121,1,1,300,0,300,0,300,0,0),(760,90,101,1,2,2000,0,4000,0,4000,0,0),(761,71,117,1,2,4000,0,8000,0,8000,0,0),(762,71,93,1,4,2000,0,8000,0,8000,0,0),(763,71,100,1,2,2000,0,4000,0,4000,0,0),(764,19,2,1,15900,0,0,0,0,0,0,0),(765,91,66,1,1,23000,0,23000,0,23000,0,0),(766,91,112,1,1,7000,0,7000,0,7000,0,0),(767,91,117,1,1,4000,0,4000,0,4000,0,0),(768,91,101,1,1,2000,0,2000,0,2000,0,0),(769,91,118,1,1,2500,0,2500,0,2500,0,0),(770,92,81,1,8,0,0,0,0,0,0,0),(771,92,82,1,500,0,0,0,0,0,0,0),(772,94,117,1,1,4000,0,4000,0,4000,0,0),(773,95,20,1,0.75,27000,0,20250,0,20250,0,0),(774,95,24,1,0.25,22000,0,5500,0,5500,0,0),(775,95,117,1,1,4000,0,4000,0,4000,0,0),(776,96,6,1,112.5,0,0,0,0,0,0,0),(777,96,7,1,112.5,0,0,0,0,0,0,0),(778,96,8,1,112.5,0,0,0,0,0,0,0),(779,96,9,1,112.5,0,0,0,0,0,0,0),(780,96,14,1,112.5,0,0,0,0,0,0,0),(781,96,7,1,37.5,0,0,0,0,0,0,0),(782,96,12,1,37.5,0,0,0,0,0,0,0),(783,98,128,1,1,4500,0,4500,0,4500,0,0),(784,99,33,1,1,25000,0,25000,0,25000,0,0),(785,99,100,1,1,2000,0,2000,0,2000,0,0),(786,100,6,1,150,0,0,0,0,0,0,0),(787,100,7,1,150,0,0,0,0,0,0,0),(788,100,11,1,150,0,0,0,0,0,0,0),(789,100,13,1,150,0,0,0,0,0,0,0),(790,101,120,1,1,4500,0,4500,0,4500,0,0),(791,101,119,1,1,3000,0,3000,0,3000,0,0),(792,101,93,1,2,2000,0,4000,0,4000,0,0),(793,101,121,1,1,300,0,300,0,300,0,0),(794,102,128,1,1,4500,0,4500,0,4500,0,0),(795,102,102,1,1,2500,0,2500,0,2500,0,0),(796,103,21,1,0.5,31000,0,15500,0,15500,0,0),(797,103,25,1,0.5,28000,0,14000,0,14000,0,0),(798,104,6,1,100,0,0,0,0,0,0,0),(799,104,7,1,100,0,0,0,0,0,0,0),(800,104,8,1,100,0,0,0,0,0,0,0),(801,104,9,1,100,0,0,0,0,0,0,0),(802,104,14,1,100,0,0,0,0,0,0,0),(803,105,105,1,1,6000,0,6000,0,6000,0,0),(804,106,66,1,1,23000,0,23000,0,23000,0,0),(805,106,117,1,1,4000,0,4000,0,4000,0,0),(806,107,81,1,8,0,0,0,0,0,0,0),(807,107,82,1,500,0,0,0,0,0,0,0),(808,108,120,1,1,4500,0,4500,0,4500,0,0),(809,109,21,1,0.5,31000,0,15500,0,15500,0,0),(811,109,25,1,0.5,28000,0,14000,0,14000,0,0),(812,110,6,1,100,0,0,0,0,0,0,0),(813,110,7,1,100,0,0,0,0,0,0,0),(814,110,8,1,100,0,0,0,0,0,0,0),(815,110,9,1,100,0,0,0,0,0,0,0),(816,110,14,1,100,0,0,0,0,0,0,0),(817,111,131,1,1,29000,0,29000,0,29000,0,0),(818,111,117,1,1,4000,0,4000,0,4000,0,0),(819,111,96,1,2,3000,0,6000,0,6000,0,0),(820,112,127,1,0.5,31000,0,15500,0,15500,0,0),(821,112,131,1,0.5,29000,0,14500,0,14500,0,0),(822,113,105,1,1,6000,0,6000,0,6000,0,0),(823,114,66,1,1,23000,0,23000,0,23000,0,0),(824,114,117,1,1,4000,0,4000,0,4000,0,0),(825,115,81,1,8,0,0,0,0,0,0,0),(826,115,82,1,500,0,0,0,0,0,0,0),(830,118,60,1,1,18000,0,18000,0,18000,0,0),(831,118,117,1,1,4000,0,4000,0,4000,0,0),(832,119,6,1,100,0,0,0,0,0,0,0),(833,119,7,1,100,0,0,0,0,0,0,0),(837,121,24,1,0.5,22000,0,11000,0,11000,0,0),(838,121,33,1,0.5,25000,0,12500,0,12500,0,0),(839,121,117,1,1,4000,0,4000,0,4000,0,0),(840,122,7,1,75,0,0,0,0,0,0,0),(841,122,12,1,75,0,0,0,0,0,0,0),(842,122,6,1,75,0,0,0,0,0,0,0),(843,122,7,1,75,0,0,0,0,0,0,0),(844,122,11,1,75,0,0,0,0,0,0,0),(845,122,13,1,75,0,0,0,0,0,0,0),(846,123,138,1,0.5,42000,0,21000,0,21000,0,0),(847,123,147,1,0.5,42000,0,21000,0,21000,0,0),(848,123,96,1,6,3000,0,18000,0,18000,0,0),(849,123,155,1,1,2500,0,2500,0,2500,0,0),(850,123,103,1,1,2500,0,2500,0,2500,0,0),(851,124,54,1,0.5,25000,0,12500,0,12500,0,0),(852,124,20,1,0.5,27000,0,13500,0,13500,0,0),(853,124,117,1,1,4000,0,4000,0,4000,0,0),(854,125,14,1,75,0,0,0,0,0,0,0),(855,125,15,1,75,0,0,0,0,0,0,0),(856,125,6,1,75,0,0,0,0,0,0,0),(857,125,7,1,75,0,0,0,0,0,0,0),(858,125,8,1,75,0,0,0,0,0,0,0),(859,125,9,1,75,0,0,0,0,0,0,0),(860,125,14,1,75,0,0,0,0,0,0,0),(861,126,96,1,6,3000,0,18000,0,18000,0,0),(862,126,155,1,1,2500,0,2500,0,2500,0,0),(863,126,103,1,1,2500,0,2500,0,2500,0,0),(864,127,118,1,1,2500,0,2500,0,2500,0,0),(865,127,121,1,4,300,0,1200,0,1200,0,0),(866,128,96,1,5,3000,0,15000,0,15000,0,0),(867,128,155,1,1,2500,0,2500,0,2500,0,0),(868,129,20,1,0.5,27000,0,13500,0,13500,0,0),(869,129,24,1,0.5,22000,0,11000,0,11000,0,0),(870,129,102,1,1,2500,0,2500,0,2500,0,0),(871,129,93,1,3,2000,0,6000,0,6000,0,0),(872,130,6,1,75,0,0,0,0,0,0,0),(873,130,7,1,75,0,0,0,0,0,0,0),(874,130,8,1,75,0,0,0,0,0,0,0),(875,130,9,1,75,0,0,0,0,0,0,0),(876,130,14,1,75,0,0,0,0,0,0,0),(877,130,7,1,75,0,0,0,0,0,0,0),(878,130,12,1,75,0,0,0,0,0,0,0),(879,131,124,1,1,44000,0,44000,0,44000,0,0),(881,131,130,1,1,25000,0,25000,0,25000,0,0),(882,131,117,1,2,4000,0,8000,0,8000,0,0),(883,132,34,1,0.5,29000,0,14500,0,14500,0,0),(884,132,25,1,0.5,28000,0,14000,0,14000,0,0),(885,132,138,1,1,42000,0,42000,0,42000,0,0),(886,133,6,1,100,0,0,0,0,0,0,0),(887,133,7,1,100,0,0,0,0,0,0,0),(888,133,11,1,100,0,0,0,0,0,0,0),(889,133,13,1,100,0,0,0,0,0,0,0),(890,134,24,1,0.5,22000,0,11000,0,11000,0,0),(891,135,118,1,1,2500,0,2500,0,2500,0,0),(892,135,24,1,0.5,22000,0,11000,0,11000,0,0),(893,136,130,1,0.5,25000,0,12500,0,12500,0,0),(894,136,24,1,0.5,22000,0,11000,0,11000,0,0),(895,136,118,1,1,2500,0,2500,0,2500,0,0),(896,137,7,1,75,0,0,0,0,0,0,0),(897,137,12,1,75,0,0,0,0,0,0,0),(902,138,22,1,2,4500,0,9000,0,9000,0,0),(903,138,95,1,1,3500,0,3500,0,3500,0,0),(904,140,7,1,160,0,0,0,0,0,0,0),(905,140,12,1,160,0,0,0,0,0,0,0),(906,141,105,1,1,6000,0,6000,0,6000,0,0),(907,142,21,1,0.5,31000,0,15500,0,15500,0,0),(908,142,25,1,0.5,28000,0,14000,0,14000,0,0),(909,142,103,1,2,2500,0,5000,0,5000,0,0),(910,142,122,1,2,3000,0,6000,0,6000,0,0),(911,142,96,1,1,3000,0,3000,0,3000,0,0),(912,143,6,1,100,0,0,0,0,0,0,0),(913,143,7,1,100,0,0,0,0,0,0,0),(914,143,8,1,100,0,0,0,0,0,0,0),(915,143,9,1,100,0,0,0,0,0,0,0),(916,143,14,1,100,0,0,0,0,0,0,0),(917,116,122,1,1,3000,0,3000,0,3000,0,0),(918,116,100,1,1,2000,0,2000,0,2000,0,0),(919,116,117,1,1,4000,0,4000,0,4000,0,0),(920,116,103,1,6,2500,0,15000,0,15000,0,0),(921,116,121,1,2,300,0,600,0,600,0,0),(922,116,102,1,1,2500,0,2500,0,2500,0,0),(923,116,93,1,1,2000,0,2000,0,2000,0,0),(924,116,96,1,2,3000,0,6000,0,6000,0,0),(925,144,96,1,1,3000,0,3000,0,3000,0,0),(926,145,33,1,1,25000,0,25000,0,25000,0,0),(927,146,6,1,150,0,0,0,0,0,0,0),(928,146,7,1,150,0,0,0,0,0,0,0),(929,146,11,1,150,0,0,0,0,0,0,0),(930,146,13,1,150,0,0,0,0,0,0,0),(931,148,103,1,2,2500,0,5000,0,5000,0,0),(932,148,96,1,1,3000,0,3000,0,3000,0,0),(933,151,81,1,4,0,0,0,0,0,0,0),(934,151,82,1,250,0,0,0,0,0,0,0),(935,151,6,1,100,0,0,0,0,0,0,0),(936,151,7,1,100,0,0,0,0,0,0,0),(937,151,11,1,100,0,0,0,0,0,0,0),(938,151,13,1,100,0,0,0,0,0,0,0),(939,151,81,1,8,0,0,0,0,0,0,0),(940,151,82,1,500,0,0,0,0,0,0,0),(941,151,7,1,160,0,0,0,0,0,0,0),(942,151,12,1,160,0,0,0,0,0,0,0),(943,151,6,1,100,0,0,0,0,0,0,0),(944,151,7,1,100,0,0,0,0,0,0,0),(945,151,8,1,100,0,0,0,0,0,0,0),(946,151,9,1,100,0,0,0,0,0,0,0),(947,151,14,1,100,0,0,0,0,0,0,0),(948,151,81,1,8,0,0,0,0,0,0,0),(949,151,82,1,500,0,0,0,0,0,0,0),(950,151,7,1,37.5,0,0,0,0,0,0,0),(951,151,12,1,37.5,0,0,0,0,0,0,0),(952,151,6,1,112.5,0,0,0,0,0,0,0),(953,151,7,1,112.5,0,0,0,0,0,0,0),(954,151,81,1,4,0,0,0,0,0,0,0),(955,151,82,1,250,0,0,0,0,0,0,0),(956,151,81,1,2,0,0,0,0,0,0,0),(957,151,81,1,150,0,0,0,0,0,0,0),(958,151,6,1,150,0,0,0,0,0,0,0),(959,151,7,1,150,0,0,0,0,0,0,0),(960,151,7,1,75,0,0,0,0,0,0,0),(961,151,12,1,75,0,0,0,0,0,0,0),(962,151,6,1,75,0,0,0,0,0,0,0),(963,151,7,1,75,0,0,0,0,0,0,0),(964,151,6,1,100,0,0,0,0,0,0,0),(965,151,7,1,100,0,0,0,0,0,0,0),(966,151,11,1,100,0,0,0,0,0,0,0),(967,151,13,1,100,0,0,0,0,0,0,0),(968,151,7,1,100,0,0,0,0,0,0,0),(969,151,12,1,100,0,0,0,0,0,0,0),(970,152,81,1,8,0,0,0,0,0,0,0),(971,152,82,1,500,0,0,0,0,0,0,0),(972,156,34,1,1,29000,0,29000,0,29000,0,0),(973,156,117,1,1,4000,0,4000,0,4000,0,0),(974,157,6,1,200,0,0,0,0,0,0,0),(975,157,7,1,200,0,0,0,0,0,0,0),(976,157,11,1,200,0,0,0,0,0,0,0),(977,157,13,1,200,0,0,0,0,0,0,0),(978,158,20,1,0.5,27000,0,13500,0,13500,0,0),(979,158,24,1,0.5,22000,0,11000,0,11000,0,0),(980,159,6,1,75,0,0,0,0,0,0,0),(981,159,7,1,75,0,0,0,0,0,0,0),(982,159,8,1,75,0,0,0,0,0,0,0),(983,159,9,1,75,0,0,0,0,0,0,0),(984,159,14,1,75,0,0,0,0,0,0,0),(985,159,7,1,75,0,0,0,0,0,0,0),(986,159,12,1,75,0,0,0,0,0,0,0),(987,160,105,1,2,6000,0,12000,0,12000,0,0),(988,161,7,1,75,0,0,0,0,0,0,0),(989,161,12,1,75,0,0,0,0,0,0,0),(990,162,7,1,75,0,0,0,0,0,0,0),(991,162,12,1,75,0,0,0,0,0,0,0),(992,164,96,1,30,1400,0,42000,0,42000,0,0),(993,165,64,1,1,29000,0,29000,0,29000,0,0),(994,166,6,1,200,0,0,0,0,0,0,0),(995,166,7,1,200,0,0,0,0,0,0,0),(996,167,23,1,1,18000,0,18000,0,18000,0,0),(997,167,102,1,1,2500,0,2500,0,2500,0,0),(998,168,7,1,100,0,0,0,0,0,0,0),(999,168,12,1,100,0,0,0,0,0,0,0),(1002,169,66,1,1,23000,0,23000,0,23000,0,0),(1003,169,117,1,1,4000,0,4000,0,4000,0,0),(1004,170,81,1,8,0,0,0,0,0,0,0),(1005,170,82,1,500,0,0,0,0,0,0,0),(1006,171,34,1,1,29000,0,29000,0,29000,0,0),(1007,171,117,1,1,4000,0,4000,0,4000,0,0),(1008,172,6,1,200,0,0,0,0,0,0,0),(1009,172,7,1,200,0,0,0,0,0,0,0),(1010,172,11,1,200,0,0,0,0,0,0,0),(1011,172,13,1,200,0,0,0,0,0,0,0),(1012,173,109,1,1,10000,0,10000,0,10000,0,0),(1013,173,155,1,1,2500,0,2500,0,2500,0,0),(1014,173,103,1,1,2500,0,2500,0,2500,0,0),(1015,173,94,1,1,2500,0,2500,0,2500,0,0),(1016,174,136,1,1,35000,0,35000,0,35000,0,0),(1017,174,96,1,1,3000,0,3000,0,3000,0,0),(1018,174,155,1,3,2500,0,7500,0,7500,0,0),(1019,174,117,1,1,4000,0,4000,0,4000,0,0),(1020,175,136,1,1,35000,0,35000,0,35000,0,0),(1021,175,96,1,2,3000,0,6000,0,6000,0,0),(1022,176,62,1,2,4500,0,9000,0,9000,0,0),(1023,176,117,1,1,4000,0,4000,0,4000,0,0),(1024,177,6,1,160,0,0,0,0,0,0,0),(1025,177,7,1,160,0,0,0,0,0,0,0),(1026,178,124,1,0.5,44000,0,22000,0,22000,0,0),(1027,178,138,1,0.5,42000,0,21000,0,21000,0,0),(1028,179,117,1,2,4000,0,8000,0,8000,0,0),(1029,180,67,1,1,31000,0,31000,0,31000,0,0),(1030,181,81,1,16,0,0,0,0,0,0,0),(1031,181,82,1,600,0,0,0,0,0,0,0),(1032,182,120,1,1,4500,0,4500,0,4500,0,0),(1033,183,25,1,0.5,28000,0,14000,0,14000,0,0),(1034,183,64,1,0.5,29000,0,14500,0,14500,0,0),(1035,183,117,1,1,4000,0,4000,0,4000,0,0),(1036,183,96,1,2,3000,0,6000,0,6000,0,0),(1037,184,6,1,100,0,0,0,0,0,0,0),(1038,184,7,1,100,0,0,0,0,0,0,0),(1039,185,93,1,2,2000,0,4000,0,4000,0,0),(1040,186,62,1,1,4500,0,4500,0,4500,0,0),(1041,187,6,1,80,0,0,0,0,0,0,0),(1042,187,7,1,80,0,0,0,0,0,0,0),(1043,188,20,1,1,27000,0,27000,0,27000,0,0),(1044,189,6,1,150,0,0,0,0,0,0,0),(1045,189,7,1,150,0,0,0,0,0,0,0),(1046,189,8,1,150,0,0,0,0,0,0,0),(1047,189,9,1,150,0,0,0,0,0,0,0),(1048,189,14,1,150,0,0,0,0,0,0,0),(1049,190,131,1,1,29000,0,29000,0,29000,0,0),(1050,190,117,1,1,4000,0,4000,0,4000,0,0),(1051,191,117,1,1,4000,0,4000,0,4000,0,0),(1052,191,67,1,1,31000,0,31000,0,31000,0,0),(1053,192,81,1,16,0,0,0,0,0,0,0),(1054,192,82,1,600,0,0,0,0,0,0,0),(1055,194,54,1,1,25000,0,25000,0,25000,0,0),(1056,195,14,1,150,0,0,0,0,0,0,0),(1057,195,15,1,150,0,0,0,0,0,0,0),(1058,196,145,1,0.5,36000,0,18000,0,18000,0,0),(1059,196,136,1,0.5,35000,0,17500,0,17500,0,0),(1060,197,20,1,0.5,27000,0,13500,0,13500,0,0),(1061,197,63,1,0.5,24000,0,12000,0,12000,0,0),(1062,197,117,1,1,4000,0,4000,0,4000,0,0),(1063,198,6,1,75,0,0,0,0,0,0,0),(1064,198,7,1,75,0,0,0,0,0,0,0),(1065,198,8,1,75,0,0,0,0,0,0,0),(1066,198,9,1,75,0,0,0,0,0,0,0),(1067,198,14,1,75,0,0,0,0,0,0,0),(1068,198,6,1,75,0,0,0,0,0,0,0),(1069,198,7,1,75,0,0,0,0,0,0,0),(1070,199,34,1,0.5,29000,0,14500,0,14500,0,0),(1071,199,25,1,0.5,28000,0,14000,0,14000,0,0),(1072,199,111,1,1,10000,0,10000,0,10000,0,0),(1073,199,70,1,1,8500,0,8500,0,8500,0,0),(1074,199,100,1,2,2000,0,4000,0,4000,0,0),(1081,201,33,1,0.5,25000,0,12500,0,12500,0,0),(1082,201,24,1,0.5,22000,0,11000,0,11000,0,0),(1083,201,102,1,3,2500,0,7500,0,7500,0,0),(1084,201,95,1,1,3500,0,3500,0,3500,0,0),(1085,201,100,1,1,2000,0,2000,0,2000,0,0),(1086,202,6,1,75,0,0,0,0,0,0,0),(1087,202,7,1,75,0,0,0,0,0,0,0),(1088,202,11,1,75,0,0,0,0,0,0,0),(1089,202,13,1,75,0,0,0,0,0,0,0),(1090,202,7,1,75,0,0,0,0,0,0,0),(1091,202,12,1,75,0,0,0,0,0,0,0),(1092,203,19,1,1,18000,0,18000,0,18000,0,0),(1093,203,71,1,1,4300,0,4300,0,4300,0,0),(1094,204,6,1,100,0,0,0,0,0,0,0),(1095,204,7,1,100,0,0,0,0,0,0,0),(1096,204,8,1,100,0,0,0,0,0,0,0),(1097,204,9,1,100,0,0,0,0,0,0,0),(1098,204,14,1,100,0,0,0,0,0,0,0),(1099,204,81,1,1,0,0,0,0,0,0,0),(1100,204,82,1,60,0,0,0,0,0,0,0),(1101,205,25,1,1,28000,0,28000,0,28000,0,0),(1102,206,20,1,0.5,27000,0,13500,0,13500,0,0),(1103,206,24,1,0.5,22000,0,11000,0,11000,0,0),(1106,206,94,1,2,2500,0,5000,0,5000,0,0),(1108,207,6,1,75,0,0,0,0,0,0,0),(1109,207,7,1,75,0,0,0,0,0,0,0),(1110,207,8,1,75,0,0,0,0,0,0,0),(1111,207,9,1,75,0,0,0,0,0,0,0),(1112,207,14,1,75,0,0,0,0,0,0,0),(1113,207,7,1,75,0,0,0,0,0,0,0),(1114,207,12,1,75,0,0,0,0,0,0,0),(1115,208,105,1,1,6000,0,6000,0,6000,0,0),(1116,209,124,1,0.5,44000,0,22000,0,22000,0,0),(1117,209,143,1,0.5,42000,0,21000,0,21000,0,0),(1118,209,117,1,1,4000,0,4000,0,4000,0,0),(1119,210,138,1,0.5,42000,0,21000,0,21000,0,0),(1120,210,138,1,0.5,42000,0,21000,0,21000,0,0),(1121,211,22,1,1,4500,0,4500,0,4500,0,0),(1122,212,7,1,80,0,0,0,0,0,0,0),(1123,212,12,1,80,0,0,0,0,0,0,0),(1125,214,62,1,1,4500,0,4500,0,4500,0,0),(1126,215,6,1,80,0,0,0,0,0,0,0),(1127,215,7,1,80,0,0,0,0,0,0,0),(1128,216,100,1,3,2000,0,6000,0,6000,0,0),(1129,216,96,1,6,3000,0,18000,0,18000,0,0),(1130,216,117,1,2,4000,0,8000,0,8000,0,0),(1131,216,95,1,3,3500,0,10500,0,10500,0,0),(1132,216,100,1,1,2000,0,2000,0,2000,0,0),(1134,218,119,1,1,3000,0,3000,0,3000,0,0),(1135,219,124,1,1,44000,0,44000,0,44000,0,0),(1136,220,145,1,1,36000,0,36000,0,36000,0,0),(1137,221,25,1,1,28000,0,28000,0,28000,0,0),(1138,222,93,1,5,2000,0,10000,0,10000,0,0),(1139,223,69,1,1,11500,0,11500,0,11500,0,0),(1140,224,81,1,4,0,0,0,0,0,0,0),(1141,224,82,1,250,0,0,0,0,0,0,0),(1142,225,155,1,4,2500,0,10000,0,10000,0,0),(1143,225,101,1,2,2000,0,4000,0,4000,0,0),(1144,225,109,1,1,10000,0,10000,0,10000,0,0),(1145,225,100,1,1,2000,0,2000,0,2000,0,0),(1146,225,94,1,2,2500,0,5000,0,5000,0,0),(1147,225,67,1,1,31000,0,31000,0,31000,0,0),(1150,227,53,1,1,18000,0,18000,0,18000,0,0),(1151,227,122,1,2,3000,0,6000,0,6000,0,0),(1152,228,14,1,100,0,0,0,0,0,0,0),(1153,228,15,1,100,0,0,0,0,0,0,0),(1156,230,66,1,1,23000,0,23000,0,23000,0,0),(1157,231,81,1,8,0,0,0,0,0,0,0),(1158,231,82,1,500,0,0,0,0,0,0,0),(1159,232,120,1,1,4500,0,4500,0,4500,0,0),(1160,233,69,1,1,11500,0,11500,0,11500,0,0),(1161,233,94,1,2,2500,0,5000,0,5000,0,0),(1162,234,81,1,4,0,0,0,0,0,0,0),(1163,234,82,1,250,0,0,0,0,0,0,0),(1164,235,124,1,0.5,44000,0,22000,0,22000,0,0),(1165,235,136,1,0.5,35000,0,17500,0,17500,0,0),(1166,235,102,1,1,2500,0,2500,0,2500,0,0),(1167,235,117,1,1,4000,0,4000,0,4000,0,0),(1168,235,96,1,4,3000,0,12000,0,12000,0,0),(1169,236,81,1,16,0,0,0,0,0,0,0),(1170,236,82,1,600,0,0,0,0,0,0,0),(1171,237,6,1,100,0,0,0,0,0,0,0),(1172,237,7,1,100,0,0,0,0,0,0,0),(1173,237,11,1,100,0,0,0,0,0,0,0),(1174,237,13,1,100,0,0,0,0,0,0,0),(1175,237,81,1,2,0,0,0,0,0,0,0),(1176,237,81,1,150,0,0,0,0,0,0,0),(1177,229,100,1,2,2000,0,4000,0,4000,0,0),(1178,238,122,1,1,3000,0,3000,0,3000,0,0);
/*!40000 ALTER TABLE `dedocumentos` ENABLE KEYS */;
UNLOCK TABLES;

DELIMITER ;;
/*!50003 SET SESSION SQL_MODE="NO_AUTO_CREATE_USER,NO_ENGINE_SUBSTITUTION" */;;
/*!50003 CREATE */ /*!50017 DEFINER=`root`@`localhost` */ /*!50003 TRIGGER `dedocumentos_before_ins_tr` BEFORE INSERT ON `dedocumentos` FOR EACH ROW BEGIN
   SET NEW.valparcial = ( NEW.cantidad * NEW.valunitario) - NEW.valdescuento;
   
   SET NEW.valbase = NEW.valparcial / ( 1 + ( NEW.porciva / 100));
   
   SET NEW.valiva = NEW.valparcial - NEW.valbase;
   
   UPDATE documentos SET base = ( base + NEW.valbase ) , iva = ( iva + NEW.valiva) , total = ( total + NEW.valparcial) , totalitems = ( totalitems + NEW.cantidad) WHERE docuid = NEW.docuid; 
END */;;

/*!50003 SET SESSION SQL_MODE="NO_AUTO_CREATE_USER,NO_ENGINE_SUBSTITUTION" */;;
/*!50003 CREATE */ /*!50017 DEFINER=`root`@`localhost` */ /*!50003 TRIGGER `dedocumentos_before_upd_tr` BEFORE UPDATE ON `dedocumentos` FOR EACH ROW BEGIN
   SET NEW.valparcial = ( NEW.cantidad * NEW.valunitario) - NEW.valdescuento;
   
   SET NEW.valbase = NEW.valparcial / ( 1 + ( NEW.porciva / 100));
   
   SET NEW.valiva = NEW.valparcial - NEW.valbase;
END */;;

/*!50003 SET SESSION SQL_MODE="NO_AUTO_CREATE_USER,NO_ENGINE_SUBSTITUTION" */;;
/*!50003 CREATE */ /*!50017 DEFINER=`root`@`localhost` */ /*!50003 TRIGGER `dedocumentos_before_del_tr` BEFORE DELETE ON `dedocumentos` FOR EACH ROW BEGIN
   UPDATE documentos SET base = ( base - OLD.valbase ) , iva = ( iva - OLD.valiva) , total = ( total - OLD.valparcial) , totalitems = (totalitems - OLD.cantidad) WHERE docuid = OLD.docuid;
END */;;

DELIMITER ;
/*!50003 SET SESSION SQL_MODE=@OLD_SQL_MODE */;

--
-- Table structure for table `depromociones`
--

DROP TABLE IF EXISTS `depromociones`;
CREATE TABLE `depromociones` (
  `depromoid` int(11) NOT NULL auto_increment,
  `promoid` int(11) NOT NULL,
  `tipo` varchar(1) NOT NULL,
  `cantidad` double NOT NULL,
  `itemid` bigint(20) NOT NULL,
  `creador` varchar(20) NOT NULL,
  `momento` timestamp NOT NULL default CURRENT_TIMESTAMP,
  PRIMARY KEY  (`depromoid`),
  KEY `promoid` (`promoid`),
  CONSTRAINT `depromociones_ibfk_1` FOREIGN KEY (`promoid`) REFERENCES `promociones` (`promoid`)
) ENGINE=InnoDB AUTO_INCREMENT=22 DEFAULT CHARSET=utf8 COMMENT='Detalle de la Promocion';

--
-- Dumping data for table `depromociones`
--

LOCK TABLES `depromociones` WRITE;
/*!40000 ALTER TABLE `depromociones` DISABLE KEYS */;
INSERT INTO `depromociones` VALUES (10,8,'F',1,93,'ADMINISTRADOR','2012-01-11 20:52:57'),(11,8,'V',1,100,'ADMINISTRADOR','2012-01-11 20:53:03'),(12,9,'F',2,93,'ADMINISTRADOR','2012-01-11 20:56:46'),(13,9,'V',1,100,'ADMINISTRADOR','2012-01-11 20:56:57'),(14,10,'F',1,93,'ADMINISTRADOR','2012-01-11 20:58:51'),(16,10,'V',1,100,'ADMINISTRADOR','2012-01-11 21:03:20'),(18,11,'V',1,100,'ADMINISTRADOR','2012-01-11 21:06:07'),(21,11,'V',0.5,100,'ADMINISTRADOR','2012-01-11 21:10:00');
/*!40000 ALTER TABLE `depromociones` ENABLE KEYS */;
UNLOCK TABLES;

--
-- Table structure for table `documentos`
--

DROP TABLE IF EXISTS `documentos`;
CREATE TABLE `documentos` (
  `docuid` bigint(20) NOT NULL auto_increment,
  `tipodoc` varchar(3) NOT NULL,
  `prefijo` varchar(5) NOT NULL,
  `numero` varchar(8) NOT NULL,
  `fechadoc` timestamp NOT NULL default '0000-00-00 00:00:00',
  `fecasentado` timestamp NOT NULL default '0000-00-00 00:00:00',
  `fecanulado` timestamp NOT NULL default '0000-00-00 00:00:00',
  `terid1` bigint(20) NOT NULL,
  `terid2` bigint(20) NOT NULL,
  `observacion` text NOT NULL,
  `base` double NOT NULL default '0',
  `iva` double NOT NULL default '0',
  `total` double NOT NULL,
  `impreso` varchar(1) NOT NULL,
  `totalitems` double NOT NULL default '0',
  `creador` varchar(20) NOT NULL,
  `momento` timestamp NOT NULL default CURRENT_TIMESTAMP on update CURRENT_TIMESTAMP,
  PRIMARY KEY  (`docuid`),
  KEY `tipodoc` (`tipodoc`,`prefijo`,`numero`,`creador`,`terid1`),
  KEY `terid1` (`terid1`),
  CONSTRAINT `documentos_ibfk_1` FOREIGN KEY (`tipodoc`) REFERENCES `tipodoc` (`codigo`),
  CONSTRAINT `documentos_ibfk_2` FOREIGN KEY (`terid1`) REFERENCES `terceros` (`terid`)
) ENGINE=InnoDB AUTO_INCREMENT=244 DEFAULT CHARSET=utf8 COMMENT='Documentos del Sistema';

--
-- Dumping data for table `documentos`
--

LOCK TABLES `documentos` WRITE;
/*!40000 ALTER TABLE `documentos` DISABLE KEYS */;
INSERT INTO `documentos` VALUES (19,'FCO','00','T-373614','2012-01-18 15:16:26','0000-00-00 00:00:00','0000-00-00 00:00:00',1,1,'',0,0,0,'',67710,'monica','2012-01-19 14:54:51'),(31,'FVE','00','00042325','2012-01-16 20:54:08','2012-01-20 05:00:00','0000-00-00 00:00:00',1,1,'',27000,0,27000,'',2,'sandra','2012-01-20 15:32:46'),(33,'FVE','00','00042326','2012-01-16 21:17:20','2012-01-20 05:00:00','0000-00-00 00:00:00',1,1,'',354400,0,354400,'',39,'sandra','2012-01-20 15:31:57'),(41,'FVE','00','00042327','2012-01-17 22:52:55','2012-01-18 05:00:00','0000-00-00 00:00:00',1,1,'',740800,0,740800,'',94,'sandra','2012-01-18 22:52:58'),(44,'CON','00','00042327','2012-01-18 22:52:58','2012-01-18 22:52:58','0000-00-00 00:00:00',1,1,'',0,0,0,'',7651,'sandra','2012-01-18 22:52:59'),(45,'FVE','00','00042328','2012-01-18 22:54:52','2012-01-18 05:00:00','0000-00-00 00:00:00',1,1,'',8000,0,8000,'',4,'sandra','2012-01-18 22:54:55'),(50,'FVE','00','00042330','2012-01-18 23:16:06','2012-01-18 05:00:00','0000-00-00 00:00:00',1,1,'',30000,0,30000,'',2,'sandra','2012-01-18 23:16:54'),(51,'CON','00','00042330','2012-01-18 23:16:54','2012-01-18 23:16:54','0000-00-00 00:00:00',1,1,'',0,0,0,'',100,'sandra','2012-01-18 23:16:54'),(52,'FVE','00','00042331','2012-01-18 23:17:12','2012-01-18 05:00:00','0000-00-00 00:00:00',1,1,'',9000,0,9000,'',3,'sandra','2012-01-18 23:18:06'),(53,'FVE','00','00042332','2012-01-18 23:18:32','2012-01-18 05:00:00','0000-00-00 00:00:00',1,1,'',31000,0,31000,'',1,'sandra','2012-01-18 23:19:06'),(54,'CON','00','00042332','2012-01-18 23:19:06','2012-01-18 23:19:06','0000-00-00 00:00:00',1,1,'',0,0,0,'',500,'sandra','2012-01-18 23:19:06'),(55,'FVE','00','00042333','2012-01-18 23:26:17','2012-01-18 05:00:00','0000-00-00 00:00:00',1,1,'',23000,0,23000,'',1,'sandra','2012-01-18 23:27:15'),(56,'CON','00','00042333','2012-01-18 23:27:15','2012-01-18 23:27:15','0000-00-00 00:00:00',1,1,'',0,0,0,'',508,'sandra','2012-01-18 23:27:15'),(57,'FVE','00','00042334','2012-01-18 23:39:27','2012-01-18 05:00:00','0000-00-00 00:00:00',1,1,'',4000,0,4000,'',1,'sandra','2012-01-18 23:39:40'),(58,'FVE','00','00042335','2012-01-18 23:50:24','2012-01-18 05:00:00','0000-00-00 00:00:00',1,1,'',4500,0,4500,'',1,'sandra','2012-01-18 23:50:41'),(59,'CON','00','00042335','2012-01-18 23:50:41','2012-01-18 23:50:41','0000-00-00 00:00:00',1,1,'',0,0,0,'',160,'sandra','2012-01-18 23:50:41'),(60,'FVE','00','00042336','2012-01-18 23:55:35','2012-01-18 05:00:00','0000-00-00 00:00:00',1,1,'',14000,0,14000,'',1,'sandra','2012-01-18 23:55:50'),(61,'FVE','00','00042337','2012-01-19 00:04:28','2012-01-18 05:00:00','0000-00-00 00:00:00',1,1,'',40500,0,40500,'',2,'sandra','2012-01-19 00:04:52'),(62,'CON','00','00042337','2012-01-19 00:04:52','2012-01-19 00:04:52','0000-00-00 00:00:00',1,1,'',0,0,0,'',654,'sandra','2012-01-19 00:04:52'),(63,'FVE','00','00042338','2012-01-19 00:05:23','2012-01-18 05:00:00','0000-00-00 00:00:00',1,1,'',42000,0,42000,'',1,'sandra','2012-01-19 00:05:38'),(64,'FVE','00','00042339','2012-01-19 00:10:37','2012-01-18 05:00:00','0000-00-00 00:00:00',1,1,'',4000,0,4000,'',1,'sandra','2012-01-19 00:10:59'),(65,'FVE','00','00042340','2012-01-19 00:13:50','2012-01-18 05:00:00','0000-00-00 00:00:00',1,1,'',18000,0,18000,'',1,'sandra','2012-01-19 00:14:25'),(66,'CON','00','00042340','2012-01-19 00:14:25','2012-01-19 00:14:25','0000-00-00 00:00:00',1,1,'',0,0,0,'',400,'sandra','2012-01-19 00:14:25'),(67,'FVE','00','00042341','2012-01-19 00:16:29','2012-01-18 05:00:00','0000-00-00 00:00:00',1,1,'',44000,0,44000,'',1,'sandra','2012-01-19 00:16:54'),(68,'FVE','00','00042342','2012-01-19 00:25:51','2012-01-18 05:00:00','0000-00-00 00:00:00',1,1,'',10000,0,10000,'',4,'sandra','2012-01-19 00:26:09'),(69,'FVE','00','00042343','2012-01-19 00:27:56','2012-01-18 05:00:00','0000-00-00 00:00:00',1,1,'',46500,0,46500,'',2,'sandra','2012-01-19 00:31:52'),(70,'CON','00','00042343','2012-01-19 00:31:52','2012-01-19 00:31:52','0000-00-00 00:00:00',1,1,'',0,0,0,'',700,'sandra','2012-01-19 00:31:53'),(71,'FVE','00','00042344','2012-01-19 00:33:20','2012-01-18 05:00:00','0000-00-00 00:00:00',1,1,'',20000,0,20000,'',8,'sandra','2012-01-19 04:12:40'),(72,'FVE','00','00042345','2012-01-19 00:47:56','2012-01-18 05:00:00','0000-00-00 00:00:00',1,1,'',37500,0,37500,'',5,'sandra','2012-01-19 00:49:18'),(73,'FVE','00','00042346','2012-01-19 00:53:56','2012-01-18 05:00:00','0000-00-00 00:00:00',1,1,'',31000,0,31000,'',3,'sandra','2012-01-19 00:55:38'),(74,'CON','00','00042346','2012-01-19 00:55:38','2012-01-19 00:55:38','0000-00-00 00:00:00',1,1,'',0,0,0,'',450,'sandra','2012-01-19 00:55:38'),(75,'FVE','00','00042347','2012-01-19 01:02:07','2012-01-18 05:00:00','0000-00-00 00:00:00',1,1,'',25000,0,25000,'',1,'sandra','2012-01-19 01:02:49'),(76,'CON','00','00042347','2012-01-19 01:02:50','2012-01-19 01:02:50','0000-00-00 00:00:00',1,1,'',0,0,0,'',300,'sandra','2012-01-19 01:02:50'),(77,'FVE','00','00042348','2012-01-19 01:13:51','2012-01-18 05:00:00','0000-00-00 00:00:00',1,1,'',29500,0,29500,'',2,'sandra','2012-01-19 01:16:06'),(78,'CON','00','00042348','2012-01-19 01:16:06','2012-01-19 01:16:06','0000-00-00 00:00:00',1,1,'',0,0,0,'',750,'sandra','2012-01-19 01:16:06'),(79,'FVE','00','00042349','2012-01-01 01:39:39','2012-01-18 05:00:00','0000-00-00 00:00:00',1,1,'',20500,0,20500,'',2,'sandra','2012-01-19 01:40:22'),(81,'FVE','00','00042350','2012-01-19 01:59:57','2012-01-18 05:00:00','0000-00-00 00:00:00',1,1,'',42500,0,42500,'',2,'sandra','2012-01-19 02:00:35'),(83,'FVE','00','00042351','2012-01-19 02:55:13','2012-01-18 05:00:00','0000-00-00 00:00:00',1,1,'',26000,0,26000,'',2,'sandra','2012-01-19 02:57:23'),(84,'CON','00','00042351','2012-01-19 02:57:23','2012-01-19 02:57:23','0000-00-00 00:00:00',1,1,'',0,0,0,'',450,'sandra','2012-01-19 02:57:23'),(85,'FVE','00','00042352','2012-01-19 02:57:38','2012-01-18 05:00:00','0000-00-00 00:00:00',1,1,'',24000,0,24000,'',3,'sandra','2012-01-19 02:58:37'),(86,'CON','00','00042352','2012-01-19 02:58:37','2012-01-19 02:58:37','0000-00-00 00:00:00',1,1,'',0,0,0,'',350,'sandra','2012-01-19 02:58:37'),(87,'FVE','00','00042353','2012-01-19 03:22:36','2012-01-18 05:00:00','0000-00-00 00:00:00',1,1,'',23500,0,23500,'',4,'sandra','2012-01-19 03:24:59'),(88,'CON','00','00042353','2012-01-19 03:24:59','2012-01-19 03:24:59','0000-00-00 00:00:00',1,1,'',0,0,0,'',152,'sandra','2012-01-19 03:24:59'),(89,'FVE','00','00042354','2012-01-19 03:27:01','2012-01-18 05:00:00','0000-00-00 00:00:00',1,1,'',300,0,300,'',1,'sandra','2012-01-19 03:27:12'),(90,'FVE','00','00042355','2012-01-19 04:00:57','2012-01-18 05:00:00','0000-00-00 00:00:00',1,1,'',4000,0,4000,'',2,'sandra','2012-01-19 04:21:00'),(91,'FVE','00','00042356','2012-01-19 20:09:21','2012-01-19 05:00:00','0000-00-00 00:00:00',1,1,'',38500,0,38500,'',5,'lorena','2012-01-19 20:11:28'),(92,'CON','00','00042356','2012-01-19 20:11:28','2012-01-19 20:11:28','0000-00-00 00:00:00',1,1,'',0,0,0,'',508,'lorena','2012-01-19 20:11:28'),(93,'FVE','00','T-795819','2012-01-19 20:11:40','2012-01-20 05:00:00','2012-01-20 05:00:00',1,1,'',0,0,0,'',0,'lorena','2012-01-20 15:33:36'),(94,'FVE','00','00042357','2012-01-19 20:31:48','2012-01-19 05:00:00','0000-00-00 00:00:00',1,1,'',4000,0,4000,'',1,'lorena','2012-01-19 20:37:05'),(95,'FVE','00','00042358','2012-01-19 22:12:56','2012-01-19 05:00:00','0000-00-00 00:00:00',1,1,'',29750,0,29750,'',2,'sandra','2012-01-19 22:14:18'),(96,'CON','00','00042358','2012-01-19 22:14:18','2012-01-19 22:14:18','0000-00-00 00:00:00',1,1,'',0,0,0,'',637.5,'sandra','2012-01-19 22:14:18'),(98,'FVE','00','00042359','2012-01-19 22:48:50','2012-01-19 05:00:00','0000-00-00 00:00:00',1,1,'',4500,0,4500,'',1,'sandra','2012-01-19 22:49:08'),(99,'FVE','00','00042360','2012-01-19 23:36:38','2012-01-19 05:00:00','0000-00-00 00:00:00',1,1,'',27000,0,27000,'',2,'sandra','2012-01-19 23:37:33'),(100,'CON','00','00042360','2012-01-19 23:37:33','2012-01-19 23:37:33','0000-00-00 00:00:00',1,1,'',0,0,0,'',600,'sandra','2012-01-19 23:37:33'),(101,'FVE','00','00042361','2012-01-19 23:42:29','2012-01-19 05:00:00','0000-00-00 00:00:00',1,1,'',11800,0,11800,'',5,'sandra','2012-01-19 23:43:25'),(102,'FVE','00','00042362','2012-01-20 00:03:07','2012-01-19 05:00:00','0000-00-00 00:00:00',1,1,'',7000,0,7000,'',2,'sandra','2012-01-20 00:03:30'),(103,'FVE','00','00042363','2012-01-20 00:26:19','2012-01-19 05:00:00','0000-00-00 00:00:00',1,1,'',29500,0,29500,'',1,'sandra','2012-01-20 00:26:46'),(104,'CON','00','00042363','2012-01-20 00:26:46','2012-01-20 00:26:46','0000-00-00 00:00:00',1,1,'',0,0,0,'',500,'sandra','2012-01-20 00:26:46'),(105,'FVE','00','00042364','2012-01-20 00:30:51','2012-01-19 05:00:00','0000-00-00 00:00:00',1,1,'',6000,0,6000,'',1,'sandra','2012-01-20 00:31:22'),(106,'FVE','00','00042365','2012-01-20 00:32:51','2012-01-19 05:00:00','0000-00-00 00:00:00',1,1,'',27000,0,27000,'',2,'sandra','2012-01-20 00:33:08'),(107,'CON','00','00042365','2012-01-20 00:33:08','2012-01-20 00:33:08','0000-00-00 00:00:00',1,1,'',0,0,0,'',508,'sandra','2012-01-20 00:33:08'),(108,'FVE','00','00042366','2012-01-20 00:34:45','2012-01-19 05:00:00','0000-00-00 00:00:00',1,1,'',4500,0,4500,'',1,'sandra','2012-01-20 00:34:53'),(109,'FVE','00','00042367','2012-01-20 00:40:07','2012-01-19 05:00:00','0000-00-00 00:00:00',1,1,'',29500,0,29500,'',1,'sandra','2012-01-20 00:42:08'),(110,'CON','00','00042367','2012-01-20 00:42:08','2012-01-20 00:42:08','0000-00-00 00:00:00',1,1,'',0,0,0,'',500,'sandra','2012-01-20 00:42:08'),(111,'FVE','00','00042368','2012-01-20 00:42:23','2012-01-19 05:00:00','0000-00-00 00:00:00',1,1,'',39000,0,39000,'',4,'sandra','2012-01-20 00:43:02'),(112,'FVE','00','00042369','2012-01-20 00:43:33','2012-01-19 05:00:00','0000-00-00 00:00:00',1,1,'',30000,0,30000,'',1,'sandra','2012-01-20 00:43:59'),(113,'FVE','00','00042370','2012-01-20 00:44:41','2012-01-19 05:00:00','0000-00-00 00:00:00',1,1,'',6000,0,6000,'',1,'sandra','2012-01-20 00:45:13'),(114,'FVE','00','00042371','2012-01-20 00:48:12','2012-01-19 05:00:00','0000-00-00 00:00:00',1,1,'',27000,0,27000,'',2,'sandra','2012-01-20 00:48:41'),(115,'CON','00','00042371','2012-01-20 00:48:41','2012-01-20 00:48:41','0000-00-00 00:00:00',1,1,'',0,0,0,'',508,'sandra','2012-01-20 00:48:41'),(116,'FVE','00','00042372','2012-01-20 00:51:30','2012-01-19 05:00:00','0000-00-00 00:00:00',1,1,'',35100,0,35100,'',15,'sandra','2012-01-20 03:49:34'),(118,'FVE','00','00042373','2012-01-20 00:59:59','2012-01-19 05:00:00','0000-00-00 00:00:00',1,1,'',22000,0,22000,'',2,'sandra','2012-01-20 01:01:38'),(119,'CON','00','00042373','2012-01-20 01:01:38','2012-01-20 01:01:38','0000-00-00 00:00:00',1,1,'',0,0,0,'',200,'sandra','2012-01-20 01:01:38'),(121,'FVE','00','00042374','2012-01-20 01:06:10','2012-01-19 05:00:00','0000-00-00 00:00:00',1,1,'',27500,0,27500,'',2,'sandra','2012-01-20 01:07:14'),(122,'CON','00','00042374','2012-01-20 01:07:14','2012-01-20 01:07:14','0000-00-00 00:00:00',1,1,'',0,0,0,'',450,'sandra','2012-01-20 01:07:14'),(123,'FVE','00','00042375','2012-01-20 01:07:43','2012-01-19 05:00:00','0000-00-00 00:00:00',1,1,'',65000,0,65000,'',9,'sandra','2012-01-20 01:08:52'),(124,'FVE','00','00042376','2012-01-20 01:13:01','2012-01-19 05:00:00','0000-00-00 00:00:00',1,1,'',30000,0,30000,'',2,'sandra','2012-01-20 01:13:42'),(125,'CON','00','00042376','2012-01-20 01:13:42','2012-01-20 01:13:42','0000-00-00 00:00:00',1,1,'',0,0,0,'',525,'sandra','2012-01-20 01:13:42'),(126,'FVE','00','00042377','2012-01-20 01:20:55','2012-01-19 05:00:00','0000-00-00 00:00:00',1,1,'',23000,0,23000,'',8,'sandra','2012-01-20 01:21:26'),(127,'FVE','00','00042378','2012-01-20 01:38:42','2012-01-19 05:00:00','0000-00-00 00:00:00',1,1,'',3700,0,3700,'',5,'sandra','2012-01-20 01:39:04'),(128,'FVE','00','00042379','2012-01-20 01:54:12','2012-01-19 05:00:00','0000-00-00 00:00:00',1,1,'',17500,0,17500,'',6,'sandra','2012-01-20 01:54:35'),(129,'FVE','00','00042380','2012-01-20 01:55:26','2012-01-19 05:00:00','0000-00-00 00:00:00',1,1,'',33000,0,33000,'',5,'sandra','2012-01-20 01:56:48'),(130,'CON','00','00042380','2012-01-20 01:56:48','2012-01-20 01:56:48','0000-00-00 00:00:00',1,1,'',0,0,0,'',525,'sandra','2012-01-20 01:56:49'),(131,'FVE','00','00042381','2012-01-20 02:02:53','2012-01-19 05:00:00','0000-00-00 00:00:00',1,1,'',77000,0,77000,'',4,'sandra','2012-01-20 02:05:12'),(132,'FVE','00','00042382','2012-01-20 02:22:14','2012-01-19 05:00:00','0000-00-00 00:00:00',1,1,'',70500,0,70500,'',2,'sandra','2012-01-20 02:24:44'),(133,'CON','00','00042382','2012-01-20 02:24:44','2012-01-20 02:24:44','0000-00-00 00:00:00',1,1,'',0,0,0,'',400,'sandra','2012-01-20 02:24:44'),(134,'FVE','00','00042393','2012-01-20 02:27:59','2012-01-20 05:00:00','0000-00-00 00:00:00',1,1,'',11000,0,11000,'',0.5,'sandra','2012-01-20 22:17:14'),(135,'FVE','00','00042394','2012-01-20 02:37:07','2012-01-20 05:00:00','0000-00-00 00:00:00',1,1,'',13500,0,13500,'',1.5,'sandra','2012-01-20 22:17:20'),(136,'FVE','00','00042383','2012-01-20 02:44:42','2012-01-19 05:00:00','0000-00-00 00:00:00',1,1,'',26000,0,26000,'',2,'sandra','2012-01-20 02:46:18'),(137,'CON','00','00042383','2012-01-20 02:46:18','2012-01-20 02:46:18','0000-00-00 00:00:00',1,1,'',0,0,0,'',150,'sandra','2012-01-20 02:46:18'),(138,'FVE','00','00042384','2012-01-20 02:59:02','2012-01-19 05:00:00','0000-00-00 00:00:00',1,1,'',12500,0,12500,'',3,'sandra','2012-01-20 03:01:02'),(140,'CON','00','00042384','2012-01-20 03:01:02','2012-01-20 03:01:02','0000-00-00 00:00:00',1,1,'',0,0,0,'',320,'sandra','2012-01-20 03:01:02'),(141,'FVE','00','00042385','2012-01-20 03:01:28','2012-01-19 05:00:00','0000-00-00 00:00:00',1,1,'',6000,0,6000,'',1,'sandra','2012-01-20 03:01:44'),(142,'FVE','00','00042386','2012-01-20 03:28:46','2012-01-19 05:00:00','0000-00-00 00:00:00',1,1,'',43500,0,43500,'',6,'sandra','2012-01-20 03:28:56'),(143,'CON','00','00042386','2012-01-20 03:28:56','2012-01-20 03:28:56','0000-00-00 00:00:00',1,1,'',0,0,0,'',500,'sandra','2012-01-20 03:28:56'),(144,'FVE','00','00042387','2012-01-20 03:53:53','2012-01-19 05:00:00','0000-00-00 00:00:00',1,1,'',3000,0,3000,'',1,'sandra','2012-01-20 03:54:03'),(145,'FVE','00','00042388','2012-01-20 04:03:18','2012-01-19 05:00:00','0000-00-00 00:00:00',1,1,'',25000,0,25000,'',1,'sandra','2012-01-20 04:03:32'),(146,'CON','00','00042388','2012-01-20 04:03:32','2012-01-20 04:03:32','0000-00-00 00:00:00',1,1,'',0,0,0,'',600,'sandra','2012-01-20 04:03:32'),(148,'FVE','00','00042389','2012-01-20 04:19:03','2012-01-19 05:00:00','0000-00-00 00:00:00',1,1,'',8000,0,8000,'',3,'sandra','2012-01-20 04:19:22'),(151,'CON','00','00042326','2012-01-20 15:31:57','2012-01-20 15:31:57','0000-00-00 00:00:00',1,1,'',0,0,0,'',4396,'lorena','2012-01-20 15:31:58'),(152,'CON','00','00042325','2012-01-20 15:32:46','2012-01-20 15:32:46','0000-00-00 00:00:00',1,1,'',0,0,0,'',508,'lorena','2012-01-20 15:32:47'),(154,'FCO','00','T-239114','2012-01-20 16:12:44','0000-00-00 00:00:00','0000-00-00 00:00:00',1,1,'',0,0,0,'',0,'monica','2012-01-20 16:12:44'),(155,'FCO','00','T-291711','2012-01-20 16:22:46','0000-00-00 00:00:00','0000-00-00 00:00:00',1,1,'',0,0,0,'',0,'monica','2012-01-20 16:22:46'),(156,'FVE','00','00042390','2012-01-20 21:59:27','2012-01-20 05:00:00','0000-00-00 00:00:00',1,1,'',33000,0,33000,'',2,'sandra','2012-01-20 22:00:26'),(157,'CON','00','00042390','2012-01-20 22:00:26','2012-01-20 22:00:26','0000-00-00 00:00:00',1,1,'',0,0,0,'',800,'sandra','2012-01-20 22:00:26'),(158,'FVE','00','00042391','2012-01-20 22:03:52','2012-01-20 05:00:00','0000-00-00 00:00:00',1,1,'',24500,0,24500,'',1,'sandra','2012-01-20 22:04:23'),(159,'CON','00','00042391','2012-01-20 22:04:23','2012-01-20 22:04:23','0000-00-00 00:00:00',1,1,'',0,0,0,'',525,'sandra','2012-01-20 22:04:23'),(160,'FVE','00','00042392','2012-01-20 22:14:27','2012-01-20 05:00:00','0000-00-00 00:00:00',1,1,'',12000,0,12000,'',2,'sandra','2012-01-20 22:14:58'),(161,'CON','00','00042393','2012-01-20 22:17:14','2012-01-20 22:17:14','0000-00-00 00:00:00',1,1,'',0,0,0,'',150,'sandra','2012-01-20 22:17:14'),(162,'CON','00','00042394','2012-01-20 22:17:20','2012-01-20 22:17:20','0000-00-00 00:00:00',1,1,'',0,0,0,'',150,'sandra','2012-01-20 22:17:20'),(163,'FVE','00','T-969650','2012-01-20 22:17:55','0000-00-00 00:00:00','0000-00-00 00:00:00',1,1,'',0,0,0,'',0,'sandra','2012-01-20 22:17:55'),(164,'FVE','00','00042395','2012-01-20 22:31:12','2012-01-20 05:00:00','0000-00-00 00:00:00',1,1,'',42000,0,42000,'',30,'sandra','2012-01-21 04:31:01'),(165,'FVE','00','00042396','2012-01-20 22:31:41','2012-01-20 05:00:00','0000-00-00 00:00:00',1,1,'',29000,0,29000,'',1,'sandra','2012-01-20 22:39:58'),(166,'CON','00','00042396','2012-01-20 22:39:58','2012-01-20 22:39:58','0000-00-00 00:00:00',1,1,'',0,0,0,'',400,'sandra','2012-01-20 22:39:58'),(167,'FVE','00','00042397','2012-01-20 22:45:24','2012-01-20 05:00:00','0000-00-00 00:00:00',1,1,'',20500,0,20500,'',2,'sandra','2012-01-20 22:45:57'),(168,'CON','00','00042397','2012-01-20 22:45:57','2012-01-20 22:45:57','0000-00-00 00:00:00',1,1,'',0,0,0,'',200,'sandra','2012-01-20 22:45:57'),(169,'FVE','00','00042398','2012-01-20 23:05:46','2012-01-20 05:00:00','0000-00-00 00:00:00',1,1,'',27000,0,27000,'',2,'sandra','2012-01-20 23:06:50'),(170,'CON','00','00042398','2012-01-20 23:06:50','2012-01-20 23:06:50','0000-00-00 00:00:00',1,1,'',0,0,0,'',508,'sandra','2012-01-20 23:06:50'),(171,'FVE','00','00042399','2012-01-20 23:07:39','2012-01-20 05:00:00','0000-00-00 00:00:00',1,1,'',33000,0,33000,'',2,'sandra','2012-01-20 23:08:12'),(172,'CON','00','00042399','2012-01-20 23:08:12','2012-01-20 23:08:12','0000-00-00 00:00:00',1,1,'',0,0,0,'',800,'sandra','2012-01-20 23:08:12'),(173,'FVE','00','00042400','2012-01-20 23:26:45','2012-01-20 05:00:00','0000-00-00 00:00:00',1,1,'',17500,0,17500,'',4,'sandra','2012-01-20 23:27:31'),(174,'FVE','00','00042401','2012-01-21 00:44:03','2012-01-20 05:00:00','0000-00-00 00:00:00',1,1,'',49500,0,49500,'',6,'sandra','2012-01-21 00:45:19'),(175,'FVE','00','00042402','2012-01-21 00:45:53','2012-01-20 05:00:00','0000-00-00 00:00:00',1,1,'',41000,0,41000,'',3,'sandra','2012-01-21 00:46:15'),(176,'FVE','00','00042403','2012-01-21 00:46:35','2012-01-20 05:00:00','0000-00-00 00:00:00',1,1,'',13000,0,13000,'',3,'sandra','2012-01-21 00:47:17'),(177,'CON','00','00042403','2012-01-21 00:47:17','2012-01-21 00:47:17','0000-00-00 00:00:00',1,1,'',0,0,0,'',320,'sandra','2012-01-21 00:47:17'),(178,'FVE','00','00042404','2012-01-21 00:47:36','2012-01-20 05:00:00','0000-00-00 00:00:00',1,1,'',43000,0,43000,'',1,'sandra','2012-01-21 00:48:12'),(179,'FVE','00','00042405','2012-01-21 00:48:27','2012-01-20 05:00:00','0000-00-00 00:00:00',1,1,'',8000,0,8000,'',2,'sandra','2012-01-21 00:48:38'),(180,'FVE','00','00042406','2012-01-21 00:48:58','2012-01-20 05:00:00','0000-00-00 00:00:00',1,1,'',31000,0,31000,'',1,'sandra','2012-01-21 00:49:07'),(181,'CON','00','00042406','2012-01-21 00:49:07','2012-01-21 00:49:07','0000-00-00 00:00:00',1,1,'',0,0,0,'',616,'sandra','2012-01-21 00:49:07'),(182,'FVE','00','00042407','2012-01-21 00:49:30','2012-01-20 05:00:00','0000-00-00 00:00:00',1,1,'',4500,0,4500,'',1,'sandra','2012-01-21 00:49:43'),(183,'FVE','00','00042408','2012-01-21 00:50:07','2012-01-20 05:00:00','0000-00-00 00:00:00',1,1,'',38500,0,38500,'',4,'sandra','2012-01-21 00:51:08'),(184,'CON','00','00042408','2012-01-21 00:51:08','2012-01-21 00:51:08','0000-00-00 00:00:00',1,1,'',0,0,0,'',200,'sandra','2012-01-21 00:51:08'),(185,'FVE','00','00042409','2012-01-21 00:51:23','2012-01-20 05:00:00','0000-00-00 00:00:00',1,1,'',4000,0,4000,'',2,'sandra','2012-01-21 00:51:43'),(186,'FVE','00','00042410','2012-01-21 00:51:58','2012-01-20 05:00:00','0000-00-00 00:00:00',1,1,'',4500,0,4500,'',1,'sandra','2012-01-21 00:52:32'),(187,'CON','00','00042410','2012-01-21 00:52:32','2012-01-21 00:52:32','0000-00-00 00:00:00',1,1,'',0,0,0,'',160,'sandra','2012-01-21 00:52:32'),(188,'FVE','00','00042411','2012-01-21 00:52:53','2012-01-20 05:00:00','0000-00-00 00:00:00',1,1,'',27000,0,27000,'',1,'sandra','2012-01-21 00:54:23'),(189,'CON','00','00042411','2012-01-21 00:54:23','2012-01-21 00:54:23','0000-00-00 00:00:00',1,1,'',0,0,0,'',750,'sandra','2012-01-21 00:54:24'),(190,'FVE','00','00042412','2012-01-21 00:54:55','2012-01-20 05:00:00','0000-00-00 00:00:00',1,1,'',33000,0,33000,'',2,'sandra','2012-01-21 00:58:24'),(191,'FVE','00','00042413','2012-01-21 01:00:30','2012-01-20 05:00:00','0000-00-00 00:00:00',1,1,'',35000,0,35000,'',2,'sandra','2012-01-21 01:00:43'),(192,'CON','00','00042413','2012-01-21 01:00:43','2012-01-21 01:00:43','0000-00-00 00:00:00',1,1,'',0,0,0,'',616,'sandra','2012-01-21 01:00:43'),(193,'FVE','00','T-310470','2012-01-20 13:00:27','0000-00-00 00:00:00','0000-00-00 00:00:00',1,1,'',0,0,0,'',0,'sandra','2012-01-22 13:00:27'),(194,'FVE','00','00042414','2012-01-21 01:07:26','2012-01-20 05:00:00','0000-00-00 00:00:00',1,1,'',25000,0,25000,'',1,'sandra','2012-01-21 01:07:42'),(195,'CON','00','00042414','2012-01-21 01:07:42','2012-01-21 01:07:42','0000-00-00 00:00:00',1,1,'',0,0,0,'',300,'sandra','2012-01-21 01:07:42'),(196,'FVE','00','00042415','2012-01-21 01:08:38','2012-01-20 05:00:00','0000-00-00 00:00:00',1,1,'',35500,0,35500,'',1,'sandra','2012-01-21 01:09:38'),(197,'FVE','00','00042416','2012-01-21 01:10:55','2012-01-20 05:00:00','0000-00-00 00:00:00',1,1,'',29500,0,29500,'',2,'sandra','2012-01-21 01:12:07'),(198,'CON','00','00042416','2012-01-21 01:12:07','2012-01-21 01:12:07','0000-00-00 00:00:00',1,1,'',0,0,0,'',525,'sandra','2012-01-21 01:12:07'),(199,'FVE','00','00042417','2012-01-21 01:12:37','2012-01-20 05:00:00','0000-00-00 00:00:00',1,1,'',49000,0,49000,'',4,'sandra','2012-01-21 04:28:44'),(201,'FVE','00','00042418','2012-01-21 01:17:22','2012-01-20 05:00:00','0000-00-00 00:00:00',1,1,'',36500,0,36500,'',6,'sandra','2012-01-21 01:18:06'),(202,'CON','00','00042418','2012-01-21 01:18:06','2012-01-21 01:18:06','0000-00-00 00:00:00',1,1,'',0,0,0,'',450,'sandra','2012-01-21 01:18:07'),(203,'FVE','00','00042419','2012-01-21 01:18:36','2012-01-20 05:00:00','0000-00-00 00:00:00',1,1,'',22300,0,22300,'',2,'sandra','2012-01-21 01:19:22'),(204,'CON','00','00042419','2012-01-21 01:19:22','2012-01-21 01:19:22','0000-00-00 00:00:00',1,1,'',0,0,0,'',561,'sandra','2012-01-21 01:19:22'),(205,'FVE','00','00042420','2012-01-21 01:21:41','2012-01-20 05:00:00','0000-00-00 00:00:00',1,1,'',28000,0,28000,'',1,'sandra','2012-01-21 01:21:59'),(206,'FVE','00','00042421','2012-01-21 01:26:42','2012-01-20 05:00:00','0000-00-00 00:00:00',1,1,'',29500,0,29500,'',3,'sandra','2012-01-21 01:30:46'),(207,'CON','00','00042421','2012-01-21 01:30:46','2012-01-21 01:30:46','0000-00-00 00:00:00',1,1,'',0,0,0,'',525,'sandra','2012-01-21 01:30:47'),(208,'FVE','00','00042440','2012-01-21 01:31:29','2012-01-20 05:00:00','0000-00-00 00:00:00',1,1,'',6000,0,6000,'',1,'sandra','2012-01-21 04:27:39'),(209,'FVE','00','00042422','2012-01-21 02:02:30','2012-01-20 05:00:00','0000-00-00 00:00:00',1,1,'',47000,0,47000,'',2,'sandra','2012-01-21 02:06:58'),(210,'FVE','00','00042423','2012-01-21 02:07:21','2012-01-20 05:00:00','0000-00-00 00:00:00',1,1,'',42000,0,42000,'',1,'sandra','2012-01-21 02:08:09'),(211,'FVE','00','00042424','2012-01-21 02:08:25','2012-01-20 05:00:00','0000-00-00 00:00:00',1,1,'',4500,0,4500,'',1,'sandra','2012-01-21 02:09:00'),(212,'CON','00','00042424','2012-01-21 02:09:00','2012-01-21 02:09:00','0000-00-00 00:00:00',1,1,'',0,0,0,'',160,'sandra','2012-01-21 02:09:00'),(214,'FVE','00','00042425','2012-01-21 02:10:01','2012-01-20 05:00:00','0000-00-00 00:00:00',1,1,'',4500,0,4500,'',1,'sandra','2012-01-21 02:10:23'),(215,'CON','00','00042425','2012-01-21 02:10:23','2012-01-21 02:10:23','0000-00-00 00:00:00',1,1,'',0,0,0,'',160,'sandra','2012-01-21 02:10:23'),(216,'FVE','00','00042426','2012-01-21 02:10:41','2012-01-20 05:00:00','0000-00-00 00:00:00',1,1,'',44500,0,44500,'',15,'sandra','2012-01-21 02:12:05'),(218,'FVE','00','00042427','2012-01-21 02:13:08','2012-01-20 05:00:00','0000-00-00 00:00:00',1,1,'',3000,0,3000,'',1,'sandra','2012-01-21 02:13:22'),(219,'FVE','00','00042428','2012-01-21 02:13:41','2012-01-20 05:00:00','0000-00-00 00:00:00',1,1,'',44000,0,44000,'',1,'sandra','2012-01-21 02:13:50'),(220,'FVE','00','00042429','2012-01-21 02:13:52','2012-01-20 05:00:00','0000-00-00 00:00:00',1,1,'',36000,0,36000,'',1,'sandra','2012-01-21 02:14:09'),(221,'FVE','00','00042430','2012-01-21 02:14:29','2012-01-20 05:00:00','0000-00-00 00:00:00',1,1,'',28000,0,28000,'',1,'sandra','2012-01-21 02:14:40'),(222,'FVE','00','00042431','2012-01-21 02:15:22','2012-01-20 05:00:00','0000-00-00 00:00:00',1,1,'',10000,0,10000,'',5,'sandra','2012-01-21 02:15:35'),(223,'FVE','00','00042432','2012-01-21 02:22:23','2012-01-20 05:00:00','0000-00-00 00:00:00',1,1,'',11500,0,11500,'',1,'sandra','2012-01-21 02:22:44'),(224,'CON','00','00042432','2012-01-21 02:22:44','2012-01-21 02:22:44','0000-00-00 00:00:00',1,1,'',0,0,0,'',254,'sandra','2012-01-21 02:22:44'),(225,'FVE','00','00042433','2012-01-21 02:23:46','2012-01-20 05:00:00','0000-00-00 00:00:00',1,1,'',62000,0,62000,'',11,'sandra','2012-01-21 04:27:03'),(227,'FVE','00','00042434','2012-01-21 02:27:49','2012-01-20 05:00:00','0000-00-00 00:00:00',1,1,'',24000,0,24000,'',3,'sandra','2012-01-21 02:29:18'),(228,'CON','00','00042434','2012-01-21 02:29:18','2012-01-21 02:29:18','0000-00-00 00:00:00',1,1,'',0,0,0,'',200,'sandra','2012-01-21 02:29:18'),(229,'FVE','00','00042435','2012-01-21 02:31:46','2012-01-20 05:00:00','0000-00-00 00:00:00',1,1,'',4000,0,4000,'',2,'sandra','2012-01-21 04:29:51'),(230,'FVE','00','00042436','2012-01-21 02:37:38','2012-01-20 05:00:00','0000-00-00 00:00:00',1,1,'',23000,0,23000,'',1,'sandra','2012-01-21 02:37:56'),(231,'CON','00','00042436','2012-01-21 02:37:56','2012-01-21 02:37:56','0000-00-00 00:00:00',1,1,'',0,0,0,'',508,'sandra','2012-01-21 02:37:56'),(232,'FVE','00','00042437','2012-01-21 03:33:42','2012-01-20 05:00:00','0000-00-00 00:00:00',1,1,'',4500,0,4500,'',1,'sandra','2012-01-21 03:33:53'),(233,'FVE','00','00042438','2012-01-21 03:41:15','2012-01-20 05:00:00','0000-00-00 00:00:00',1,1,'',16500,0,16500,'',3,'sandra','2012-01-21 03:41:59'),(234,'CON','00','00042438','2012-01-21 03:41:59','2012-01-21 03:41:59','0000-00-00 00:00:00',1,1,'',0,0,0,'',254,'sandra','2012-01-21 03:41:59'),(235,'FVE','00','00042439','2012-01-21 03:47:24','2012-01-20 05:00:00','0000-00-00 00:00:00',1,1,'',58000,0,58000,'',7,'sandra','2012-01-21 03:50:42'),(236,'CON','00','00042433','2012-01-21 04:27:03','2012-01-21 04:27:03','0000-00-00 00:00:00',1,1,'',0,0,0,'',616,'sandra','2012-01-21 04:27:03'),(237,'CON','00','00042417','2012-01-21 04:28:44','2012-01-21 04:28:44','0000-00-00 00:00:00',1,1,'',0,0,0,'',552,'sandra','2012-01-21 04:28:44'),(238,'FVE','00','00042441','2012-01-21 05:00:10','2012-01-21 05:00:00','0000-00-00 00:00:00',1,1,'',3000,0,3000,'',1,'sandra','2012-01-21 05:00:42'),(239,'FVE','00','T-510421','2012-01-21 22:24:24','0000-00-00 00:00:00','0000-00-00 00:00:00',1,1,'',0,0,0,'',0,'said','2012-01-21 22:24:24'),(240,'FVE','00','T-510422','2012-01-21 13:40:51','0000-00-00 00:00:00','0000-00-00 00:00:00',1,1,'',0,0,0,'',0,'said','2012-01-22 13:40:51'),(241,'FVE','00','T-199343','2012-01-01 22:29:04','0000-00-00 00:00:00','0000-00-00 00:00:00',1,1,'',0,0,0,'',0,'said','2012-01-21 22:29:04'),(242,'FVE','00','T-445657','0000-00-00 00:00:00','0000-00-00 00:00:00','0000-00-00 00:00:00',1,1,'',0,0,0,'',0,'said','2012-01-21 22:50:12'),(243,'FVE','00','T-976599','2012-01-21 22:43:55','0000-00-00 00:00:00','0000-00-00 00:00:00',1,1,'',0,0,0,'',0,'said','2012-01-21 22:43:55');
/*!40000 ALTER TABLE `documentos` ENABLE KEYS */;
UNLOCK TABLES;

DELIMITER ;;
/*!50003 SET SESSION SQL_MODE="NO_AUTO_CREATE_USER,NO_ENGINE_SUBSTITUTION" */;;
/*!50003 CREATE */ /*!50017 DEFINER=`root`@`localhost` */ /*!50003 TRIGGER `documentos_before_upd_tr` BEFORE UPDATE ON `documentos` FOR EACH ROW BEGIN
  IF (OLD.TIPODOC = "FVE") THEN  
    IF (OLD.FECASENTADO = "0000-00-00 00:00:00") AND (NEW.FECASENTADO <> "0000-00-00 00:00:00") THEN
         CALL PA_AsentarExistenciasVenta(NEW.DOCUID); 
    END IF;
 
    IF (OLD.FECASENTADO <> "0000-00-00 00:00:00") AND (NEW.FECASENTADO = "0000-00-00 00:00:00") THEN
         CALL PA_ReversarExistenciasVenta(NEW.DOCUID); 
    END IF;
  END IF;
  IF (OLD.TIPODOC = "FCO") THEN  
    IF (OLD.FECASENTADO = "0000-00-00 00:00:00") AND (NEW.FECASENTADO <> "0000-00-00 00:00:00") THEN
         CALL PA_AsentarExistenciasCompra(NEW.DOCUID); 
    END IF;
 
    IF (OLD.FECASENTADO <> "0000-00-00 00:00:00") AND (NEW.FECASENTADO = "0000-00-00 00:00:00") THEN
         CALL PA_ReversarExistenciasCompra(NEW.DOCUID); 
    END IF;
  END IF;
END */;;

DELIMITER ;
/*!50003 SET SESSION SQL_MODE=@OLD_SQL_MODE */;

--
-- Table structure for table `docuself`
--

DROP TABLE IF EXISTS `docuself`;
CREATE TABLE `docuself` (
  `docuid` bigint(20) NOT NULL,
  `bodegaori` int(11) NOT NULL,
  `bodegades` int(11) NOT NULL,
  PRIMARY KEY  (`docuid`),
  KEY `bodegaori` (`bodegaori`,`bodegades`)
) ENGINE=InnoDB DEFAULT CHARSET=utf8 COMMENT='Datos Adicionales del Documento';

--
-- Dumping data for table `docuself`
--

LOCK TABLES `docuself` WRITE;
/*!40000 ALTER TABLE `docuself` DISABLE KEYS */;
INSERT INTO `docuself` VALUES (40,3,3),(1172,3,3),(1173,3,3),(1273,3,3),(39,3,4);
/*!40000 ALTER TABLE `docuself` ENABLE KEYS */;
UNLOCK TABLES;

--
-- Table structure for table `entidades`
--

DROP TABLE IF EXISTS `entidades`;
CREATE TABLE `entidades` (
  `entidadid` int(11) NOT NULL auto_increment,
  `codigo` varchar(5) NOT NULL,
  `descripcion` varchar(25) NOT NULL,
  `creador` varchar(20) NOT NULL,
  `momento` timestamp NOT NULL default CURRENT_TIMESTAMP,
  PRIMARY KEY  (`entidadid`),
  KEY `codigo` (`codigo`)
) ENGINE=InnoDB AUTO_INCREMENT=33 DEFAULT CHARSET=utf8 COMMENT='Entidades EPS';

--
-- Dumping data for table `entidades`
--

LOCK TABLES `entidades` WRITE;
/*!40000 ALTER TABLE `entidades` DISABLE KEYS */;
INSERT INTO `entidades` VALUES (2,'01','AVANZAR MEDICO','ADMINISTRADOR','2012-01-22 23:02:42'),(3,'02','CAFESALUD','ADMINISTRADOR','2012-01-22 23:02:42'),(4,'03','CAPRECON','ADMINISTRADOR','2012-01-22 23:02:42'),(5,'04','COESALUD','ADMINISTRADOR','2012-01-22 23:02:42'),(6,'05','COLMEDICA','ADMINISTRADOR','2012-01-22 23:02:42'),(7,'06','COMFAORIENTE','ADMINISTRADOR','2012-01-22 23:02:42'),(8,'07','COMFENALCO','ADMINISTRADOR','2012-01-22 23:02:42'),(9,'08','COMPENSAR','ADMINISTRADOR','2012-01-22 23:02:42'),(10,'09','COOMEVA','ADMINISTRADOR','2012-01-22 23:02:42'),(11,'10','CRUZ BLANCA','ADMINISTRADOR','2012-01-22 23:02:42'),(12,'11','ECOOPSOS','ADMINISTRADOR','2012-01-22 23:02:42'),(13,'12','ECOPETROL','ADMINISTRADOR','2012-01-22 23:02:42'),(14,'13','FAMISALUD','ADMINISTRADOR','2012-01-22 23:02:42'),(15,'14','FAMISANAR','ADMINISTRADOR','2012-01-22 23:02:42'),(16,'15','FUNDACION MEDICO PREVENTI','ADMINISTRADOR','2012-01-22 23:02:42'),(17,'16','GOLDEN GROUP','ADMINISTRADOR','2012-01-22 23:02:42'),(18,'17','GOLDEN GROUP EPS','ADMINISTRADOR','2012-01-22 23:02:42'),(19,'18','HUMANAVIVIR','ADMINISTRADOR','2012-01-22 23:02:42'),(20,'19','ISS','ADMINISTRADOR','2012-01-22 23:02:42'),(21,'20','MULTIMEDICAS','ADMINISTRADOR','2012-01-22 23:02:42'),(22,'21','NINGUNA','ADMINISTRADOR','2012-01-22 23:02:42'),(23,'22','NUEVA EPS','ADMINISTRADOR','2012-01-22 23:02:42'),(24,'23','PONAL','ADMINISTRADOR','2012-01-22 23:02:42'),(25,'24','REDSALUD','ADMINISTRADOR','2012-01-22 23:02:42'),(26,'25','SALUDCOOP','ADMINISTRADOR','2012-01-22 23:02:42'),(27,'26','SALUDTOTAL','ADMINISTRADOR','2012-01-22 23:02:42'),(28,'27','SALUDVIDA','ADMINISTRADOR','2012-01-22 23:02:42'),(29,'28','SANIDAD MILITAR','ADMINISTRADOR','2012-01-22 23:02:42'),(30,'29','SANITAS','ADMINISTRADOR','2012-01-22 23:02:42'),(31,'30','SOLSALUD','ADMINISTRADOR','2012-01-22 23:02:42'),(32,'31','SUSALUD','ADMINISTRADOR','2012-01-22 23:02:42');
/*!40000 ALTER TABLE `entidades` ENABLE KEYS */;
UNLOCK TABLES;

--
-- Table structure for table `estadocivil`
--

DROP TABLE IF EXISTS `estadocivil`;
CREATE TABLE `estadocivil` (
  `codigo` varchar(2) NOT NULL,
  `descripcion` varchar(20) NOT NULL,
  PRIMARY KEY  (`codigo`)
) ENGINE=InnoDB DEFAULT CHARSET=utf8 COMMENT='Estado Civil del Tercero';

--
-- Dumping data for table `estadocivil`
--

LOCK TABLES `estadocivil` WRITE;
/*!40000 ALTER TABLE `estadocivil` DISABLE KEYS */;
INSERT INTO `estadocivil` VALUES ('01','SOLTERO'),('02','CASADO'),('03','DIVORCIADO'),('04','VIUDO'),('05','UNION LIBRE'),('06','OTRO');
/*!40000 ALTER TABLE `estadocivil` ENABLE KEYS */;
UNLOCK TABLES;

--
-- Table structure for table `existencias`
--

DROP TABLE IF EXISTS `existencias`;
CREATE TABLE `existencias` (
  `bodegaid` int(11) NOT NULL,
  `itemid` bigint(20) NOT NULL,
  `existencia` int(11) NOT NULL,
  PRIMARY KEY  (`bodegaid`,`itemid`),
  KEY `itemid` (`itemid`),
  CONSTRAINT `existencias_ibfk_1` FOREIGN KEY (`bodegaid`) REFERENCES `bodegas` (`bodegaid`),
  CONSTRAINT `existencias_ibfk_2` FOREIGN KEY (`itemid`) REFERENCES `productos` (`itemid`)
) ENGINE=InnoDB DEFAULT CHARSET=utf8;

--
-- Dumping data for table `existencias`
--

LOCK TABLES `existencias` WRITE;
/*!40000 ALTER TABLE `existencias` DISABLE KEYS */;
INSERT INTO `existencias` VALUES (1,1,0),(1,2,0),(1,3,0),(1,4,0),(1,6,0),(1,7,0),(1,8,0),(1,9,0),(1,10,0),(1,11,0),(1,12,0),(1,13,0),(1,14,0),(1,15,0),(1,17,0),(1,18,0),(1,19,-2),(1,20,-3),(1,21,-2),(1,22,-9),(1,23,-2),(1,24,-1),(1,25,-2),(1,26,0),(1,27,0),(1,28,0),(1,29,0),(1,30,0),(1,31,-2),(1,32,0),(1,33,-2),(1,34,-2),(1,35,0),(1,36,0),(1,37,0),(1,38,0),(1,39,0),(1,40,0),(1,41,0),(1,42,0),(1,43,0),(1,44,0),(1,45,0),(1,47,0),(1,48,0),(1,49,0),(1,50,0),(1,51,0),(1,52,0),(1,53,-2),(1,54,-2),(1,55,0),(1,56,0),(1,57,0),(1,58,0),(1,59,0),(1,60,-2),(1,61,0),(1,62,-5),(1,63,-4),(1,64,-2),(1,65,0),(1,66,-12),(1,67,-3),(1,68,0),(1,69,-7),(1,70,-5),(1,71,-1),(1,72,0),(1,73,0),(1,74,0),(1,75,0),(1,76,0),(1,77,0),(1,78,0),(1,79,0),(1,80,0),(1,81,0),(1,82,0),(1,89,0),(1,90,0),(1,91,0),(1,93,-23),(1,94,-9),(1,95,-16),(1,96,-91),(1,97,0),(1,98,0),(1,99,-5),(1,100,-24),(1,101,-7),(1,102,-18),(1,103,-20),(1,105,-9),(1,106,-4),(1,107,0),(1,108,0),(1,109,-5),(1,110,0),(1,111,-1),(1,112,-1),(1,113,0),(1,114,-2),(1,115,-1),(1,116,0),(1,117,-52),(1,118,-7),(1,119,-6),(1,120,-10),(1,121,-10),(1,122,-8),(1,123,0),(1,124,-3),(1,125,0),(1,126,0),(1,127,0),(1,128,-2),(1,129,-1),(1,130,-2),(1,131,-3),(1,132,0),(1,133,0),(1,134,0),(1,135,0),(1,136,-2),(1,137,0),(1,138,-3),(1,139,0),(1,140,0),(1,141,0),(1,142,0),(1,143,0),(1,144,0),(1,145,-1),(1,146,0),(1,147,0),(1,148,0),(1,149,0),(1,154,-4),(1,155,-12),(1,156,0),(1,157,0),(1,158,-1),(1,159,0),(1,160,0),(1,161,-1),(1,162,0),(1,163,0),(1,164,0);
/*!40000 ALTER TABLE `existencias` ENABLE KEYS */;
UNLOCK TABLES;

--
-- Table structure for table `formapagodoc`
--

DROP TABLE IF EXISTS `formapagodoc`;
CREATE TABLE `formapagodoc` (
  `formapagoid` bigint(20) NOT NULL auto_increment,
  `docuid` bigint(20) NOT NULL,
  `mediopagoid` int(11) NOT NULL,
  `valor` double NOT NULL,
  `creador` varchar(20) NOT NULL,
  `momento` timestamp NOT NULL default CURRENT_TIMESTAMP,
  PRIMARY KEY  (`formapagoid`),
  KEY `docuid` (`docuid`,`mediopagoid`,`creador`)
) ENGINE=InnoDB AUTO_INCREMENT=128 DEFAULT CHARSET=utf8 COMMENT='Formas de Pago de Documentos';

--
-- Dumping data for table `formapagodoc`
--

LOCK TABLES `formapagodoc` WRITE;
/*!40000 ALTER TABLE `formapagodoc` DISABLE KEYS */;
INSERT INTO `formapagodoc` VALUES (1,1,1,9000,'administrador','2012-01-17 21:44:19'),(2,9,1,6000,'said','2012-01-17 22:52:35'),(3,10,1,31000,'said','2012-01-17 23:22:19'),(4,11,1,18000,'said','2012-01-18 14:54:58'),(5,14,1,31000,'said','2012-01-18 15:00:52'),(6,16,1,20000,'sandra','2012-01-18 15:01:54'),(7,20,1,4500,'carlos','2012-01-18 16:08:28'),(8,22,1,4500,'carlos','2012-01-18 16:09:19'),(9,24,1,8500,'sandra','2012-01-18 16:29:02'),(10,31,1,27000,'lorena','2012-01-18 20:47:33'),(11,33,1,354400,'lorena','2012-01-18 20:50:34'),(12,41,1,740800,'sandra','2012-01-18 22:18:44'),(13,45,1,8000,'sandra','2012-01-18 22:54:55'),(14,46,1,14000,'sandra','2012-01-18 22:56:57'),(15,50,1,30000,'sandra','2012-01-18 23:16:54'),(16,52,1,9000,'sandra','2012-01-18 23:18:06'),(17,53,1,31000,'sandra','2012-01-18 23:19:06'),(18,55,1,23000,'sandra','2012-01-18 23:27:15'),(19,57,1,4000,'sandra','2012-01-18 23:39:40'),(20,58,1,4500,'sandra','2012-01-18 23:50:41'),(21,60,1,14000,'sandra','2012-01-18 23:55:49'),(22,61,1,40500,'sandra','2012-01-19 00:04:51'),(23,63,1,42000,'sandra','2012-01-19 00:05:38'),(24,64,1,4000,'sandra','2012-01-19 00:10:59'),(25,65,1,18000,'sandra','2012-01-19 00:14:25'),(26,67,1,44000,'sandra','2012-01-19 00:16:54'),(27,68,1,10000,'sandra','2012-01-19 00:26:09'),(28,69,1,46500,'sandra','2012-01-19 00:31:52'),(29,71,1,20000,'sandra','2012-01-19 00:41:37'),(30,72,1,37500,'sandra','2012-01-19 00:49:18'),(31,73,1,31000,'sandra','2012-01-19 00:55:37'),(32,75,1,25000,'sandra','2012-01-19 01:02:49'),(33,77,1,29500,'sandra','2012-01-19 01:16:06'),(34,79,1,20500,'sandra','2012-01-19 01:40:22'),(35,81,1,42500,'sandra','2012-01-19 02:00:35'),(36,83,1,26000,'sandra','2012-01-19 02:57:22'),(37,85,1,24000,'sandra','2012-01-19 02:58:37'),(38,87,1,23500,'sandra','2012-01-19 03:24:59'),(39,89,1,300,'sandra','2012-01-19 03:27:12'),(40,90,1,4000,'sandra','2012-01-19 04:01:20'),(41,48,1,0,'sandra','2012-01-19 04:09:06'),(42,91,1,38500,'lorena','2012-01-19 20:11:28'),(43,94,1,4000,'lorena','2012-01-19 20:37:05'),(44,95,1,29750,'sandra','2012-01-19 22:14:18'),(45,98,1,4500,'sandra','2012-01-19 22:49:08'),(46,99,1,27000,'sandra','2012-01-19 23:37:33'),(47,101,1,11800,'sandra','2012-01-19 23:43:25'),(48,102,1,7000,'sandra','2012-01-20 00:03:30'),(49,103,1,29500,'sandra','2012-01-20 00:26:46'),(50,105,1,6000,'sandra','2012-01-20 00:31:22'),(51,106,1,27000,'sandra','2012-01-20 00:33:08'),(52,108,1,4500,'sandra','2012-01-20 00:34:53'),(53,109,1,29500,'sandra','2012-01-20 00:42:07'),(54,111,1,39000,'sandra','2012-01-20 00:43:02'),(55,112,1,30000,'sandra','2012-01-20 00:43:59'),(56,113,1,6000,'sandra','2012-01-20 00:45:13'),(57,114,1,27000,'sandra','2012-01-20 00:48:41'),(58,116,1,35100,'sandra','2012-01-20 00:51:47'),(59,118,1,22000,'sandra','2012-01-20 01:01:38'),(60,121,1,27500,'sandra','2012-01-20 01:07:14'),(61,123,1,65000,'sandra','2012-01-20 01:08:52'),(62,124,1,30000,'sandra','2012-01-20 01:13:42'),(63,126,1,23000,'sandra','2012-01-20 01:21:26'),(64,127,1,3700,'sandra','2012-01-20 01:39:04'),(65,128,1,17500,'sandra','2012-01-20 01:54:35'),(66,129,1,33000,'sandra','2012-01-20 01:56:48'),(67,131,1,77000,'sandra','2012-01-20 02:05:12'),(68,132,1,70500,'sandra','2012-01-20 02:24:44'),(69,136,1,26000,'sandra','2012-01-20 02:46:18'),(70,138,1,12500,'sandra','2012-01-20 02:59:27'),(71,141,1,6000,'sandra','2012-01-20 03:01:44'),(72,142,1,43500,'sandra','2012-01-20 03:28:55'),(73,144,1,3000,'sandra','2012-01-20 03:54:03'),(74,145,1,25000,'sandra','2012-01-20 04:03:32'),(75,148,1,8000,'sandra','2012-01-20 04:19:22'),(76,156,1,33000,'sandra','2012-01-20 22:00:26'),(77,158,1,24500,'sandra','2012-01-20 22:04:23'),(78,160,1,12000,'sandra','2012-01-20 22:14:58'),(79,134,1,11000,'sandra','2012-01-20 22:17:14'),(80,135,1,13500,'sandra','2012-01-20 22:17:20'),(81,164,1,42000,'sandra','2012-01-20 22:31:18'),(82,165,1,29000,'sandra','2012-01-20 22:39:58'),(83,167,1,20500,'sandra','2012-01-20 22:45:57'),(84,169,1,27000,'sandra','2012-01-20 23:06:50'),(85,171,1,33000,'sandra','2012-01-20 23:08:12'),(86,173,1,17500,'sandra','2012-01-20 23:27:31'),(87,174,1,49500,'sandra','2012-01-21 00:45:19'),(88,175,1,41000,'sandra','2012-01-21 00:46:15'),(89,176,1,13000,'sandra','2012-01-21 00:47:17'),(90,178,1,43000,'sandra','2012-01-21 00:48:12'),(91,179,1,8000,'sandra','2012-01-21 00:48:38'),(92,180,1,31000,'sandra','2012-01-21 00:49:07'),(93,182,1,4500,'sandra','2012-01-21 00:49:43'),(94,183,1,38500,'sandra','2012-01-21 00:51:08'),(95,185,1,4000,'sandra','2012-01-21 00:51:42'),(96,186,1,4500,'sandra','2012-01-21 00:52:32'),(97,188,1,27000,'sandra','2012-01-21 00:54:23'),(98,190,1,33000,'sandra','2012-01-21 00:58:24'),(99,191,1,35000,'sandra','2012-01-21 01:00:43'),(100,194,1,25000,'sandra','2012-01-21 01:07:42'),(101,196,1,35500,'sandra','2012-01-21 01:09:38'),(102,197,1,29500,'sandra','2012-01-21 01:12:06'),(103,199,1,49000,'sandra','2012-01-21 01:16:21'),(104,201,1,36500,'sandra','2012-01-21 01:18:06'),(105,203,1,22300,'sandra','2012-01-21 01:19:22'),(106,205,1,28000,'sandra','2012-01-21 01:21:58'),(107,206,1,29500,'sandra','2012-01-21 01:30:45'),(108,209,1,47000,'sandra','2012-01-21 02:06:58'),(109,210,1,42000,'sandra','2012-01-21 02:08:09'),(110,211,1,4500,'sandra','2012-01-21 02:09:00'),(111,214,1,4500,'sandra','2012-01-21 02:10:23'),(112,216,1,44500,'sandra','2012-01-21 02:12:05'),(113,218,1,3000,'sandra','2012-01-21 02:13:22'),(114,219,1,44000,'sandra','2012-01-21 02:13:50'),(115,220,1,36000,'sandra','2012-01-21 02:14:09'),(116,221,1,28000,'sandra','2012-01-21 02:14:40'),(117,222,1,10000,'sandra','2012-01-21 02:15:35'),(118,223,1,11500,'sandra','2012-01-21 02:22:44'),(119,225,1,62000,'sandra','2012-01-21 02:24:42'),(120,227,1,24000,'sandra','2012-01-21 02:29:18'),(121,229,1,4000,'sandra','2012-01-21 02:32:50'),(122,230,1,23000,'sandra','2012-01-21 02:37:56'),(123,232,1,4500,'sandra','2012-01-21 03:33:53'),(124,233,1,16500,'sandra','2012-01-21 03:41:59'),(125,235,1,58000,'sandra','2012-01-21 03:50:42'),(126,208,1,6000,'sandra','2012-01-21 04:27:39'),(127,238,1,3000,'sandra','2012-01-21 05:00:42');
/*!40000 ALTER TABLE `formapagodoc` ENABLE KEYS */;
UNLOCK TABLES;

--
-- Table structure for table `gruposprod`
--

DROP TABLE IF EXISTS `gruposprod`;
CREATE TABLE `gruposprod` (
  `gruposprodid` int(11) NOT NULL auto_increment,
  `codigo` varchar(8) NOT NULL,
  `descripcion` varchar(25) NOT NULL,
  `meta01` double NOT NULL default '0',
  `meta02` double NOT NULL default '0',
  `meta03` double NOT NULL default '0',
  `meta04` double NOT NULL default '0',
  `meta05` double NOT NULL default '0',
  `meta06` double NOT NULL default '0',
  `meta07` double NOT NULL default '0',
  `meta08` double NOT NULL default '0',
  `meta09` double NOT NULL default '0',
  `meta10` double NOT NULL default '0',
  `meta11` double NOT NULL default '0',
  `meta12` double NOT NULL default '0',
  `creador` varchar(20) NOT NULL,
  `momento` timestamp NOT NULL default CURRENT_TIMESTAMP,
  PRIMARY KEY  (`gruposprodid`),
  UNIQUE KEY `codigo` (`codigo`)
) ENGINE=InnoDB AUTO_INCREMENT=18 DEFAULT CHARSET=utf8 COMMENT='Grupos de Productos';

--
-- Dumping data for table `gruposprod`
--

LOCK TABLES `gruposprod` WRITE;
/*!40000 ALTER TABLE `gruposprod` DISABLE KEYS */;
INSERT INTO `gruposprod` VALUES (1,'PRE','GRUPO PREDETERMINADO',0,0,0,0,0,0,0,0,0,0,0,0,'ADMINISTRADOR','2011-09-08 14:49:38'),(6,'00','PIZZA PORCION',500,0,0,0,0,0,0,0,0,0,0,0,'administrador','2011-12-23 23:31:37'),(7,'01','PIZZA PERSONAL',500,0,0,0,0,0,0,0,0,0,0,0,'administrador','2011-12-23 23:32:06'),(8,'02','PIZZA PEQUENA',0,0,0,0,0,0,0,0,0,0,0,0,'administrador','2011-12-23 23:32:19'),(9,'03','PIZZA MEDIANA',0,0,0,0,0,0,0,0,0,0,0,0,'administrador','2011-12-23 23:32:28'),(10,'04','PIZZA GRANDE',0,0,0,0,0,0,0,0,0,0,0,0,'administrador','2011-12-23 23:33:21'),(11,'05','POLLO BROASTER',0,0,0,0,0,0,0,0,0,0,0,0,'administrador','2011-12-23 23:33:37'),(12,'06','PASTAS',0,0,0,0,0,0,0,0,0,0,0,0,'administrador','2011-12-23 23:33:48'),(13,'07','LASAGNA',0,0,0,0,0,0,0,0,0,0,0,0,'administrador','2011-12-23 23:33:54'),(14,'08','BEBIDAS',0,0,0,0,0,0,0,0,0,0,0,0,'administrador','2011-12-23 23:34:05'),(15,'09','ADICIONALES',0,0,0,0,0,0,0,0,0,0,0,0,'administrador','2011-12-23 23:34:19'),(16,'99','MATERIAS PRIMAS',0,0,0,0,0,0,0,0,0,0,0,0,'administrador','2011-12-26 13:40:13'),(17,'10','ENSALADAS',0,0,0,0,0,0,0,0,0,0,0,0,'administrador','2012-01-04 19:37:17');
/*!40000 ALTER TABLE `gruposprod` ENABLE KEYS */;
UNLOCK TABLES;

--
-- Table structure for table `historiacli`
--

DROP TABLE IF EXISTS `historiacli`;
CREATE TABLE `historiacli` (
  `historiaid` int(11) NOT NULL,
  `codigo` varchar(5) NOT NULL,
  `descripcion` varchar(25) NOT NULL,
  `fecha` timestamp NOT NULL default CURRENT_TIMESTAMP on update CURRENT_TIMESTAMP,
  PRIMARY KEY  (`historiaid`)
) ENGINE=InnoDB DEFAULT CHARSET=utf8 COMMENT='Historias Clinicas';

--
-- Dumping data for table `historiacli`
--

LOCK TABLES `historiacli` WRITE;
/*!40000 ALTER TABLE `historiacli` DISABLE KEYS */;
/*!40000 ALTER TABLE `historiacli` ENABLE KEYS */;
UNLOCK TABLES;

--
-- Table structure for table `item`
--

DROP TABLE IF EXISTS `item`;
CREATE TABLE `item` (
  `itemid` bigint(20) NOT NULL auto_increment,
  `codigo` varchar(10) NOT NULL,
  `descripcion` varchar(35) NOT NULL,
  `tipoitemid` varchar(3) NOT NULL,
  `creador` varchar(20) NOT NULL,
  `momento` timestamp NOT NULL default CURRENT_TIMESTAMP,
  PRIMARY KEY  (`itemid`),
  KEY `codigo` (`codigo`,`tipoitemid`),
  KEY `tipoitemid` (`tipoitemid`),
  CONSTRAINT `item_ibfk_1` FOREIGN KEY (`tipoitemid`) REFERENCES `tipoitem` (`tipoitemid`) ON DELETE CASCADE ON UPDATE CASCADE
) ENGINE=InnoDB AUTO_INCREMENT=165 DEFAULT CHARSET=utf8 COMMENT='Items del Sistema';

--
-- Dumping data for table `item`
--

LOCK TABLES `item` WRITE;
/*!40000 ALTER TABLE `item` DISABLE KEYS */;
INSERT INTO `item` VALUES (1,'00','PRODUCTO PREDETERMINADO','1','administrador','2011-11-28 11:37:48'),(2,'MP001','QUESO','1','administrador','2011-12-26 13:41:04'),(4,'MP002','MOJE','1','administrador','2011-12-26 15:28:15'),(6,'MP003','POLLO','1','administrador','2011-12-26 15:32:18'),(7,'MP004','JAMON','1','administrador','2011-12-26 15:32:43'),(8,'MP005','CAMARON','1','administrador','2011-12-28 21:55:43'),(9,'MP006','TOCINETA','1','administrador','2011-12-28 21:56:15'),(10,'MP007','PEPERONI','1','administrador','2011-12-28 21:56:41'),(11,'MP009','SALAMI','1','administrador','2011-12-28 21:57:06'),(12,'MP010','PINA','1','administrador','2011-12-28 22:02:05'),(13,'MP011','MORTADELA','1','administrador','2011-12-28 22:02:50'),(14,'MP012','CHAMPINON','1','administrador','2011-12-28 22:03:23'),(15,'MP013','CHORIZO','1','administrador','2011-12-28 22:04:10'),(16,'MP014','ANCHOAS','1','administrador','2011-12-28 22:04:42'),(17,'MP015','ANCHOAS','1','administrador','2011-12-28 22:05:38'),(18,'00.01','PIZZA PORCION CLASICA','1','administrador','2011-12-28 22:09:56'),(19,'01.01','PIZZA PERSONAL CLASICA','1','administrador','2011-12-28 22:11:54'),(20,'02.01','PIZZA CLASICA PEQUENA ','1','administrador','2011-12-28 22:18:47'),(21,'03.01','PIZZA MEDIANA CLASICA','1','administrador','2011-12-28 22:20:55'),(22,'00.02','PIZZA HAWAY PORCION','1','administrador','2011-12-28 22:22:14'),(23,'01.02','PIZZA HAWAY PERSONAL','1','administrador','2011-12-28 22:23:23'),(24,'02.02','PIZZA HAWAY PEQUENA','1','administrador','2011-12-28 22:24:39'),(25,'03.02','PIZZA HAWAY MEDIANA','1','administrador','2011-12-28 22:25:41'),(26,'00.03','PIZZA HAWAY POP PORCION','1','administrador','2011-12-28 22:26:43'),(27,'01.03','PIZZA HAWAY POP PERSONAL','1','administrador','2011-12-28 22:29:58'),(28,'02.03','PIZZA HAWAY POP PEQUENA','1','administrador','2011-12-28 22:31:37'),(29,'03.03','PIZZA HAWAY POP MEDIANA','1','administrador','2011-12-28 22:32:14'),(30,'00.04','PIZZA ESPECIAL PORCION','1','administrador','2011-12-28 22:37:34'),(31,'01.04','PIZZA ESPECIAL PERSONAL','1','administrador','2011-12-28 22:38:23'),(33,'02.04','PIZZA ESPECIAL PEQUENA','1','administrador','2011-12-28 22:39:34'),(34,'03.04','PIZZA ESPECIAL MEDIANA','1','administrador','2011-12-28 22:40:01'),(35,'00.05','PIZZA PORCION VEGETARIANA','1','administrador','2012-01-04 18:57:01'),(36,'01.05','PIZZA PERSONAL VEGETARIANA','1','administrador','2012-01-04 18:57:33'),(37,'02.05','PIZZA PEQUENA VEGETARIANA','1','administrador','2012-01-04 18:58:03'),(38,'03.05','PIZZA MEDIANA VEGETARIANA','1','administrador','2012-01-04 18:58:27'),(39,'00.06','PIZZA PORCION OMAR','1','administrador','2012-01-04 19:00:16'),(40,'01.06','PIZZA OMAR PERSONAL','1','administrador','2012-01-04 19:00:42'),(41,'02.06','PIZZA PEQUENA OMAR','1','administrador','2012-01-04 19:01:05'),(42,'03.06','PIZZA MEDIANA OMAR','1','administrador','2012-01-04 19:01:29'),(43,'00.07','PIZZA PORCION PETER','1','administrador','2012-01-04 19:04:36'),(44,'01.07','PIZZA PERSONAL PETER','1','administrador','2012-01-04 19:04:54'),(45,'02.07','PIZZA PEQUENA PETER','1','administrador','2012-01-04 19:05:24'),(47,'03.07','PIZZA MEDIANA PETER','1','administrador','2012-01-04 19:07:04'),(48,'00.08','PIZZA PORCION PICARA','1','administrador','2012-01-04 19:09:47'),(49,'01.08','PIZZA PERSONAL PICARA','1','administrador','2012-01-04 19:10:11'),(50,'02.08','PIZZA PEQUENA PICARA','1','administrador','2012-01-04 19:10:46'),(51,'03.08','PIZZA MEDIANA PICARA','1','administrador','2012-01-04 19:11:10'),(52,'00.09','PIZZA PORCION COLOMBIANA','1','administrador','2012-01-04 19:14:23'),(53,'01.09','PIZZA PERSONAL COLOMBIANA','1','administrador','2012-01-04 19:14:54'),(54,'02.09','PIZZA PEQUENA COLOMBIANA','1','administrador','2012-01-04 19:15:20'),(55,'03.09','PIZZA MEDIANA COLOMBIANA','1','administrador','2012-01-04 19:15:46'),(56,'00.10','PIZZA PORCION AFRODISIACA','1','administrador','2012-01-04 19:22:54'),(57,'01.10','PIZZA PERSONAL AFRODISIACA','1','administrador','2012-01-04 19:23:27'),(58,'02.10','PIZZA PEQ AFRODICIACA','1','administrador','2012-01-04 19:24:02'),(59,'03.10','PIZZA MEDIANA AFRODISIACA','1','administrador','2012-01-04 19:24:38'),(60,'01.11','PIZZA PERSONAL POLLO JAMON','1','administrador','2012-01-04 19:27:16'),(62,'00.11','PIZZA PORCION POLLO JAMON','1','administrador','2012-01-04 19:29:15'),(63,'02.11','PIZZA PEQUENA POLLO JAMON','1','administrador','2012-01-04 19:30:18'),(64,'03.11','PIZZA MEDIANA POLLO JAMON','1','administrador','2012-01-04 19:30:40'),(65,'05.01','JUMBO','1','administrador','2012-01-04 19:34:20'),(66,'05.02','FAMILIAR','1','administrador','2012-01-04 19:34:42'),(67,'05.03','JET','1','administrador','2012-01-04 19:35:02'),(68,'05.04','SUPER','1','administrador','2012-01-04 19:35:34'),(69,'05.05','ESPECIAL','1','administrador','2012-01-04 19:35:58'),(70,'05.06','EJECUTIVO','1','administrador','2012-01-04 19:36:21'),(71,'05.07','PRESA ESCOGIDA','1','administrador','2012-01-04 19:36:45'),(72,'10.01','ENSALADA SENCILLA','1','administrador','2012-01-04 19:37:48'),(73,'10.02','ENSALADA LIGHT','1','administrador','2012-01-04 19:38:13'),(74,'10.03','ENSALADA ESPECIAL','1','administrador','2012-01-04 19:38:32'),(75,'10.04','ENSALADA SUPER ESPECIAL','1','administrador','2012-01-04 19:38:52'),(76,'MP016','FRUTA PICADA','1','administrador','2012-01-04 19:39:52'),(81,'MP021','PRESA POLLO BROASTER','1','administrador','2012-01-04 20:41:02'),(82,'MP022','PAPA FRITA POLLO BROASTER','1','administrador','2012-01-04 20:42:14'),(87,'PROMO1','COMBO DE PIZZA MEDIANA','1','administrador','2012-01-11 04:22:27'),(93,'08.01','GASEOSA 12 OZ','1','administrador','2012-01-11 20:45:01'),(94,'08.02','GASEOSA 16 OZ','1','administrador','2012-01-11 20:45:27'),(95,'08.03','CERVEZA CLUB COLOMBIA','1','administrador','2012-01-11 20:46:00'),(96,'08.04','CERVEZA AGUILA','1','administrador','2012-01-11 20:46:51'),(97,'08.05','LIMONADA','1','administrador','2012-01-11 20:47:17'),(98,'08.06','NARANJADA','1','administrador','2012-01-11 20:47:42'),(99,'08.07','JUGOS NATURALES','1','administrador','2012-01-11 20:48:24'),(100,'08.08','AGUA BOTELLA','1','administrador','2012-01-11 20:48:54'),(101,'08.09','JUGOS HIT CAJITA 200','1','administrador','2012-01-11 20:49:26'),(102,'08.10','TE LIPTON','1','administrador','2012-01-11 20:49:47'),(103,'08.11','JUGOS HIT PET500','1','administrador','2012-01-11 20:50:34'),(104,'COMBOPORCI','COMBO PORCION PIZZA + GASEOSA 12OZ','1','administrador','2012-01-11 20:52:30'),(105,'CMPORCION','COMBO PORCION PIZZA + GASEOSA 12OZ','1','administrador','2012-01-11 20:52:43'),(106,'CMPERSO','COMBO 1 PIZZA PERSONAL + 2 GAS 12OZ','1','administrador','2012-01-11 20:56:15'),(107,'CMPASTA','COMBO 1 PASTA + 1 GAS 12OZ','1','administrador','2012-01-11 20:58:27'),(108,'06.01','PASTA CARBONARA','1','administrador','2012-01-11 21:01:14'),(109,'06.02','PASTA BOLONESA','1','administrador','2012-01-11 21:01:41'),(110,'06.03','PASTA PUTANESCA','1','administrador','2012-01-11 21:02:04'),(111,'06.04','PASTA ALFREDO','1','administrador','2012-01-11 21:02:44'),(112,'CMPASTAINF','COMBO INFANTIL MED PASTA + 1 GAS 12','1','administrador','2012-01-11 21:05:45'),(113,'07.01','LASAGNA CARNE','1','administrador','2012-01-11 21:11:44'),(114,'07.02','LASAGNA POLLO','1','administrador','2012-01-11 21:12:30'),(115,'07.03','LASAGNA CHAMPI','1','administrador','2012-01-11 21:13:10'),(116,'07.04','LASAGNA CAMARON','1','administrador','2012-01-11 21:13:39'),(117,'08.12','GASEOSA LITRO 1/4','1','administrador','2012-01-11 21:17:16'),(118,'09.01','ADIC PAPA A LA FRANCESA','1','administrador','2012-01-11 21:19:02'),(119,'09.02','ADIC MADURO A LA BROASTER','1','administrador','2012-01-11 21:19:36'),(120,'09.03','ADIC PORCION DE MOLLEJA','1','administrador','2012-01-11 21:20:14'),(121,'09.04','ADIC PORCION DE TARTARA','1','administrador','2012-01-11 21:20:44'),(122,'08.13','GASEOSA 500MG PET','1','administrador','2012-01-11 22:25:49'),(123,'CMPOLLITO','COMBO POLLITO 1MUSL + PAPA FRAN + G','1','sandra','2012-01-13 21:24:35'),(124,'04.01','PIZZA GRANDE CLASICA','1','sandra','2012-01-18 17:17:28'),(125,'01.12','PIZZA PERSONAL TUTTI FRUTTI','1','sandra','2012-01-18 19:06:10'),(126,'02.12','PIZZA PEQ TUTTI','1','sandra','2012-01-18 19:07:47'),(127,'03.12','PIZZA MEDIANA TUTTI FRUTTI','1','sandra','2012-01-18 19:10:04'),(128,'00.13','PIZZA PORCION POLLO-CHAMPI','1','sandra','2012-01-18 19:12:00'),(129,'01.13','PIZZA PERSONAL POLLO-CHAMP','1','sandra','2012-01-18 19:12:59'),(130,'02.13','PIZZA PEQUE','1','sandra','2012-01-18 19:14:10'),(131,'03.13','PIZZA MEDIANA POLL-CHAMPI','1','sandra','2012-01-18 19:16:03'),(132,'00.14','PIZZA PORCION DE BOCADILLO','1','sandra','2012-01-18 19:18:56'),(133,'01.14','PIZZA PERSONAL BOCADILLO','1','sandra','2012-01-18 19:19:50'),(134,'02.14','PIZZA PEQ BOCADILLO','1','sandra','2012-01-18 19:20:43'),(135,'03.14','PIZZA MEDIANA BOCADILLO','1','sandra','2012-01-18 19:25:29'),(136,'04.02','PIZZA GRANDE HAWAY','1','sandra','2012-01-18 19:37:03'),(137,'04.03','PIZZA GRANDE HAWAY POP','1','sandra','2012-01-18 19:39:27'),(138,'04.04','PIZZA GRANDE ESPECIAL','1','sandra','2012-01-18 19:41:49'),(139,'04.05','PIZZA GRANDE VEGETARIANA','1','sandra','2012-01-18 19:48:53'),(140,'04.06','PIZZA GRANDE OMAR','1','sandra','2012-01-18 19:49:58'),(141,'04.07','PIZZA GRANDE PITTER','1','sandra','2012-01-18 19:53:28'),(142,'04.08','PIZZA GRANDE PICARA','1','sandra','2012-01-18 19:54:05'),(143,'04.09','PIZZA GRANDE COLOMBIANA','1','sandra','2012-01-18 19:56:22'),(144,'04.10','PIZZA GRANDE AFRODICIACA','1','sandra','2012-01-18 19:57:14'),(145,'04.11','PIZZA GRANDE POLLO-JAMO','1','sandra','2012-01-18 19:58:27'),(146,'04.12','PIZZA GRANDE TUTTI FRUTTI','1','sandra','2012-01-18 20:01:42'),(147,'04.13','PIZZA GRANDE POLLO CHAMPINON','1','sandra','2012-01-18 20:03:30'),(148,'04.14','PIZZA GRANDE BOCADILLO','1','sandra','2012-01-18 20:04:25'),(149,'CMFAMILIAR','POLLO FAMILIAR + 2 GAS PET','1','sandra','2012-01-18 20:33:41'),(154,'08.14','GASEOSA 2.5 LITROS','1','sandra','2012-01-18 20:41:31'),(155,'08.15','CERVEZA PILSEN','1','sandra','2012-01-18 20:58:26'),(156,'01.15','PIZZA PERSONAL SALAMI','1','sandra','2012-01-18 22:20:23'),(157,'02.15','PIZZA PEQUE','1','sandra','2012-01-18 22:21:15'),(158,'03.15','PIZZA MEDIANA SALAMI','1','sandra','2012-01-18 22:21:58'),(159,'04.15','PIZZA GRANDE SALAMI','1','sandra','2012-01-18 22:24:59'),(160,'00.16','PIZZA PORCION JAMON','1','sandra','2012-01-18 23:06:16'),(161,'01.16','PIZZA PERSONAL JAMON','1','sandra','2012-01-18 23:07:58'),(162,'02.16','PIZZA PEQUE','1','sandra','2012-01-18 23:11:45'),(163,'03.16','PIZZA MEDIANA JAMON','1','sandra','2012-01-18 23:12:37'),(164,'04.16','PIZZA GRANDE JAMON','1','sandra','2012-01-18 23:13:48');
/*!40000 ALTER TABLE `item` ENABLE KEYS */;
UNLOCK TABLES;

--
-- Table structure for table `lineasprod`
--

DROP TABLE IF EXISTS `lineasprod`;
CREATE TABLE `lineasprod` (
  `lineaprodid` int(11) NOT NULL auto_increment,
  `codigo` varchar(5) NOT NULL,
  `descripcion` varchar(25) NOT NULL,
  `meta01` double NOT NULL default '0',
  `meta02` double NOT NULL default '0',
  `meta03` double NOT NULL default '0',
  `meta04` double NOT NULL default '0',
  `meta05` double NOT NULL default '0',
  `meta06` double NOT NULL default '0',
  `meta07` double NOT NULL default '0',
  `meta08` double NOT NULL default '0',
  `meta09` double NOT NULL default '0',
  `meta10` double NOT NULL default '0',
  `meta11` double NOT NULL default '0',
  `meta12` double NOT NULL default '0',
  `creador` varchar(20) NOT NULL,
  `momento` timestamp NOT NULL default CURRENT_TIMESTAMP,
  PRIMARY KEY  (`lineaprodid`),
  UNIQUE KEY `codigo` (`codigo`)
) ENGINE=InnoDB AUTO_INCREMENT=5 DEFAULT CHARSET=utf8 COMMENT='Lineas de Productos';

--
-- Dumping data for table `lineasprod`
--

LOCK TABLES `lineasprod` WRITE;
/*!40000 ALTER TABLE `lineasprod` DISABLE KEYS */;
INSERT INTO `lineasprod` VALUES (1,'PRE','LINEA PREDETERMINADA',0,0,0,0,0,0,0,0,0,0,0,0,'ADMINISTRADOR','2011-11-28 11:09:13'),(2,'01','PIZZAS',0,0,0,0,0,0,0,0,0,0,0,0,'administrador','2012-01-13 22:16:40'),(3,'02','OTRAS COMIDAS',0,0,0,0,0,0,0,0,0,0,0,0,'administrador','2012-01-13 22:16:46'),(4,'03','BEBIDAS',0,0,0,0,0,0,0,0,0,0,0,0,'administrador','2012-01-13 22:16:52');
/*!40000 ALTER TABLE `lineasprod` ENABLE KEYS */;
UNLOCK TABLES;

--
-- Table structure for table `mediospago`
--

DROP TABLE IF EXISTS `mediospago`;
CREATE TABLE `mediospago` (
  `mediopagoid` int(11) NOT NULL auto_increment,
  `codigo` varchar(5) NOT NULL,
  `descripcion` varchar(30) NOT NULL,
  `formapago` varchar(2) NOT NULL,
  `icono` varchar(12) NOT NULL,
  `monext` varchar(1) NOT NULL,
  `esdesc` varchar(1) NOT NULL,
  `creador` varchar(20) NOT NULL,
  `momento` timestamp NOT NULL default CURRENT_TIMESTAMP,
  PRIMARY KEY  (`mediopagoid`),
  UNIQUE KEY `codigo` (`codigo`)
) ENGINE=InnoDB AUTO_INCREMENT=10 DEFAULT CHARSET=utf8 COMMENT='Medios de Pago de Documentos';

--
-- Dumping data for table `mediospago`
--

LOCK TABLES `mediospago` WRITE;
/*!40000 ALTER TABLE `mediospago` DISABLE KEYS */;
INSERT INTO `mediospago` VALUES (1,'EF','EFECTIVO','CO','mpefectivo','','','ADMINISTRADOR','2011-06-05 17:15:48'),(6,'DV','DESCUENTO X VOLUMEN','CO','mpotro','S','S','ADMINISTRADOR','2011-06-05 17:29:53'),(7,'TD','TARJETA DEBITO','CR','mptarjeta','','','ADMINISTRADOR','2011-07-28 11:46:52'),(8,'TC','TARJETA DE CREDITO','CR','mptarjeta','','','ADMINISTRADOR','2011-07-28 11:47:03'),(9,'CR','CREDITO','CR','mpcredito','','','ADMINISTRADOR','2011-07-28 12:18:35');
/*!40000 ALTER TABLE `mediospago` ENABLE KEYS */;
UNLOCK TABLES;

--
-- Table structure for table `menu`
--

DROP TABLE IF EXISTS `menu`;
CREATE TABLE `menu` (
  `menuid` int(11) NOT NULL auto_increment,
  `orden` varchar(8) NOT NULL,
  `descripcion` varchar(25) NOT NULL,
  `link` varchar(50) NOT NULL,
  PRIMARY KEY  (`menuid`),
  KEY `orden` (`orden`)
) ENGINE=InnoDB DEFAULT CHARSET=utf8 COMMENT='Menus del Sistema';

--
-- Dumping data for table `menu`
--

LOCK TABLES `menu` WRITE;
/*!40000 ALTER TABLE `menu` DISABLE KEYS */;
/*!40000 ALTER TABLE `menu` ENABLE KEYS */;
UNLOCK TABLES;

--
-- Table structure for table `menuxusuario`
--

DROP TABLE IF EXISTS `menuxusuario`;
CREATE TABLE `menuxusuario` (
  `menuid` int(11) NOT NULL,
  `username` varchar(20) NOT NULL,
  `permitido` varchar(1) NOT NULL,
  `creador` varchar(20) NOT NULL,
  PRIMARY KEY  (`menuid`,`username`),
  KEY `username` (`username`),
  CONSTRAINT `menuxusuario_ibfk_1` FOREIGN KEY (`menuid`) REFERENCES `menu` (`menuid`) ON DELETE CASCADE ON UPDATE CASCADE,
  CONSTRAINT `menuxusuario_ibfk_2` FOREIGN KEY (`username`) REFERENCES `usuarios` (`username`) ON DELETE CASCADE ON UPDATE CASCADE
) ENGINE=InnoDB DEFAULT CHARSET=utf8 COMMENT='Menu de Usuarios del Sistema';

--
-- Dumping data for table `menuxusuario`
--

LOCK TABLES `menuxusuario` WRITE;
/*!40000 ALTER TABLE `menuxusuario` DISABLE KEYS */;
/*!40000 ALTER TABLE `menuxusuario` ENABLE KEYS */;
UNLOCK TABLES;

--
-- Table structure for table `niveledu`
--

DROP TABLE IF EXISTS `niveledu`;
CREATE TABLE `niveledu` (
  `nivelid` int(11) NOT NULL auto_increment,
  `codigo` varchar(5) NOT NULL,
  `descripcion` varchar(25) NOT NULL,
  `creador` varchar(20) NOT NULL,
  `momento` timestamp NOT NULL default CURRENT_TIMESTAMP,
  PRIMARY KEY  (`nivelid`),
  KEY `codigo` (`codigo`)
) ENGINE=InnoDB AUTO_INCREMENT=3 DEFAULT CHARSET=utf8 COMMENT='Niveles de Educacion de Pacientes';

--
-- Dumping data for table `niveledu`
--

LOCK TABLES `niveledu` WRITE;
/*!40000 ALTER TABLE `niveledu` DISABLE KEYS */;
INSERT INTO `niveledu` VALUES (1,'02','SECUNDARIA','','2012-01-22 22:16:26'),(2,'01','BASICA PRIMARIA','','2012-01-22 22:16:31');
/*!40000 ALTER TABLE `niveledu` ENABLE KEYS */;
UNLOCK TABLES;

--
-- Table structure for table `observaciones`
--

DROP TABLE IF EXISTS `observaciones`;
CREATE TABLE `observaciones` (
  `observid` int(11) NOT NULL auto_increment,
  `codigo` varchar(6) NOT NULL,
  `observacion` text NOT NULL,
  `creador` varchar(20) NOT NULL,
  `momento` timestamp NOT NULL default CURRENT_TIMESTAMP on update CURRENT_TIMESTAMP,
  PRIMARY KEY  (`observid`),
  KEY `codigo` (`codigo`)
) ENGINE=InnoDB AUTO_INCREMENT=3 DEFAULT CHARSET=utf8 COMMENT='Observaciones a Productos';

--
-- Dumping data for table `observaciones`
--

LOCK TABLES `observaciones` WRITE;
/*!40000 ALTER TABLE `observaciones` DISABLE KEYS */;
INSERT INTO `observaciones` VALUES (2,'AA',' APARTADO AEREO','','2011-06-05 16:38:18');
/*!40000 ALTER TABLE `observaciones` ENABLE KEYS */;
UNLOCK TABLES;

--
-- Table structure for table `permisodoc`
--

DROP TABLE IF EXISTS `permisodoc`;
CREATE TABLE `permisodoc` (
  `tipodoc` varchar(3) NOT NULL,
  `username` varchar(20) NOT NULL,
  `permisoid` int(11) NOT NULL,
  `activo` varchar(1) NOT NULL,
  `creador` varchar(20) NOT NULL,
  `momento` timestamp NOT NULL default CURRENT_TIMESTAMP,
  PRIMARY KEY  (`tipodoc`,`username`,`permisoid`)
) ENGINE=InnoDB DEFAULT CHARSET=utf8 COMMENT='Permisos por Usuario x Documento';

--
-- Dumping data for table `permisodoc`
--

LOCK TABLES `permisodoc` WRITE;
/*!40000 ALTER TABLE `permisodoc` DISABLE KEYS */;
INSERT INTO `permisodoc` VALUES ('FVE','administrador',1,'S','ADMINISTRADOR','2012-01-21 13:48:47'),('FVE','administrador',2,'S','ADMINISTRADOR','2012-01-21 13:48:47');
/*!40000 ALTER TABLE `permisodoc` ENABLE KEYS */;
UNLOCK TABLES;

--
-- Table structure for table `permisos`
--

DROP TABLE IF EXISTS `permisos`;
CREATE TABLE `permisos` (
  `permisoid` int(11) NOT NULL auto_increment,
  `codigo` varchar(6) NOT NULL,
  `descripcion` varchar(25) NOT NULL,
  PRIMARY KEY  (`permisoid`)
) ENGINE=InnoDB AUTO_INCREMENT=7 DEFAULT CHARSET=utf8 COMMENT='Permisos del Sistema';

--
-- Dumping data for table `permisos`
--

LOCK TABLES `permisos` WRITE;
/*!40000 ALTER TABLE `permisos` DISABLE KEYS */;
INSERT INTO `permisos` VALUES (1,'ADDFVE','ADICIONAR FACTURA DE VENT'),(2,'EDIFVE','EDITAR FACTURA DE VENTA'),(3,'DELFVE','ELIMINAR FACTURA DE VENTA'),(4,'BUSFVE','BUSQUEDA AVANZADA FVE'),(5,'BLOFVE','BLOQUEAR FACTURA DE VENTA'),(6,'DESFVE','DESBLOQUEAR FACTURA DE VE');
/*!40000 ALTER TABLE `permisos` ENABLE KEYS */;
UNLOCK TABLES;

--
-- Table structure for table `posibledepromo`
--

DROP TABLE IF EXISTS `posibledepromo`;
CREATE TABLE `posibledepromo` (
  `posibledepromoid` bigint(20) NOT NULL auto_increment,
  `depromoid` int(11) NOT NULL,
  `itemid` bigint(20) NOT NULL,
  PRIMARY KEY  (`posibledepromoid`),
  KEY `depromoid` (`depromoid`)
) ENGINE=InnoDB AUTO_INCREMENT=59 DEFAULT CHARSET=utf8 COMMENT='Posibles Productos en Variable';

--
-- Dumping data for table `posibledepromo`
--

LOCK TABLES `posibledepromo` WRITE;
/*!40000 ALTER TABLE `posibledepromo` DISABLE KEYS */;
INSERT INTO `posibledepromo` VALUES (23,7,70),(24,7,73),(25,7,75),(26,7,66),(27,7,65),(28,9,27),(29,9,22),(30,9,55),(31,9,42),(32,9,47),(33,9,64),(34,11,56),(35,11,18),(36,11,52),(37,11,39),(38,11,43),(39,11,48),(40,11,62),(41,11,35),(42,13,57),(43,13,19),(44,13,53),(45,13,44),(46,13,49),(47,13,60),(48,13,36),(49,16,111),(50,16,109),(51,16,108),(52,16,110),(53,18,93),(54,18,101),(55,20,111),(56,20,109),(57,20,108),(58,20,110);
/*!40000 ALTER TABLE `posibledepromo` ENABLE KEYS */;
UNLOCK TABLES;

--
-- Table structure for table `prefijo`
--

DROP TABLE IF EXISTS `prefijo`;
CREATE TABLE `prefijo` (
  `prefijoid` int(11) NOT NULL auto_increment,
  `tipodoc` varchar(3) NOT NULL,
  `prefijo` varchar(3) NOT NULL,
  `descripcion` varchar(30) NOT NULL,
  `consecutivo` varchar(12) NOT NULL,
  `encab1` varchar(50) NOT NULL,
  `encab2` varchar(50) NOT NULL,
  `encab3` varchar(50) NOT NULL,
  `encab4` varchar(50) NOT NULL,
  `encab5` varchar(50) NOT NULL,
  `pie1` varchar(50) NOT NULL,
  `pie2` varchar(50) NOT NULL,
  `pie3` varchar(50) NOT NULL,
  `pie4` varchar(50) NOT NULL,
  `pie5` varchar(50) NOT NULL,
  `impresionpos` varchar(8) NOT NULL,
  PRIMARY KEY  (`prefijoid`),
  KEY `tipodoc` (`tipodoc`)
) ENGINE=MyISAM AUTO_INCREMENT=3 DEFAULT CHARSET=utf8 COMMENT='Prefijos de Documentos';

--
-- Dumping data for table `prefijo`
--

LOCK TABLES `prefijo` WRITE;
/*!40000 ALTER TABLE `prefijo` DISABLE KEYS */;
INSERT INTO `prefijo` VALUES (1,'FVE','00','FACTURA DE VENTA','00042441','    BRISAS PIZZA Y PASTA MALECON','    MONICA DEL PILAR RIVERA MUNOZ','NIT. 60.410.726 REGIMEN SIMPLIFICADO','        RANGO 000001 - 100000','','       GRACIAS POR SU COMPRA','       VISITANOS EN CIRCUS POP','              Y HOMECENTER','       gerente@pizzabrisas.com','','CHECKED'),(2,'FCO','00','FACTURAS DE COMPRA','0000001','FACTURA DE COMPRA','','','','','','','','','','checked');
/*!40000 ALTER TABLE `prefijo` ENABLE KEYS */;
UNLOCK TABLES;

--
-- Table structure for table `productos`
--

DROP TABLE IF EXISTS `productos`;
CREATE TABLE `productos` (
  `itemid` bigint(20) NOT NULL,
  `gruposprodid` int(11) NOT NULL,
  `lineaprodid` int(11) NOT NULL,
  `tipoproducto` varchar(3) NOT NULL,
  `codigobarra` varchar(30) default NULL,
  `porciva` double NOT NULL,
  `unidad` varchar(5) NOT NULL,
  `unimayor` varchar(5) NOT NULL,
  `eximin` int(11) NOT NULL,
  `eximax` int(11) NOT NULL,
  `referencia` varchar(20) default NULL,
  `ubicacion` varchar(20) default NULL,
  `observaciones` text,
  `precio1` double default '0',
  `precio2` double default '0',
  `precio3` double default '0',
  `precio4` double default '0',
  `precio5` double default '0',
  `existenciatotal` double NOT NULL default '0',
  PRIMARY KEY  (`itemid`),
  KEY `gruposprodid` (`gruposprodid`),
  KEY `lineaprodid` (`lineaprodid`),
  KEY `tipoproducto` (`tipoproducto`),
  CONSTRAINT `productos_ibfk_1` FOREIGN KEY (`tipoproducto`) REFERENCES `tipoproducto` (`codigo`)
) ENGINE=InnoDB DEFAULT CHARSET=utf8 COMMENT='Productos de Inventarios';

--
-- Dumping data for table `productos`
--

LOCK TABLES `productos` WRITE;
/*!40000 ALTER TABLE `productos` DISABLE KEYS */;
INSERT INTO `productos` VALUES (1,1,1,'NOR','',16,'UNID','CAJA',5,12,'REF00000','','',0,0,0,0,0,0),(2,16,1,'MAP','',0,'GRAMO','KILO',200,2000,'','','',0,0,0,0,0,0),(3,6,2,'SEV','',0,'UND','PIZZA',2,10,'','','',5000,4500,0,0,0,0),(4,16,1,'MAP','',0,'GRAMO','KILO',0,0,'','','',0,0,0,0,0,0),(6,16,1,'MAP','',0,'GRAMO','KILO',0,0,'','','',0,0,0,0,0,0),(7,16,1,'MAP','',0,'GRAMO','KILO',0,0,'','','',0,0,0,0,0,0),(8,16,1,'MAP','',0,'GRAMO','KILO',0,0,'','','',0,0,0,0,0,0),(9,16,1,'MAP','',0,'GRAMO','KILO',0,0,'','','',0,0,0,0,0,0),(10,16,1,'MAP','',0,'GRAMO','KILO',0,0,'','','',0,0,0,0,0,0),(11,16,1,'MAP','',0,'GRAMO','KILO',0,0,'','','',0,0,0,0,0,0),(12,16,1,'MAP','',0,'GRAMO','KILO',0,0,'','','',0,0,0,0,0,0),(13,16,1,'MAP','',0,'GRAMO','KILO',0,0,'','','',0,0,0,0,0,0),(14,16,1,'MAP','',0,'GRAMO','KILO',0,0,'','','',0,0,0,0,0,0),(15,16,1,'MAP','',0,'GRAMO','KILO',0,0,'','','',0,0,0,0,0,0),(17,16,1,'MAP','',0,'GRAMO','KILO',0,0,'','','',0,0,0,0,0,0),(18,6,2,'NOR','',16,'PORCI','PORCI',0,0,'','','',4500,0,0,0,0,0),(19,7,2,'NOR','',0,'PIZZA','PIZZA',0,0,'','','',18000,0,0,0,0,-2),(20,8,2,'NOR','',0,'PIZZA','PIZZA',0,0,'','','',27000,0,0,0,0,-3),(21,9,2,'NOR','',0,'PIZZA','PIZZA',0,0,'','','',31000,0,0,0,0,-2),(22,6,2,'NOR','',0,'PIZZA','PIZZA',0,0,'','','',4500,0,0,0,0,-9),(23,7,2,'NOR','',0,'PIZZA','PIZZA',0,0,'','','',18000,0,0,0,0,-2),(24,8,2,'NOR','',0,'PIZZA','PIZZA',0,0,'','','',22000,0,0,0,0,-1),(25,9,2,'NOR','',0,'PIZZA','PIZZA',0,0,'','','',28000,0,0,0,0,-2),(26,6,2,'NOR','',0,'PIZZA','PIZZA',0,0,'','','',4500,0,0,0,0,0),(27,7,2,'NOR','',0,'PIZZA','PIZZA',0,0,'','','',18000,0,0,0,0,0),(28,8,2,'NOR','',0,'PIZZA','PIZZA',0,0,'','','',24000,0,0,0,0,0),(29,9,2,'NOR','',0,'PIZZA','PIZZA',0,0,'','','',30000,0,0,0,0,0),(30,6,2,'NOR','',0,'PIZZA','PIZZA',0,0,'','','',4500,0,0,0,0,0),(31,7,2,'NOR','',0,'PIZZA','PIZZA',0,0,'','','',18000,0,0,0,0,-2),(32,8,2,'NOR','',0,'PIZZA','PIZZA',0,0,'','','',29000,0,0,0,0,0),(33,8,2,'NOR','',0,'PIZZA','PIZZA',0,0,'','','',25000,0,0,0,0,-2),(34,9,2,'NOR','',0,'PIZZA','PIZZA',0,0,'','','',29000,0,0,0,0,-2),(35,6,2,'NOR','',0,'PIZZA','PIZZA',0,0,'','','',4500,0,0,0,0,0),(36,7,2,'NOR','',0,'PIZZA','PIZZA',0,0,'','','',18000,0,0,0,0,0),(37,8,2,'NOR','',0,'PIZZA','PIZZA',0,0,'','','',22000,0,0,0,0,0),(38,9,2,'NOR','',0,'PIZZA','PIZZA',0,0,'','','',28000,0,0,0,0,0),(39,6,2,'NOR','',0,'PIZZA','PIZZA',0,0,'','','',4500,0,0,0,0,0),(40,7,2,'NOR','',0,'PIZZA','PIZZA',0,0,'','','',18000,0,0,0,0,0),(41,8,2,'NOR','',0,'PIZZA','PIZZA',0,0,'','','',24000,0,0,0,0,0),(42,9,2,'NOR','',0,'PIZZA','PIZZA',0,0,'','','',30000,0,0,0,0,0),(43,6,2,'NOR','',0,'PIZZA','PIZZA',0,0,'','','',4500,0,0,0,0,0),(44,7,2,'NOR','',0,'PIZZA','PIZZA',0,0,'','','',18000,0,0,0,0,0),(45,8,2,'NOR','',0,'PIZZA','PIZZA',0,0,'','','',27000,0,0,0,0,0),(47,9,2,'NOR','',0,'PIZZA','PIZZA',0,0,'','','',31000,0,0,0,0,0),(48,6,2,'NOR','',0,'PIZZA','PIZZA',0,0,'','','',4500,0,0,0,0,0),(49,7,2,'NOR','',0,'PIZZA','PIZZA',0,0,'','','',18000,0,0,0,0,0),(50,8,2,'NOR','',0,'PIZZA','PIZZA',0,0,'','','',22000,0,0,0,0,0),(51,9,2,'NOR','',0,'PIZZA','PIZZA',0,0,'','','',28000,0,0,0,0,0),(52,6,2,'NOR','',0,'PIZZA','PIZZA',0,0,'','','',4500,0,0,0,0,0),(53,7,2,'NOR','',0,'PIZZA','PIZZA',0,0,'','','',18000,0,0,0,0,-2),(54,8,2,'NOR','',0,'PIZZA','PIZZA',0,0,'','','',25000,0,0,0,0,-2),(55,9,2,'NOR','',0,'PIZZA','PIZZA',0,0,'','','',29000,0,0,0,0,0),(56,7,2,'NOR','',0,'PIZZA','PIZZA',0,0,'','','',4500,0,0,0,0,0),(57,8,2,'NOR','',0,'PIZZA','PIZZA',0,0,'','','',18000,0,0,0,0,0),(58,8,2,'NOR','',0,'PIZZA','PIZZA',0,0,'','','',30000,0,0,0,0,0),(59,9,2,'NOR','',0,'PIZZA','PIZZA',0,0,'','','',36000,0,0,0,0,0),(60,7,2,'NOR','',0,'PIZZA','PIZZA',0,0,'','','',18000,0,0,0,0,-2),(61,6,2,'NOR','',0,'PIZZA','PIZZA',0,0,'','','',18000,0,0,0,0,0),(62,6,2,'NOR','',0,'PIZZA','PIZZA',0,0,'','','',4500,0,0,0,0,-5),(63,8,2,'NOR','',0,'PIZZA','PIZZA',0,0,'','','',24000,0,0,0,0,-4),(64,9,2,'NOR','',0,'PIZZA','PIZZA',0,0,'','','',29000,0,0,0,0,-2),(65,11,3,'NOR','',0,'POLLO','POLLO',0,0,'','','',45000,0,0,0,0,0),(66,11,3,'NOR','',0,'POLLO','POLLO',0,0,'','','',23000,0,0,0,0,-12),(67,11,3,'NOR','',0,'POLLO','POLLO',0,0,'','','',31000,0,0,0,0,-3),(68,11,3,'NOR','',0,'POLLO','POLLO',0,0,'','','',17500,0,0,0,0,0),(69,11,3,'NOR','',0,'POLLO','POLLO',0,0,'','','',11500,0,0,0,0,-7),(70,11,3,'NOR','',0,'POLLO','POLLO',0,0,'','','',8500,0,0,0,0,-5),(71,11,3,'NOR','',0,'POLLO','POLLO',0,0,'','','',4300,0,0,0,0,-1),(72,17,1,'NOR','',0,'UND','UND',0,0,'','','',5000,0,0,0,0,0),(73,17,1,'NOR','',0,'UND','UND',0,0,'','','',5000,0,0,0,0,0),(74,17,1,'NOR','',0,'UND','UND',0,0,'','','',5000,0,0,0,0,0),(75,17,1,'NOR','',0,'UND','UND',0,0,'','','',10000,0,0,0,0,0),(76,16,1,'MAP','',0,'GRMS','UND',0,0,'','','',0,0,0,0,0,0),(77,16,1,'MAP','',0,'GRAMO','GRAMO',0,0,'','','',0,0,0,0,0,0),(78,16,1,'MAP','0',0,'GRAMO','GRAMO',0,0,'','','',0,0,0,0,0,0),(79,16,1,'MAP','0',0,'GRAMO','GRAMO',0,0,'0','','',0,0,0,0,0,0),(80,16,1,'MAP','0',0,'GRAMO','GRAMO',0,0,'0','','',0,0,0,0,0,0),(81,16,1,'MAP','',0,'UN','',0,0,'','','',0,0,0,0,0,0),(82,16,1,'MAP','',0,'GRMS','',0,0,'','','',0,0,0,0,0,0),(89,1,1,'PRM','',0,'UND','UND',0,0,'','','PROMOCION',25000,22000,0,0,0,0),(90,1,1,'PRM','',0,'UND','UND',0,0,'','','PROMOCION',25000,24000,0,0,0,0),(91,1,1,'PRM','',0,'UND','UND',0,0,'','','PROMOCION',1000,0,0,0,0,0),(93,14,4,'NOR','',0,'VASO','DISPE',25,100,'','','',2000,0,0,0,0,-23),(94,14,4,'NOR','',0,'VASO','DISP',25,100,'','','',2500,0,0,0,0,-9),(95,14,4,'NOR','',0,'LATA','BAND',24,96,'','','',3500,0,0,0,0,-16),(96,14,4,'NOR','',0,'LATA','BAND',24,96,'','','',3000,0,0,0,0,-91),(97,14,4,'NOR','',0,'VASO','VASO',0,0,'','','',3500,0,0,0,0,0),(98,14,4,'NOR','',0,'VASO','VASO',0,0,'','','',3500,0,0,0,0,0),(99,14,4,'NOR','',0,'VASO','VASO',0,0,'','','',3000,0,0,0,0,-5),(100,14,4,'NOR','',0,'BOTE','BAND',24,96,'','','',2000,0,0,0,0,-24),(101,14,4,'NOR','',0,'BOTE','BAND',24,96,'','','',2000,0,0,0,0,-7),(102,14,4,'NOR','',0,'BOTE','BAND',24,96,'','','',2500,0,0,0,0,-18),(103,14,4,'NOR','',0,'BOTE','BAND',24,96,'','','',2500,0,0,0,0,-20),(105,1,1,'PRM','',0,'UND','UND',0,0,'','','PROMOCION',6000,0,0,0,0,-9),(106,1,1,'PRM','',0,'UND','UND',0,0,'','','PROMOCION',20900,0,0,0,0,-4),(107,1,1,'PRM','',0,'UND','UND',0,0,'','','PROMOCION',11500,0,0,0,0,0),(108,12,3,'NOR','',0,'UND','UND',0,0,'','','',10000,0,0,0,0,0),(109,12,3,'NOR','',0,'UND','UND',0,0,'','','',10000,0,0,0,0,-5),(110,12,3,'NOR','',0,'UND','UND',0,0,'','','',10000,0,0,0,0,0),(111,12,3,'NOR','',0,'UND','UND',0,0,'','','',10000,0,0,0,0,-1),(112,1,1,'PRM','',0,'UND','UND',0,0,'','','PROMOCION',7000,0,0,0,0,-1),(113,13,3,'NOR','',0,'UND','UND',0,0,'','','',12000,0,0,0,0,0),(114,13,3,'NOR','',0,'UND','UND',0,0,'','','',13000,0,0,0,0,-2),(115,13,3,'NOR','',0,'UND','UND',0,0,'','','',14000,0,0,0,0,-1),(116,13,3,'NOR','',0,'UND','UND',0,0,'','','',18000,0,0,0,0,0),(117,14,4,'NOR','',0,'BOTE','BAND',12,48,'','','',4000,0,0,0,0,-52),(118,15,1,'NOR','',0,'UND','UND',0,0,'','','',2500,0,0,0,0,-7),(119,15,1,'NOR','',0,'UND','UND',0,0,'','','',3000,0,0,0,0,-6),(120,15,1,'NOR','',0,'UND','UND',0,0,'','','',4500,0,0,0,0,-10),(121,15,1,'NOR','',0,'UND','UND',0,0,'','','',300,0,0,0,0,-10),(122,14,4,'NOR','',0,'BOTE','BANDE',24,96,'','','',3000,0,0,0,0,-8),(123,1,1,'PRM','',0,'UND','UND',0,0,'','','PROMOCION',11000,0,0,0,0,0),(124,10,2,'NOR','',0,'','',0,0,'','','',44000,0,0,0,0,-3),(125,7,2,'NOR','',0,'PIZZA','PIZZA',0,0,'','','',18000,0,0,0,0,0),(126,8,2,'NOR','',0,'PIZZA','PIZZA',0,0,'','','',27000,0,0,0,0,0),(127,9,2,'NOR','',0,'PIZZA','PIZZA',0,0,'','','',31000,0,0,0,0,0),(128,6,2,'NOR','',0,'PIZZA','PIZZA',0,0,'','','',4500,0,0,0,0,-2),(129,7,2,'NOR','',0,'PIZZA','PIZZA',0,0,'','','',18000,0,0,0,0,-1),(130,8,2,'NOR','',0,'PIZZA','PIZZA',0,0,'','','',25000,0,0,0,0,-2),(131,9,2,'NOR','',0,'','',0,0,'','','',29000,0,0,0,0,-3),(132,6,2,'NOR','',0,'PIZZA','PIZZA',0,0,'','','',4500,0,0,0,0,0),(133,7,2,'NOR','',0,'PIZZA','PIZZA',0,0,'','','',16000,0,0,0,0,0),(134,8,2,'NOR','',0,'PIZZA','PIZZA',0,0,'','','',22000,0,0,0,0,0),(135,9,2,'NOR','',0,'PIZZA','PIZZA',0,0,'','','',24000,0,0,0,0,0),(136,10,2,'NOR','',0,'PIZZA','PIZZA',0,0,'','','',35000,0,0,0,0,-2),(137,10,2,'NOR','',0,'PIZZA','PIZZA',0,0,'','','',42000,0,0,0,0,0),(138,10,2,'NOR','',0,'PIZZA','PIZZA',0,0,'','','',42000,0,0,0,0,-3),(139,10,2,'NOR','',0,'PIZZA','PIZZA',0,0,'','','',35000,0,0,0,0,0),(140,10,2,'NOR','',16,'PIZZA','PIZZA',0,0,'','','',0,0,0,0,0,0),(141,10,2,'NOR','',0,'PIZZA','PIZZA',0,0,'','','',44000,0,0,0,0,0),(142,10,2,'NOR','',0,'PIZZA','PIZZA',0,0,'','','',35000,0,0,0,0,0),(143,10,2,'NOR','',0,'PIZZA','PIZZA',0,0,'','','',42000,0,0,0,0,0),(144,10,2,'NOR','',0,'PIZZA','PIZZA',0,0,'','','',46000,0,0,0,0,0),(145,10,2,'NOR','',0,'PIZZA','PIZZA',0,0,'','','',36000,0,0,0,0,-1),(146,10,2,'NOR','',0,'PIZZA','PIZZA',0,0,'','','',44000,0,0,0,0,0),(147,10,2,'NOR','',0,'PIZZA','PIZZA',0,0,'','','',42000,0,0,0,0,0),(148,10,2,'NOR','',0,'PIZZA','PIZZA',0,0,'','','',28000,0,0,0,0,0),(149,1,1,'PRM','',0,'UND','UND',0,0,'','','PROMOCION',28000,0,0,0,0,0),(150,1,1,'PRM','',0,'UND','UND',0,0,'','','PROMOCION',28000,0,0,0,0,0),(153,1,1,'PRM','',0,'UND','UND',0,0,'','','PROMOCION',28000,0,0,0,0,0),(154,14,4,'NOR','',0,'BOTEL','BANDE',12,48,'','','',5000,0,0,0,0,-4),(155,14,4,'NOR','',0,'','',0,0,'','','',2500,0,0,0,0,-12),(156,7,2,'NOR','',0,'PIZZA','PIZZA',0,0,'','','',14000,0,0,0,0,0),(157,8,2,'NOR','',0,'PIZZA','PIZZA',0,0,'','','',20000,0,0,0,0,0),(158,9,2,'NOR','',0,'PIZZA','PIZZA',0,0,'','','',22000,0,0,0,0,-1),(159,10,2,'NOR','',0,'PIZZA','PIZZA',0,0,'','','',28000,0,0,0,0,0),(160,6,2,'NOR','',0,'PORCI','PORCI',0,0,'','','',4500,0,0,0,0,0),(161,7,2,'NOR','',0,'PORCI','PORCI',0,0,'','','',14000,0,0,0,0,-1),(162,8,2,'NOR','',0,'PIZZA','PIZZA',0,0,'','','',22000,0,0,0,0,0),(163,9,2,'NOR','',0,'PIZZA','PIZZA',0,0,'','','',24000,0,0,0,0,0),(164,10,2,'NOR','',0,'PIZZA','PIZZA',0,0,'','','',30000,0,0,0,0,0);
/*!40000 ALTER TABLE `productos` ENABLE KEYS */;
UNLOCK TABLES;

DELIMITER ;;
/*!50003 SET SESSION SQL_MODE="NO_AUTO_CREATE_USER,NO_ENGINE_SUBSTITUTION" */;;
/*!50003 CREATE */ /*!50017 DEFINER=`root`@`localhost` */ /*!50003 TRIGGER `productos_after_ins_tr` AFTER INSERT ON `productos` FOR EACH ROW BEGIN
  CALL PA_CrearBodegasenProductos(NEW.itemid); 
END */;;

DELIMITER ;
/*!50003 SET SESSION SQL_MODE=@OLD_SQL_MODE */;

--
-- Table structure for table `promociones`
--

DROP TABLE IF EXISTS `promociones`;
CREATE TABLE `promociones` (
  `promoid` int(11) NOT NULL auto_increment,
  `codigo` varchar(20) NOT NULL,
  `descripcion` text NOT NULL,
  `fecdesde` date NOT NULL,
  `fechasta` date NOT NULL,
  `horadesde` time NOT NULL,
  `horahasta` time NOT NULL,
  `cantidad` int(11) NOT NULL,
  `itemid` bigint(20) NOT NULL,
  `creador` varchar(20) NOT NULL,
  `momento` timestamp NOT NULL default CURRENT_TIMESTAMP,
  PRIMARY KEY  (`promoid`),
  KEY `creador` (`creador`)
) ENGINE=InnoDB AUTO_INCREMENT=12 DEFAULT CHARSET=utf8 COMMENT='Promociones del Sistema';

--
-- Dumping data for table `promociones`
--

LOCK TABLES `promociones` WRITE;
/*!40000 ALTER TABLE `promociones` DISABLE KEYS */;
INSERT INTO `promociones` VALUES (8,'CMPORCION','COMBO PORCION PIZZA + GASEOSA 12OZ','2012-01-01','2012-12-31','00:00:00','23:00:00',1,105,'ADMINISTRADOR','2012-01-11 20:52:43'),(9,'CMPERSO','COMBO 1 PIZZA PERSONAL + 2 GAS 12OZ','2012-01-01','2012-12-31','00:01:00','23:00:00',1,106,'ADMINISTRADOR','2012-01-11 20:56:15'),(10,'CMPASTA','COMBO 1 PASTA + 1 GAS 12OZ','2012-01-01','2012-12-31','00:01:00','23:00:00',1,107,'ADMINISTRADOR','2012-01-11 20:58:27'),(11,'CMPASTAINF','INFANTIL MEDIA PASTA + 1 GAS 12 OZ','2012-01-01','2012-12-01','00:01:00','23:00:00',1,112,'ADMINISTRADOR','2012-01-11 21:05:45');
/*!40000 ALTER TABLE `promociones` ENABLE KEYS */;
UNLOCK TABLES;

--
-- Table structure for table `seriales`
--

DROP TABLE IF EXISTS `seriales`;
CREATE TABLE `seriales` (
  `serialid` bigint(20) NOT NULL,
  `itemid` bigint(20) NOT NULL,
  `docuident` bigint(20) NOT NULL,
  `fecentrada` timestamp NOT NULL default CURRENT_TIMESTAMP on update CURRENT_TIMESTAMP,
  `docuidsal` bigint(20) NOT NULL,
  `fecsalida` timestamp NOT NULL default '0000-00-00 00:00:00',
  PRIMARY KEY  (`serialid`),
  KEY `itemid` (`itemid`),
  CONSTRAINT `seriales_ibfk_1` FOREIGN KEY (`itemid`) REFERENCES `item` (`itemid`)
) ENGINE=InnoDB DEFAULT CHARSET=utf8 COMMENT='Seriales de Productos';

--
-- Dumping data for table `seriales`
--

LOCK TABLES `seriales` WRITE;
/*!40000 ALTER TABLE `seriales` DISABLE KEYS */;
/*!40000 ALTER TABLE `seriales` ENABLE KEYS */;
UNLOCK TABLES;

--
-- Table structure for table `sucursales`
--

DROP TABLE IF EXISTS `sucursales`;
CREATE TABLE `sucursales` (
  `sucid` int(11) NOT NULL auto_increment,
  `codigo` varchar(5) NOT NULL,
  `nombre` varchar(20) NOT NULL,
  `consecter` varchar(12) NOT NULL,
  `creador` varchar(20) NOT NULL,
  `momento` timestamp NOT NULL default CURRENT_TIMESTAMP,
  PRIMARY KEY  (`sucid`),
  KEY `codigo` (`codigo`),
  KEY `creador` (`creador`)
) ENGINE=InnoDB AUTO_INCREMENT=2 DEFAULT CHARSET=utf8 COMMENT='Sucursales de la Empresa';

--
-- Dumping data for table `sucursales`
--

LOCK TABLES `sucursales` WRITE;
/*!40000 ALTER TABLE `sucursales` DISABLE KEYS */;
INSERT INTO `sucursales` VALUES (1,'00','PREDETERMINADA','TER00001','ADMINISTRADOR','2011-06-29 10:42:44');
/*!40000 ALTER TABLE `sucursales` ENABLE KEYS */;
UNLOCK TABLES;

--
-- Table structure for table `terceros`
--

DROP TABLE IF EXISTS `terceros`;
CREATE TABLE `terceros` (
  `terid` bigint(20) NOT NULL auto_increment,
  `codigo` varchar(15) NOT NULL,
  `nit` varchar(15) NOT NULL,
  `nombre` varchar(60) NOT NULL,
  `direccion` varchar(60) NOT NULL,
  `ciudadid` bigint(11) NOT NULL,
  `telefono` varchar(25) NOT NULL,
  `celular` varchar(25) NOT NULL,
  `email` varchar(60) NOT NULL,
  `zonaid` int(11) NOT NULL,
  `clasificaterid` int(11) NOT NULL,
  `clientedesde` date default NULL,
  `provdesde` date default NULL,
  `pacientedesde` date NOT NULL,
  `nombre1` varchar(30) NOT NULL,
  `nombre2` varchar(30) NOT NULL,
  `apellido1` varchar(30) NOT NULL,
  `apellido2` varchar(30) NOT NULL,
  `creador` varchar(20) NOT NULL,
  `momento` timestamp NOT NULL default CURRENT_TIMESTAMP,
  PRIMARY KEY  (`terid`),
  UNIQUE KEY `codigo` (`codigo`),
  UNIQUE KEY `nit` (`nit`),
  KEY `ciudadid` (`ciudadid`),
  KEY `zonaid` (`zonaid`,`clasificaterid`),
  KEY `clasificaterid` (`clasificaterid`),
  KEY `creador` (`creador`),
  CONSTRAINT `terceros_ibfk_1` FOREIGN KEY (`ciudadid`) REFERENCES `ciudades` (`ciudadid`) ON DELETE CASCADE ON UPDATE CASCADE,
  CONSTRAINT `terceros_ibfk_2` FOREIGN KEY (`zonaid`) REFERENCES `zonater` (`zonaid`) ON DELETE CASCADE ON UPDATE CASCADE,
  CONSTRAINT `terceros_ibfk_3` FOREIGN KEY (`clasificaterid`) REFERENCES `clasificater` (`clasificaterid`) ON DELETE CASCADE ON UPDATE CASCADE
) ENGINE=InnoDB AUTO_INCREMENT=7 DEFAULT CHARSET=utf8 COMMENT='Terceros';

--
-- Dumping data for table `terceros`
--

LOCK TABLES `terceros` WRITE;
/*!40000 ALTER TABLE `terceros` DISABLE KEYS */;
INSERT INTO `terceros` VALUES (1,'TER0001','CLI00001','CLIENTE PREDETERMINADO','',1,'','','',1,1,NULL,NULL,'0000-00-00','','','','','ADMINISTRADOR','2011-11-28 11:13:12'),(6,'1090746375','1090746375','YEIM 213 32 332','CALLE 2 NO. 7-33 BARRIO BELLAVISTA',694,'3002692042','3002692042','saidrodriguez@gmail.com',1,1,NULL,NULL,'0000-00-00','','','','','said','2012-01-23 14:34:15');
/*!40000 ALTER TABLE `terceros` ENABLE KEYS */;
UNLOCK TABLES;

--
-- Table structure for table `tipodoc`
--

DROP TABLE IF EXISTS `tipodoc`;
CREATE TABLE `tipodoc` (
  `codigo` varchar(3) NOT NULL,
  `descripcion` varchar(25) NOT NULL,
  PRIMARY KEY  (`codigo`)
) ENGINE=InnoDB DEFAULT CHARSET=utf8 COMMENT='Tipo de Documento';

--
-- Dumping data for table `tipodoc`
--

LOCK TABLES `tipodoc` WRITE;
/*!40000 ALTER TABLE `tipodoc` DISABLE KEYS */;
INSERT INTO `tipodoc` VALUES ('AIN','AJUSTE DE INVENTARIO'),('CON','CONSUMO DE PRODUCTOS'),('COT','COTIZACION'),('FCO','FACTURA DE COMPRA'),('FVE','FACTURA DE VENTA'),('PVE','PEDIDO DE VENTA'),('REN','REMISION DE ENTRADA'),('RSA','REMISION DE SALIDA'),('TRB','TRASLADO ENTRE BODEGAS');
/*!40000 ALTER TABLE `tipodoc` ENABLE KEYS */;
UNLOCK TABLES;

--
-- Table structure for table `tipoexamen`
--

DROP TABLE IF EXISTS `tipoexamen`;
CREATE TABLE `tipoexamen` (
  `tipoexamenid` int(11) NOT NULL auto_increment,
  `codigo` varchar(5) NOT NULL,
  `descripcion` varchar(25) NOT NULL,
  `creador` varchar(20) NOT NULL,
  `momento` timestamp NOT NULL default CURRENT_TIMESTAMP,
  PRIMARY KEY  (`tipoexamenid`),
  KEY `codigo` (`codigo`)
) ENGINE=InnoDB AUTO_INCREMENT=3 DEFAULT CHARSET=utf8 COMMENT='Tipos de Examen';

--
-- Dumping data for table `tipoexamen`
--

LOCK TABLES `tipoexamen` WRITE;
/*!40000 ALTER TABLE `tipoexamen` DISABLE KEYS */;
INSERT INTO `tipoexamen` VALUES (1,'01','INGRESO','','2012-01-22 22:26:21'),(2,'02','RETIRO','','2012-01-22 22:26:34');
/*!40000 ALTER TABLE `tipoexamen` ENABLE KEYS */;
UNLOCK TABLES;

--
-- Table structure for table `tipoitem`
--

DROP TABLE IF EXISTS `tipoitem`;
CREATE TABLE `tipoitem` (
  `tipoitemid` varchar(3) NOT NULL,
  `descripcion` varchar(25) NOT NULL,
  PRIMARY KEY  (`tipoitemid`)
) ENGINE=InnoDB DEFAULT CHARSET=utf8 COMMENT='Tipos de Item';

--
-- Dumping data for table `tipoitem`
--

LOCK TABLES `tipoitem` WRITE;
/*!40000 ALTER TABLE `tipoitem` DISABLE KEYS */;
INSERT INTO `tipoitem` VALUES ('1','PRODUCTOS'),('2','CONCEPTOS');
/*!40000 ALTER TABLE `tipoitem` ENABLE KEYS */;
UNLOCK TABLES;

--
-- Table structure for table `tipoproducto`
--

DROP TABLE IF EXISTS `tipoproducto`;
CREATE TABLE `tipoproducto` (
  `codigo` varchar(3) NOT NULL,
  `descripcion` varchar(25) NOT NULL,
  PRIMARY KEY  (`codigo`)
) ENGINE=InnoDB DEFAULT CHARSET=utf8 COMMENT='Tipos de Producto';

--
-- Dumping data for table `tipoproducto`
--

LOCK TABLES `tipoproducto` WRITE;
/*!40000 ALTER TABLE `tipoproducto` DISABLE KEYS */;
INSERT INTO `tipoproducto` VALUES ('COM','PRODUCTO COMBO'),('MAP','MATERIA PRIMA'),('NOR','PRODUCTO TERMINADO'),('PRM','PROMOCION'),('SER','PRODUCTO SERIAL'),('SEV','SERVICIO');
/*!40000 ALTER TABLE `tipoproducto` ENABLE KEYS */;
UNLOCK TABLES;

--
-- Table structure for table `usuarios`
--

DROP TABLE IF EXISTS `usuarios`;
CREATE TABLE `usuarios` (
  `username` varchar(20) NOT NULL,
  `nombre` varchar(50) NOT NULL,
  `clave` varchar(32) NOT NULL,
  `email` varchar(60) NOT NULL,
  `momento` timestamp NOT NULL default CURRENT_TIMESTAMP,
  PRIMARY KEY  (`username`)
) ENGINE=InnoDB DEFAULT CHARSET=utf8 COMMENT='Usuarios del Sistema';

--
-- Dumping data for table `usuarios`
--

LOCK TABLES `usuarios` WRITE;
/*!40000 ALTER TABLE `usuarios` DISABLE KEYS */;
INSERT INTO `usuarios` VALUES ('administrador','Administrador del Sistema','1234','admin@localhost','0000-00-00 00:00:00'),('carlos','CARLOS RIVERA','123','gerente@tintasytoner.com','2012-01-13 17:18:58'),('LORENA','SHIRLEY LORENA','123','','2012-01-04 21:03:40'),('Monica','MONICA DEL PILAR','123','M_RIVERITA@HOTMAIL.COM','2012-01-18 15:11:06'),('omar','OMAR RIVERA','123','omarrivera@tintasytoner.com','2012-01-13 17:22:16'),('said','SAID RODRIGUEZ','123','saidrodriguez@gmail.com','2012-01-13 17:23:03'),('SANDRA','SANDRA LORENA DIAZ','123','','2012-01-04 21:04:11');
/*!40000 ALTER TABLE `usuarios` ENABLE KEYS */;
UNLOCK TABLES;

--
-- Temporary table structure for view `v_compras`
--

DROP TABLE IF EXISTS `v_compras`;
/*!50001 DROP VIEW IF EXISTS `v_compras`*/;
/*!50001 CREATE TABLE `v_compras` (
  `docuid` bigint(20),
  `tipodoc` varchar(3),
  `prefijo` varchar(5),
  `numero` varchar(8),
  `fechadoc` timestamp,
  `fecasentado` timestamp,
  `fecanulado` timestamp,
  `terid1` bigint(20),
  `terid2` bigint(20),
  `observacion` text,
  `base` double,
  `iva` double,
  `total` double,
  `totalitems` double,
  `creador` varchar(20),
  `momento` timestamp,
  `dedocumid` bigint(20),
  `itemid` bigint(20),
  `cantidad` double,
  `valunitario` double,
  `valdescuento` double,
  `valparcial` double,
  `valbase` double,
  `valiva` double,
  `codproducto` varchar(10),
  `nomproducto` varchar(35),
  `codbodega` varchar(5),
  `codcliente` varchar(15),
  `nomcliente` varchar(60),
  `codvendedor` varchar(15),
  `nomvendedor` varchar(60)
) */;

--
-- Temporary table structure for view `v_consumos`
--

DROP TABLE IF EXISTS `v_consumos`;
/*!50001 DROP VIEW IF EXISTS `v_consumos`*/;
/*!50001 CREATE TABLE `v_consumos` (
  `docuid` bigint(20),
  `tipodoc` varchar(3),
  `prefijo` varchar(5),
  `numero` varchar(8),
  `fechadoc` timestamp,
  `fecasentado` timestamp,
  `fecanulado` timestamp,
  `terid1` bigint(20),
  `terid2` bigint(20),
  `observacion` text,
  `base` double,
  `iva` double,
  `total` double,
  `totalitems` double,
  `creador` varchar(20),
  `momento` timestamp,
  `dedocumid` bigint(20),
  `itemid` bigint(20),
  `cantidad` double,
  `valunitario` double,
  `valdescuento` double,
  `valparcial` double,
  `valbase` double,
  `valiva` double,
  `codproducto` varchar(10),
  `nomproducto` varchar(35),
  `codbodega` varchar(5),
  `codcliente` varchar(15),
  `nomcliente` varchar(60),
  `codvendedor` varchar(15),
  `nomvendedor` varchar(60)
) */;

--
-- Temporary table structure for view `v_traslados`
--

DROP TABLE IF EXISTS `v_traslados`;
/*!50001 DROP VIEW IF EXISTS `v_traslados`*/;
/*!50001 CREATE TABLE `v_traslados` (
  `docuid` bigint(20),
  `tipodoc` varchar(3),
  `prefijo` varchar(5),
  `numero` varchar(8),
  `fechadoc` timestamp,
  `fecasentado` timestamp,
  `fecanulado` timestamp,
  `terid1` bigint(20),
  `terid2` bigint(20),
  `observacion` text,
  `base` double,
  `iva` double,
  `total` double,
  `totalitems` double,
  `creador` varchar(20),
  `momento` timestamp,
  `bodegades` int(11),
  `bodegaori` int(11),
  `dedocumid` bigint(20),
  `itemid` bigint(20),
  `cantidad` double,
  `valunitario` double,
  `valdescuento` double,
  `valparcial` double,
  `valbase` double,
  `valiva` double,
  `codproducto` varchar(10),
  `nomproducto` varchar(35),
  `codbodega` varchar(5),
  `codcliente` varchar(15),
  `nomcliente` varchar(60),
  `codvendedor` varchar(15),
  `nomvendedor` varchar(60)
) */;

--
-- Temporary table structure for view `v_ventas`
--

DROP TABLE IF EXISTS `v_ventas`;
/*!50001 DROP VIEW IF EXISTS `v_ventas`*/;
/*!50001 CREATE TABLE `v_ventas` (
  `docuid` bigint(20),
  `tipodoc` varchar(3),
  `prefijo` varchar(5),
  `numero` varchar(8),
  `fechadoc` timestamp,
  `fecasentado` timestamp,
  `fecanulado` timestamp,
  `terid1` bigint(20),
  `terid2` bigint(20),
  `observacion` text,
  `base` double,
  `iva` double,
  `total` double,
  `totalitems` double,
  `creador` varchar(20),
  `momento` timestamp,
  `dedocumid` bigint(20),
  `itemid` bigint(20),
  `cantidad` double,
  `valunitario` double,
  `valdescuento` double,
  `valparcial` double,
  `valbase` double,
  `valiva` double,
  `codproducto` varchar(10),
  `nomproducto` varchar(35),
  `codbodega` varchar(5),
  `codcliente` varchar(15),
  `nomcliente` varchar(60),
  `codvendedor` varchar(15),
  `nomvendedor` varchar(60)
) */;

--
-- Table structure for table `zonater`
--

DROP TABLE IF EXISTS `zonater`;
CREATE TABLE `zonater` (
  `zonaid` int(11) NOT NULL auto_increment,
  `codigo` varchar(5) NOT NULL,
  `descripcion` varchar(25) NOT NULL,
  `creador` varchar(20) NOT NULL,
  `momento` timestamp NOT NULL default CURRENT_TIMESTAMP,
  PRIMARY KEY  (`zonaid`),
  KEY `codigo` (`codigo`)
) ENGINE=InnoDB AUTO_INCREMENT=7 DEFAULT CHARSET=utf8 COMMENT='Zonas de Terceros';

--
-- Dumping data for table `zonater`
--

LOCK TABLES `zonater` WRITE;
/*!40000 ALTER TABLE `zonater` DISABLE KEYS */;
INSERT INTO `zonater` VALUES (1,'00','ZONA PREDETERMINADA','ADMINISTRADOR','0000-00-00 00:00:00'),(2,'01','ATALAYA','lorena','2012-01-20 15:47:52'),(3,'02','PATIOS','lorena','2012-01-20 15:48:06'),(4,'03','SAN LUIS','lorena','2012-01-20 15:48:18'),(5,'04','CENTRO','lorena','2012-01-20 15:48:31'),(6,'05','LA LIBERTAD','lorena','2012-01-20 15:48:46');
/*!40000 ALTER TABLE `zonater` ENABLE KEYS */;
UNLOCK TABLES;

--
-- Dumping routines for database 'unohospital'
--
DELIMITER ;;
/*!50003 DROP PROCEDURE IF EXISTS `PA_ActualizarConsecutivoVenta` */;;
/*!50003 SET SESSION SQL_MODE="NO_AUTO_CREATE_USER"*/;;
/*!50003 CREATE*/ /*!50020 DEFINER=`root`@`localhost`*/ /*!50003 PROCEDURE `PA_ActualizarConsecutivoVenta`(IN PREFIJOX VARCHAR(3), IN TIPODOCX VARCHAR(3), IN DOCUIDX INTEGER(11), IN NUEVONUM VARCHAR(10))
BEGIN
     UPDATE documentos SET numero = NUEVONUM WHERE docuid = DOCUIDX;
     
     UPDATE prefijo SET consecutivo = NUEVONUM WHERE tipodoc = TIPODOCX AND prefijo = PREFIJOX;
     
END */;;
/*!50003 SET SESSION SQL_MODE=@OLD_SQL_MODE*/;;
/*!50003 DROP PROCEDURE IF EXISTS `PA_AsentarExistenciasCompra` */;;
/*!50003 SET SESSION SQL_MODE="NO_AUTO_CREATE_USER"*/;;
/*!50003 CREATE*/ /*!50020 DEFINER=`root`@`localhost`*/ /*!50003 PROCEDURE `PA_AsentarExistenciasCompra`(IN DOCUIDX INTEGER(11))
BEGIN
 DECLARE l_last_row INT DEFAULT 0;
 DECLARE CANTIDADX INT DEFAULT 0;
 DECLARE BODEGAIDX INT DEFAULT 0;
 DECLARE ITEMIDX INT DEFAULT 0;  
 DECLARE cursor1 CURSOR FOR SELECT d.bodegaid , d.itemid , SUM(d.cantidad) cantidad  FROM dedocumentos d WHERE d.DOCUID = DOCUIDX GROUP BY 1,2;
 
 DECLARE CONTINUE HANDLER FOR NOT FOUND SET l_last_row=1; 
 OPEN cursor1;
 c1_loop: LOOP
    FETCH cursor1 INTO BODEGAIDX , ITEMIDX , CANTIDADX;
        IF (l_last_row=1) THEN
            LEAVE c1_loop;
        END IF;
 
     UPDATE `existencias` SET existencia = (existencia + CANTIDADX) WHERE itemid = ITEMIDX AND bodegaid = BODEGAIDX; 
     UPDATE productos SET existenciatotal = (existenciatotal + CANTIDADX) WHERE itemid = ITEMIDX;      
     
 END LOOP c1_loop;
 
END */;;
/*!50003 SET SESSION SQL_MODE=@OLD_SQL_MODE*/;;
/*!50003 DROP PROCEDURE IF EXISTS `PA_AsentarExistenciasVenta` */;;
/*!50003 SET SESSION SQL_MODE="NO_AUTO_CREATE_USER"*/;;
/*!50003 CREATE*/ /*!50020 DEFINER=`root`@`localhost`*/ /*!50003 PROCEDURE `PA_AsentarExistenciasVenta`(IN DOCUIDX INTEGER(11))
BEGIN
 DECLARE l_last_row INT DEFAULT 0;
 DECLARE CANTIDADX INT DEFAULT 0;
 DECLARE BODEGAIDX INT DEFAULT 0;
 DECLARE ITEMIDX INT DEFAULT 0;  
 DECLARE cursor1 CURSOR FOR SELECT d.bodegaid , d.itemid , SUM(d.cantidad) cantidad  FROM dedocumentos d WHERE d.DOCUID = DOCUIDX GROUP BY 1,2;
 
 DECLARE CONTINUE HANDLER FOR NOT FOUND SET l_last_row=1; 
 OPEN cursor1;
 c1_loop: LOOP
    FETCH cursor1 INTO BODEGAIDX , ITEMIDX , CANTIDADX;
        IF (l_last_row=1) THEN
            LEAVE c1_loop;
        END IF;
 
     UPDATE `existencias` SET existencia = (existencia - CANTIDADX) WHERE itemid = ITEMIDX AND bodegaid = BODEGAIDX; 
     UPDATE productos SET existenciatotal = (existenciatotal - CANTIDADX) WHERE itemid = ITEMIDX;      
     
 END LOOP c1_loop;
 
END */;;
/*!50003 SET SESSION SQL_MODE=@OLD_SQL_MODE*/;;
/*!50003 DROP PROCEDURE IF EXISTS `PA_CrearArticulosEnBodega` */;;
/*!50003 SET SESSION SQL_MODE="NO_AUTO_CREATE_USER"*/;;
/*!50003 CREATE*/ /*!50020 DEFINER=`root`@`localhost`*/ /*!50003 PROCEDURE `PA_CrearArticulosEnBodega`(IN BODEGAID INTEGER(11))
BEGIN
DECLARE l_last_row INT DEFAULT 0;
DECLARE ITEMID INT DEFAULT 0;
 
DECLARE cursor1 CURSOR FOR SELECT p.itemid FROM productos p;
 
DECLARE CONTINUE HANDLER FOR NOT FOUND SET l_last_row=1; 
OPEN cursor1;
c1_loop: LOOP
    FETCH cursor1 INTO ITEMID;
        IF (l_last_row=1) THEN
            LEAVE c1_loop;
        END IF;
 
    INSERT IGNORE INTO `existencias`(bodegaid,itemid,existencia) values(BODEGAID,ITEMID,0);
     
END LOOP c1_loop;
END */;;
/*!50003 SET SESSION SQL_MODE=@OLD_SQL_MODE*/;;
/*!50003 DROP PROCEDURE IF EXISTS `PA_CrearBodegasenProductos` */;;
/*!50003 SET SESSION SQL_MODE="NO_AUTO_CREATE_USER"*/;;
/*!50003 CREATE*/ /*!50020 DEFINER=`root`@`localhost`*/ /*!50003 PROCEDURE `PA_CrearBodegasenProductos`(IN ITEMID INTEGER(11))
BEGIN
 DECLARE l_last_row INT DEFAULT 0;
 DECLARE BODEGAID INT DEFAULT 0;
 DECLARE cursor1 CURSOR FOR SELECT b.bodegaid FROM bodegas b;
 
 DECLARE CONTINUE HANDLER FOR NOT FOUND SET l_last_row=1; 
 OPEN cursor1;
 c1_loop: LOOP
    FETCH cursor1 INTO BODEGAID;
        IF (l_last_row=1) THEN
            LEAVE c1_loop;
        END IF;
 
     INSERT IGNORE INTO `existencias`(bodegaid,itemid,existencia) values(BODEGAID,ITEMID,0);
     
 END LOOP c1_loop;
END */;;
/*!50003 SET SESSION SQL_MODE=@OLD_SQL_MODE*/;;
/*!50003 DROP PROCEDURE IF EXISTS `PA_ReversarExistenciasCompra` */;;
/*!50003 SET SESSION SQL_MODE="NO_AUTO_CREATE_USER"*/;;
/*!50003 CREATE*/ /*!50020 DEFINER=`root`@`localhost`*/ /*!50003 PROCEDURE `PA_ReversarExistenciasCompra`(IN DOCUIDX INTEGER(11))
BEGIN
 DECLARE l_last_row INT DEFAULT 0;
 DECLARE CANTIDADX INT DEFAULT 0;
 DECLARE BODEGAIDX INT DEFAULT 0;
 DECLARE ITEMIDX INT DEFAULT 0;  
 DECLARE cursor1 CURSOR FOR SELECT d.bodegaid , d.itemid , SUM(d.cantidad) cantidad  FROM dedocumentos d WHERE d.DOCUID = DOCUIDX GROUP BY 1,2;
 
 DECLARE CONTINUE HANDLER FOR NOT FOUND SET l_last_row=1; 
 OPEN cursor1;
 c1_loop: LOOP
    FETCH cursor1 INTO BODEGAIDX , ITEMIDX , CANTIDADX;
        IF (l_last_row=1) THEN
            LEAVE c1_loop;
        END IF;
 
     UPDATE `existencias` SET existencia = (existencia - CANTIDADX) WHERE itemid = ITEMIDX AND bodegaid = BODEGAIDX; 
     
     UPDATE productos SET existenciatotal = (existenciatotal - CANTIDADX) WHERE itemid = ITEMIDX;      
 END LOOP c1_loop;
 
END */;;
/*!50003 SET SESSION SQL_MODE=@OLD_SQL_MODE*/;;
/*!50003 DROP PROCEDURE IF EXISTS `PA_ReversarExistenciasVenta` */;;
/*!50003 SET SESSION SQL_MODE="NO_AUTO_CREATE_USER"*/;;
/*!50003 CREATE*/ /*!50020 DEFINER=`root`@`localhost`*/ /*!50003 PROCEDURE `PA_ReversarExistenciasVenta`(IN DOCUIDX INTEGER(11))
BEGIN
 DECLARE l_last_row INT DEFAULT 0;
 DECLARE CANTIDADX INT DEFAULT 0;
 DECLARE BODEGAIDX INT DEFAULT 0;
 DECLARE ITEMIDX INT DEFAULT 0;  
 DECLARE cursor1 CURSOR FOR SELECT d.bodegaid , d.itemid , SUM(d.cantidad) cantidad  FROM dedocumentos d WHERE d.DOCUID = DOCUIDX GROUP BY 1,2;
 
 DECLARE CONTINUE HANDLER FOR NOT FOUND SET l_last_row=1; 
 OPEN cursor1;
 c1_loop: LOOP
    FETCH cursor1 INTO BODEGAIDX , ITEMIDX , CANTIDADX;
        IF (l_last_row=1) THEN
            LEAVE c1_loop;
        END IF;
 
     UPDATE `existencias` SET existencia = (existencia + CANTIDADX) WHERE itemid = ITEMIDX AND bodegaid = BODEGAIDX; 
     
     UPDATE productos SET existenciatotal = (existenciatotal + CANTIDADX) WHERE itemid = ITEMIDX;      
 END LOOP c1_loop;
 
END */;;
/*!50003 SET SESSION SQL_MODE=@OLD_SQL_MODE*/;;
DELIMITER ;

--
-- Final view structure for view `v_compras`
--

/*!50001 DROP TABLE IF EXISTS `v_compras`*/;
/*!50001 DROP VIEW IF EXISTS `v_compras`*/;
/*!50001 CREATE ALGORITHM=UNDEFINED */
/*!50013 DEFINER=`root`@`localhost` SQL SECURITY DEFINER */
/*!50001 VIEW `v_compras` AS select `d`.`docuid` AS `docuid`,`d`.`tipodoc` AS `tipodoc`,`d`.`prefijo` AS `prefijo`,`d`.`numero` AS `numero`,`d`.`fechadoc` AS `fechadoc`,`d`.`fecasentado` AS `fecasentado`,`d`.`fecanulado` AS `fecanulado`,`d`.`terid1` AS `terid1`,`d`.`terid2` AS `terid2`,`d`.`observacion` AS `observacion`,`d`.`base` AS `base`,`d`.`iva` AS `iva`,`d`.`total` AS `total`,`d`.`totalitems` AS `totalitems`,`d`.`creador` AS `creador`,`d`.`momento` AS `momento`,`dd`.`dedocumid` AS `dedocumid`,`dd`.`itemid` AS `itemid`,`dd`.`cantidad` AS `cantidad`,`dd`.`valunitario` AS `valunitario`,`dd`.`valdescuento` AS `valdescuento`,`dd`.`valparcial` AS `valparcial`,`dd`.`valbase` AS `valbase`,`dd`.`valiva` AS `valiva`,`i`.`codigo` AS `codproducto`,`i`.`descripcion` AS `nomproducto`,`b`.`codigo` AS `codbodega`,`t1`.`codigo` AS `codcliente`,`t1`.`nombre` AS `nomcliente`,`t2`.`codigo` AS `codvendedor`,`t2`.`nombre` AS `nomvendedor` from (((((`documentos` `D` join `terceros` `T1` on((`d`.`terid1` = `t1`.`terid`))) join `terceros` `T2` on((`d`.`terid2` = `t2`.`terid`))) left join `dedocumentos` `DD` on((`d`.`docuid` = `dd`.`docuid`))) left join `item` `I` on((`dd`.`itemid` = `i`.`itemid`))) left join `bodegas` `B` on((`dd`.`bodegaid` = `b`.`bodegaid`))) where ((`d`.`tipodoc` = _utf8'FCO') or (`d`.`tipodoc` = _utf8'REN') or (`d`.`tipodoc` = _utf8'PVE') or (`d`.`tipodoc` = _utf8'CON')) order by `d`.`docuid`,`dd`.`dedocumid` */;

--
-- Final view structure for view `v_consumos`
--

/*!50001 DROP TABLE IF EXISTS `v_consumos`*/;
/*!50001 DROP VIEW IF EXISTS `v_consumos`*/;
/*!50001 CREATE ALGORITHM=UNDEFINED */
/*!50013 DEFINER=`root`@`localhost` SQL SECURITY DEFINER */
/*!50001 VIEW `v_consumos` AS select `d`.`docuid` AS `docuid`,`d`.`tipodoc` AS `tipodoc`,`d`.`prefijo` AS `prefijo`,`d`.`numero` AS `numero`,`d`.`fechadoc` AS `fechadoc`,`d`.`fecasentado` AS `fecasentado`,`d`.`fecanulado` AS `fecanulado`,`d`.`terid1` AS `terid1`,`d`.`terid2` AS `terid2`,`d`.`observacion` AS `observacion`,`d`.`base` AS `base`,`d`.`iva` AS `iva`,`d`.`total` AS `total`,`d`.`totalitems` AS `totalitems`,`d`.`creador` AS `creador`,`d`.`momento` AS `momento`,`dd`.`dedocumid` AS `dedocumid`,`dd`.`itemid` AS `itemid`,`dd`.`cantidad` AS `cantidad`,`dd`.`valunitario` AS `valunitario`,`dd`.`valdescuento` AS `valdescuento`,`dd`.`valparcial` AS `valparcial`,`dd`.`valbase` AS `valbase`,`dd`.`valiva` AS `valiva`,`i`.`codigo` AS `codproducto`,`i`.`descripcion` AS `nomproducto`,`b`.`codigo` AS `codbodega`,`t1`.`codigo` AS `codcliente`,`t1`.`nombre` AS `nomcliente`,`t2`.`codigo` AS `codvendedor`,`t2`.`nombre` AS `nomvendedor` from (((((`documentos` `D` join `terceros` `T1` on((`d`.`terid1` = `t1`.`terid`))) join `terceros` `T2` on((`d`.`terid2` = `t2`.`terid`))) left join `dedocumentos` `DD` on((`d`.`docuid` = `dd`.`docuid`))) left join `item` `I` on((`dd`.`itemid` = `i`.`itemid`))) left join `bodegas` `B` on((`dd`.`bodegaid` = `b`.`bodegaid`))) where (`d`.`tipodoc` = _utf8'CON') order by `d`.`docuid`,`dd`.`dedocumid` */;

--
-- Final view structure for view `v_traslados`
--

/*!50001 DROP TABLE IF EXISTS `v_traslados`*/;
/*!50001 DROP VIEW IF EXISTS `v_traslados`*/;
/*!50001 CREATE ALGORITHM=UNDEFINED */
/*!50013 DEFINER=`root`@`localhost` SQL SECURITY DEFINER */
/*!50001 VIEW `v_traslados` AS select `d`.`docuid` AS `docuid`,`d`.`tipodoc` AS `tipodoc`,`d`.`prefijo` AS `prefijo`,`d`.`numero` AS `numero`,`d`.`fechadoc` AS `fechadoc`,`d`.`fecasentado` AS `fecasentado`,`d`.`fecanulado` AS `fecanulado`,`d`.`terid1` AS `terid1`,`d`.`terid2` AS `terid2`,`d`.`observacion` AS `observacion`,`d`.`base` AS `base`,`d`.`iva` AS `iva`,`d`.`total` AS `total`,`d`.`totalitems` AS `totalitems`,`d`.`creador` AS `creador`,`d`.`momento` AS `momento`,`ds`.`bodegades` AS `bodegades`,`ds`.`bodegaori` AS `bodegaori`,`dd`.`dedocumid` AS `dedocumid`,`dd`.`itemid` AS `itemid`,`dd`.`cantidad` AS `cantidad`,`dd`.`valunitario` AS `valunitario`,`dd`.`valdescuento` AS `valdescuento`,`dd`.`valparcial` AS `valparcial`,`dd`.`valbase` AS `valbase`,`dd`.`valiva` AS `valiva`,`i`.`codigo` AS `codproducto`,`i`.`descripcion` AS `nomproducto`,`b`.`codigo` AS `codbodega`,`t1`.`codigo` AS `codcliente`,`t1`.`nombre` AS `nomcliente`,`t2`.`codigo` AS `codvendedor`,`t2`.`nombre` AS `nomvendedor` from ((((((`documentos` `D` join `terceros` `T1` on((`d`.`terid1` = `t1`.`terid`))) join `terceros` `T2` on((`d`.`terid2` = `t2`.`terid`))) join `docuself` `DS` on((`d`.`docuid` = `ds`.`docuid`))) left join `dedocumentos` `DD` on((`d`.`docuid` = `dd`.`docuid`))) left join `item` `I` on((`dd`.`itemid` = `i`.`itemid`))) left join `bodegas` `B` on((`dd`.`bodegaid` = `b`.`bodegaid`))) where (`d`.`tipodoc` = _utf8'TRB') order by `d`.`docuid`,`dd`.`dedocumid` */;

--
-- Final view structure for view `v_ventas`
--

/*!50001 DROP TABLE IF EXISTS `v_ventas`*/;
/*!50001 DROP VIEW IF EXISTS `v_ventas`*/;
/*!50001 CREATE ALGORITHM=UNDEFINED */
/*!50013 DEFINER=`root`@`localhost` SQL SECURITY DEFINER */
/*!50001 VIEW `v_ventas` AS select `d`.`docuid` AS `docuid`,`d`.`tipodoc` AS `tipodoc`,`d`.`prefijo` AS `prefijo`,`d`.`numero` AS `numero`,`d`.`fechadoc` AS `fechadoc`,`d`.`fecasentado` AS `fecasentado`,`d`.`fecanulado` AS `fecanulado`,`d`.`terid1` AS `terid1`,`d`.`terid2` AS `terid2`,`d`.`observacion` AS `observacion`,`d`.`base` AS `base`,`d`.`iva` AS `iva`,`d`.`total` AS `total`,`d`.`totalitems` AS `totalitems`,`d`.`creador` AS `creador`,`d`.`momento` AS `momento`,`dd`.`dedocumid` AS `dedocumid`,`dd`.`itemid` AS `itemid`,`dd`.`cantidad` AS `cantidad`,`dd`.`valunitario` AS `valunitario`,`dd`.`valdescuento` AS `valdescuento`,`dd`.`valparcial` AS `valparcial`,`dd`.`valbase` AS `valbase`,`dd`.`valiva` AS `valiva`,`i`.`codigo` AS `codproducto`,`i`.`descripcion` AS `nomproducto`,`b`.`codigo` AS `codbodega`,`t1`.`codigo` AS `codcliente`,`t1`.`nombre` AS `nomcliente`,`t2`.`codigo` AS `codvendedor`,`t2`.`nombre` AS `nomvendedor` from (((((`documentos` `D` join `terceros` `T1` on((`d`.`terid1` = `t1`.`terid`))) join `terceros` `T2` on((`d`.`terid2` = `t2`.`terid`))) left join `dedocumentos` `DD` on((`d`.`docuid` = `dd`.`docuid`))) left join `item` `I` on((`dd`.`itemid` = `i`.`itemid`))) left join `bodegas` `B` on((`dd`.`bodegaid` = `b`.`bodegaid`))) where ((`d`.`tipodoc` = _utf8'FVE') or (`d`.`tipodoc` = _utf8'RSA') or (`d`.`tipodoc` = _utf8'PVE')) order by `d`.`docuid`,`dd`.`dedocumid` */;
/*!40103 SET TIME_ZONE=@OLD_TIME_ZONE */;

/*!40101 SET SQL_MODE=@OLD_SQL_MODE */;
/*!40014 SET FOREIGN_KEY_CHECKS=@OLD_FOREIGN_KEY_CHECKS */;
/*!40014 SET UNIQUE_CHECKS=@OLD_UNIQUE_CHECKS */;
/*!40101 SET CHARACTER_SET_CLIENT=@OLD_CHARACTER_SET_CLIENT */;
/*!40101 SET CHARACTER_SET_RESULTS=@OLD_CHARACTER_SET_RESULTS */;
/*!40101 SET COLLATION_CONNECTION=@OLD_COLLATION_CONNECTION */;
/*!40111 SET SQL_NOTES=@OLD_SQL_NOTES */;

-- Dump completed on 2012-01-23 14:51:24
