-- MySQL dump 10.11
--
-- Host: localhost    Database: unohospital
-- ------------------------------------------------------
-- Server version	5.0.51b-community-nt-log

/*!40101 SET @OLD_CHARACTER_SET_CLIENT=@@CHARACTER_SET_CLIENT */;
/*!40101 SET @OLD_CHARACTER_SET_RESULTS=@@CHARACTER_SET_RESULTS */;
/*!40101 SET @OLD_COLLATION_CONNECTION=@@COLLATION_CONNECTION */;
/*!40101 SET NAMES utf8 */;
/*!40103 SET @OLD_TIME_ZONE=@@TIME_ZONE */;
/*!40103 SET TIME_ZONE='+00:00' */;
/*!40014 SET @OLD_UNIQUE_CHECKS=@@UNIQUE_CHECKS, UNIQUE_CHECKS=0 */;
/*!40014 SET @OLD_FOREIGN_KEY_CHECKS=@@FOREIGN_KEY_CHECKS, FOREIGN_KEY_CHECKS=0 */;
/*!40101 SET @OLD_SQL_MODE=@@SQL_MODE, SQL_MODE='NO_AUTO_VALUE_ON_ZERO' */;
/*!40111 SET @OLD_SQL_NOTES=@@SQL_NOTES, SQL_NOTES=0 */;

--
-- Table structure for table `accidentestra`
--

DROP TABLE IF EXISTS `accidentestra`;
SET @saved_cs_client     = @@character_set_client;
SET character_set_client = utf8;
CREATE TABLE `accidentestra` (
  `accid` int(11) NOT NULL auto_increment,
  `historiaid` bigint(20) NOT NULL,
  `descripcion` varchar(155) NOT NULL,
  `accitrabajo` varchar(9) NOT NULL,
  `fecha` date NOT NULL,
  `tipo` varchar(155) NOT NULL,
  `lesionparte` varchar(155) NOT NULL,
  `creador` varchar(20) NOT NULL,
  `momento` timestamp NOT NULL default CURRENT_TIMESTAMP on update CURRENT_TIMESTAMP,
  PRIMARY KEY  (`accid`),
  KEY `historiaid` (`historiaid`)
) ENGINE=InnoDB AUTO_INCREMENT=5 DEFAULT CHARSET=utf8 COMMENT='Accidentes de Trabajo';
SET character_set_client = @saved_cs_client;

--
-- Dumping data for table `accidentestra`
--

LOCK TABLES `accidentestra` WRITE;
/*!40000 ALTER TABLE `accidentestra` DISABLE KEYS */;
INSERT INTO `accidentestra` VALUES (3,7,'CAIDA','CHECKED','2012-01-01','CAIDA FUERTISIMA','ESPALDA Y CINTURA','ADMINISTRADOR','2012-05-10 22:42:47'),(4,7,'SEGUNDO REGISTRO','','2012-12-14','REGISTRO DE LONGITUD AMPLIA REGISTRO DE LONGITUD AMPLIA REGISTRO DE LONGITUD AMPLIA','REGISTRO DE LONGITUD AMPLIAREGISTRO DE LONGITUD AMPLIAREGISTRO DE LONGITUD AMPLIAREGISTRO DE LONGITUD AMPLIAREGISTRO DE LONGITUD AMPLIAREGISTRO DE LONGITUD','ADMINISTRADOR','2012-05-14 22:14:35');
/*!40000 ALTER TABLE `accidentestra` ENABLE KEYS */;
UNLOCK TABLES;

--
-- Table structure for table `anteocupacionales`
--

DROP TABLE IF EXISTS `anteocupacionales`;
SET @saved_cs_client     = @@character_set_client;
SET character_set_client = utf8;
CREATE TABLE `anteocupacionales` (
  `anteid` int(11) NOT NULL auto_increment,
  `historiaid` bigint(20) NOT NULL,
  `fecdesde` date NOT NULL,
  `fechasta` date NOT NULL,
  `empresa` varchar(125) NOT NULL,
  `ocupacion` varchar(125) NOT NULL,
  `tiempo` varchar(125) NOT NULL,
  `riesgos` varchar(125) NOT NULL,
  `expuesto1` varchar(10) NOT NULL,
  `expuesto2` varchar(10) NOT NULL,
  `expuesto3` varchar(10) NOT NULL,
  `expuesto4` varchar(10) NOT NULL,
  `creador` varchar(20) NOT NULL,
  `momento` timestamp NOT NULL default CURRENT_TIMESTAMP,
  PRIMARY KEY  (`anteid`),
  KEY `historiaid` (`historiaid`)
) ENGINE=InnoDB AUTO_INCREMENT=10 DEFAULT CHARSET=utf8 COMMENT='Antecedentes Ocupacionales de la Historia';
SET character_set_client = @saved_cs_client;

--
-- Dumping data for table `anteocupacionales`
--

LOCK TABLES `anteocupacionales` WRITE;
/*!40000 ALTER TABLE `anteocupacionales` DISABLE KEYS */;
INSERT INTO `anteocupacionales` VALUES (4,5,'2010-04-02','2012-05-02','COOMEVA','CAJERO','2 MESES','NINGUNO','','','','','ADMINISTRADOR','2012-05-02 20:18:34'),(5,7,'2012-04-10','2012-05-10','PRUEBA','PRUEBA','PRUEBA','PRUEBA','','','','','ADMINISTRADOR','2012-05-10 22:21:35'),(6,15,'2012-08-04','2012-08-04','LA ANDINA S.A','OFICIOS VARIOS','2 AÑOS','VARIOS','','','','','JORGE','2012-08-04 17:22:43'),(9,6,'2012-08-08','2012-08-08','','','','','CHECKED','CHECKED','','','JFERRER','2012-08-08 21:45:37');
/*!40000 ALTER TABLE `anteocupacionales` ENABLE KEYS */;
UNLOCK TABLES;

--
-- Table structure for table `bancos`
--

DROP TABLE IF EXISTS `bancos`;
SET @saved_cs_client     = @@character_set_client;
SET character_set_client = utf8;
CREATE TABLE `bancos` (
  `bancoid` int(11) NOT NULL auto_increment,
  `codigo` varchar(10) NOT NULL,
  `descripcion` varchar(30) NOT NULL,
  `creador` varchar(20) NOT NULL,
  `momento` timestamp NOT NULL default CURRENT_TIMESTAMP,
  PRIMARY KEY  (`bancoid`),
  KEY `codigo` (`codigo`)
) ENGINE=InnoDB AUTO_INCREMENT=2 DEFAULT CHARSET=utf8 COMMENT='Bancos';
SET character_set_client = @saved_cs_client;

--
-- Dumping data for table `bancos`
--

LOCK TABLES `bancos` WRITE;
/*!40000 ALTER TABLE `bancos` DISABLE KEYS */;
INSERT INTO `bancos` VALUES (1,'01','BANCOLOMBIA','ADMINISTRADOR','2012-01-26 22:12:21');
/*!40000 ALTER TABLE `bancos` ENABLE KEYS */;
UNLOCK TABLES;

--
-- Table structure for table `bodegas`
--

DROP TABLE IF EXISTS `bodegas`;
SET @saved_cs_client     = @@character_set_client;
SET character_set_client = utf8;
CREATE TABLE `bodegas` (
  `bodegaid` int(11) NOT NULL auto_increment,
  `codigo` varchar(5) NOT NULL,
  `descripcion` varchar(20) NOT NULL,
  `creador` varchar(20) NOT NULL,
  `momento` timestamp NOT NULL default CURRENT_TIMESTAMP,
  PRIMARY KEY  (`bodegaid`),
  KEY `codigo` (`codigo`),
  KEY `creador` (`creador`),
  CONSTRAINT `bodegas_ibfk_1` FOREIGN KEY (`creador`) REFERENCES `usuarios` (`username`)
) ENGINE=InnoDB AUTO_INCREMENT=3 DEFAULT CHARSET=utf8 COMMENT='Bodegas de Inventarios';
SET character_set_client = @saved_cs_client;

--
-- Dumping data for table `bodegas`
--

LOCK TABLES `bodegas` WRITE;
/*!40000 ALTER TABLE `bodegas` DISABLE KEYS */;
INSERT INTO `bodegas` VALUES (1,'01','PRINCIPAL','ADMINISTRADOR','0000-00-00 00:00:00'),(2,'','','ADMINISTRADOR','2012-04-11 14:58:49');
/*!40000 ALTER TABLE `bodegas` ENABLE KEYS */;
UNLOCK TABLES;

/*!50003 SET @SAVE_SQL_MODE=@@SQL_MODE*/;

DELIMITER ;;
/*!50003 SET SESSION SQL_MODE="NO_AUTO_CREATE_USER,NO_ENGINE_SUBSTITUTION" */;;
/*!50003 CREATE */ /*!50017 DEFINER=`root`@`localhost` */ /*!50003 TRIGGER `bodegas_after_ins_tr` AFTER INSERT ON `bodegas` FOR EACH ROW BEGIN
   CALL PA_CrearArticulosEnBodega(NEW.bodegaid); 
END */;;

DELIMITER ;
/*!50003 SET SESSION SQL_MODE=@SAVE_SQL_MODE*/;

--
-- Table structure for table `ciudades`
--

DROP TABLE IF EXISTS `ciudades`;
SET @saved_cs_client     = @@character_set_client;
SET character_set_client = utf8;
CREATE TABLE `ciudades` (
  `ciudadid` bigint(20) NOT NULL auto_increment,
  `codigo` varchar(10) NOT NULL,
  `nombre` varchar(25) NOT NULL,
  `departamento` varchar(25) NOT NULL,
  `creador` varchar(20) NOT NULL,
  `momento` timestamp NOT NULL default CURRENT_TIMESTAMP,
  PRIMARY KEY  (`ciudadid`),
  UNIQUE KEY `codigo` (`codigo`),
  KEY `creador` (`creador`)
) ENGINE=InnoDB AUTO_INCREMENT=1099 DEFAULT CHARSET=utf8 COMMENT='Ciudades - Localidades';
SET character_set_client = @saved_cs_client;

--
-- Dumping data for table `ciudades`
--

LOCK TABLES `ciudades` WRITE;
/*!40000 ALTER TABLE `ciudades` DISABLE KEYS */;
INSERT INTO `ciudades` VALUES (1,'11001','BOGOTA','CUNDINAMARCA','','2011-05-30 14:02:38'),(2,'13001','CARTAGENA','BOLIVAR','','2011-05-30 14:02:38'),(3,'13006','ACHI','BOLIVAR','','2011-05-30 14:02:38'),(4,'13030','ALTOS DEL ROSARIO','BOLIVAR','','2011-05-30 14:02:38'),(5,'13042','ARENAL','BOLIVAR','','2011-05-30 14:02:38'),(6,'13052','ARJONA','BOLIVAR','','2011-05-30 14:02:38'),(7,'13062','ARROYOHONDO','BOLIVAR','','2011-05-30 14:02:38'),(8,'13074','BARRANCO DE LOBA','BOLIVAR','','2011-05-30 14:02:38'),(9,'13140','CALAMAR','BOLIVAR','','2011-05-30 14:02:38'),(10,'13160','CANTAGALLO','BOLIVAR','','2011-05-30 14:02:38'),(11,'13188','CICUCO','BOLIVAR','','2011-05-30 14:02:38'),(12,'13212','CORDOBA','BOLIVAR','','2011-05-30 14:02:38'),(13,'13222','CLEMENCIA','BOLIVAR','','2011-05-30 14:02:38'),(14,'13244','EL CARMEN DE BOLIVAR','BOLIVAR','','2011-05-30 14:02:38'),(15,'13248','EL GUAMO','BOLIVAR','','2011-05-30 14:02:38'),(16,'13268','EL PEÑON','BOLIVAR','','2011-05-30 14:02:38'),(17,'13300','HATILLO DE LOBA','BOLIVAR','','2011-05-30 14:02:38'),(18,'13430','MAGANGUE','BOLIVAR','','2011-05-30 14:02:38'),(19,'13433','MAHATES','BOLIVAR','','2011-05-30 14:02:38'),(20,'13440','MARGARITA','BOLIVAR','','2011-05-30 14:02:38'),(21,'13442','MARIA LA BAJA','BOLIVAR','','2011-05-30 14:02:38'),(22,'13458','MONTECRISTO','BOLIVAR','','2011-05-30 14:02:38'),(23,'13468','MOMPOS','BOLIVAR','','2011-05-30 14:02:38'),(24,'13473','MORALES','BOLIVAR','','2011-05-30 14:02:38'),(25,'13549','PINILLOS','BOLIVAR','','2011-05-30 14:02:38'),(26,'13580','REGIDOR','BOLIVAR','','2011-05-30 14:02:38'),(27,'13600','RIO VIEJO','BOLIVAR','','2011-05-30 14:02:38'),(28,'13620','SAN CRISTOBAL','BOLIVAR','','2011-05-30 14:02:38'),(29,'13647','SAN ESTANISLAO','BOLIVAR','','2011-05-30 14:02:38'),(30,'13650','SAN FERNANDO','BOLIVAR','','2011-05-30 14:02:38'),(31,'13654','SAN JACINTO','BOLIVAR','','2011-05-30 14:02:39'),(32,'13655','SAN JACINTO DEL CAUCA','BOLIVAR','','2011-05-30 14:02:39'),(33,'13657','SAN JUAN NEPOMUCENO','BOLIVAR','','2011-05-30 14:02:39'),(34,'13667','SAN MARTIN DE LOBA','BOLIVAR','','2011-05-30 14:02:39'),(35,'13670','SAN PABLO','BOLIVAR','','2011-05-30 14:02:39'),(36,'13673','SANTA CATALINA','BOLIVAR','','2011-05-30 14:02:39'),(37,'13683','SANTA ROSA','BOLIVAR','','2011-05-30 14:02:39'),(38,'13688','SANTA ROSA DEL SUR','BOLIVAR','','2011-05-30 14:02:39'),(39,'13744','SIMITI','BOLIVAR','','2011-05-30 14:02:39'),(40,'13760','SOPLAVIENTO','BOLIVAR','','2011-05-30 14:02:39'),(41,'13780','TALAIGUA NUEVO','BOLIVAR','','2011-05-30 14:02:39'),(42,'13810','TIQUISIO','BOLIVAR','','2011-05-30 14:02:39'),(43,'13836','TURBACO','BOLIVAR','','2011-05-30 14:02:39'),(44,'13838','TURBANA','BOLIVAR','','2011-05-30 14:02:39'),(45,'13873','VILLANUEVA','BOLIVAR','','2011-05-30 14:02:39'),(46,'13894','ZAMBRANO','BOLIVAR','','2011-05-30 14:02:39'),(47,'15001','TUNJA','BOYACA','','2011-05-30 14:02:39'),(48,'15022','ALMEIDA','BOYACA','','2011-05-30 14:02:39'),(49,'15047','AQUITANIA','BOYACA','','2011-05-30 14:02:39'),(50,'15051','ARCABUCO','BOYACA','','2011-05-30 14:02:39'),(51,'15087','BELEN','BOYACA','','2011-05-30 14:02:39'),(52,'15090','BERBEO','BOYACA','','2011-05-30 14:02:39'),(53,'15092','BETEITIVA','BOYACA','','2011-05-30 14:02:39'),(54,'15097','BOAVITA','BOYACA','','2011-05-30 14:02:39'),(55,'15104','BOYACA','BOYACA','','2011-05-30 14:02:39'),(56,'15106','BRICEÑO','BOYACA','','2011-05-30 14:02:39'),(57,'15109','BUENAVISTA','BOYACA','','2011-05-30 14:02:39'),(58,'15114','BUSBANZA','BOYACA','','2011-05-30 14:02:39'),(59,'15131','CALDAS','BOYACA','','2011-05-30 14:02:39'),(60,'15135','CAMPOHERMOSO','BOYACA','','2011-05-30 14:02:39'),(61,'15162','CERINZA','BOYACA','','2011-05-30 14:02:39'),(62,'15172','CHINAVITA','BOYACA','','2011-05-30 14:02:39'),(63,'15176','CHIQUINQUIRA','BOYACA','','2011-05-30 14:02:39'),(64,'15180','CHISCAS','BOYACA','','2011-05-30 14:02:39'),(65,'15183','CHITA','BOYACA','','2011-05-30 14:02:39'),(66,'15185','CHITARAQUE','BOYACA','','2011-05-30 14:02:39'),(67,'15187','CHIVATA','BOYACA','','2011-05-30 14:02:40'),(68,'15189','CIENEGA','BOYACA','','2011-05-30 14:02:40'),(69,'15204','COMBITA','BOYACA','','2011-05-30 14:02:40'),(70,'15212','COPER','BOYACA','','2011-05-30 14:02:40'),(71,'15215','CORRALES','BOYACA','','2011-05-30 14:02:40'),(72,'15218','COVARACHIA','BOYACA','','2011-05-30 14:02:40'),(73,'15223','CUBARA','BOYACA','','2011-05-30 14:02:40'),(74,'15224','CUCAITA','BOYACA','','2011-05-30 14:02:40'),(75,'15226','CUITIVA','BOYACA','','2011-05-30 14:02:40'),(76,'15232','CHIQUIZA','BOYACA','','2011-05-30 14:02:40'),(77,'15236','CHIVOR','BOYACA','','2011-05-30 14:02:40'),(78,'15238','DUITAMA','BOYACA','','2011-05-30 14:02:40'),(79,'15244','EL COCUY','BOYACA','','2011-05-30 14:02:40'),(80,'15248','EL ESPINO','BOYACA','','2011-05-30 14:02:40'),(81,'15272','FIRAVITOBA','BOYACA','','2011-05-30 14:02:40'),(82,'15276','FLORESTA','BOYACA','','2011-05-30 14:02:40'),(83,'15293','GACHANTIVA','BOYACA','','2011-05-30 14:02:40'),(84,'15296','GAMEZA','BOYACA','','2011-05-30 14:02:40'),(85,'15299','GARAGOA','BOYACA','','2011-05-30 14:02:40'),(86,'15317','GUACAMAYAS','BOYACA','','2011-05-30 14:02:40'),(87,'15322','GUATEQUE','BOYACA','','2011-05-30 14:02:40'),(88,'15325','GUAYATA','BOYACA','','2011-05-30 14:02:40'),(89,'15332','GUICAN','BOYACA','','2011-05-30 14:02:40'),(90,'15362','IZA','BOYACA','','2011-05-30 14:02:40'),(91,'15367','JENESANO','BOYACA','','2011-05-30 14:02:40'),(92,'15368','JERICO','BOYACA','','2011-05-30 14:02:40'),(93,'15377','LABRANZAGRANDE','BOYACA','','2011-05-30 14:02:40'),(94,'15380','LA CAPILLA','BOYACA','','2011-05-30 14:02:40'),(95,'15401','LA VICTORIA','BOYACA','','2011-05-30 14:02:40'),(96,'15403','LA UVITA','BOYACA','','2011-05-30 14:02:40'),(97,'15407','LEIVA','BOYACA','','2011-05-30 14:02:40'),(98,'15425','MACANAL','BOYACA','','2011-05-30 14:02:40'),(99,'15442','MARIPI','BOYACA','','2011-05-30 14:02:40'),(100,'15455','MIRAFLORES','BOYACA','','2011-05-30 14:02:40'),(101,'15464','MONGUA','BOYACA','','2011-05-30 14:02:40'),(102,'15466','MONGUI','BOYACA','','2011-05-30 14:02:40'),(103,'15469','MONIQUIRA','BOYACA','','2011-05-30 14:02:40'),(104,'15476','MOTAVITA','BOYACA','','2011-05-30 14:02:40'),(105,'15480','MUZO','BOYACA','','2011-05-30 14:02:40'),(106,'15491','NOBSA','BOYACA','','2011-05-30 14:02:40'),(107,'15494','NUEVO COLON','BOYACA','','2011-05-30 14:02:40'),(108,'15500','OICATA','BOYACA','','2011-05-30 14:02:40'),(109,'15507','OTANCHE','BOYACA','','2011-05-30 14:02:40'),(110,'15511','PACHAVITA','BOYACA','','2011-05-30 14:02:40'),(111,'15514','PAEZ','BOYACA','','2011-05-30 14:02:40'),(112,'15516','PAIPA','BOYACA','','2011-05-30 14:02:40'),(113,'15518','PAJARITO','BOYACA','','2011-05-30 14:02:40'),(114,'15522','PANQUEBA','BOYACA','','2011-05-30 14:02:40'),(115,'15531','PAUNA','BOYACA','','2011-05-30 14:02:40'),(116,'15533','PAYA','BOYACA','','2011-05-30 14:02:41'),(117,'15537','PAZ DEL RIO','BOYACA','','2011-05-30 14:02:41'),(118,'15542','PESCA','BOYACA','','2011-05-30 14:02:41'),(119,'15550','PISBA','BOYACA','','2011-05-30 14:02:41'),(120,'15572','PUERTO BOYACA','BOYACA','','2011-05-30 14:02:41'),(121,'15580','QUIPAMA','BOYACA','','2011-05-30 14:02:41'),(122,'15599','RAMIRIQUI','BOYACA','','2011-05-30 14:02:41'),(123,'15600','RAQUIRA','BOYACA','','2011-05-30 14:02:41'),(124,'15621','RONDON','BOYACA','','2011-05-30 14:02:41'),(125,'15632','SABOYA','BOYACA','','2011-05-30 14:02:41'),(126,'15638','SACHICA','BOYACA','','2011-05-30 14:02:41'),(127,'15646','SAMACA','BOYACA','','2011-05-30 14:02:41'),(128,'15660','SAN EDUARDO','BOYACA','','2011-05-30 14:02:41'),(129,'15664','SAN JOSE DE PARE','BOYACA','','2011-05-30 14:02:41'),(130,'15667','SAN LUIS DE GACENO','BOYACA','','2011-05-30 14:02:41'),(131,'15673','SAN MATEO','BOYACA','','2011-05-30 14:02:41'),(132,'15676','SAN MIGUEL DE SEMA','BOYACA','','2011-05-30 14:02:41'),(133,'15681','SAN PABLO DE BORBUR','BOYACA','','2011-05-30 14:02:41'),(134,'15686','SANTANA','BOYACA','','2011-05-30 14:02:41'),(135,'15690','SANTA MARIA','BOYACA','','2011-05-30 14:02:41'),(136,'15693','SANTA ROSA DE VITERBO','BOYACA','','2011-05-30 14:02:41'),(137,'15696','SANTA SOFIA','BOYACA','','2011-05-30 14:02:41'),(138,'15720','SATIVANORTE','BOYACA','','2011-05-30 14:02:41'),(139,'15723','SATIVASUR','BOYACA','','2011-05-30 14:02:41'),(140,'15740','SIACHOQUE','BOYACA','','2011-05-30 14:02:41'),(141,'15753','SOATA','BOYACA','','2011-05-30 14:02:41'),(142,'15755','SOCOTA','BOYACA','','2011-05-30 14:02:41'),(143,'15757','SOCHA','BOYACA','','2011-05-30 14:02:41'),(144,'15759','SOGAMOSO','BOYACA','','2011-05-30 14:02:41'),(145,'15761','SOMONDOCO','BOYACA','','2011-05-30 14:02:41'),(146,'15762','SORA','BOYACA','','2011-05-30 14:02:41'),(147,'15763','SOTAQUIRA','BOYACA','','2011-05-30 14:02:41'),(148,'15764','SORACA','BOYACA','','2011-05-30 14:02:41'),(149,'15774','SUSACON','BOYACA','','2011-05-30 14:02:41'),(150,'15776','SUTAMARCHAN','BOYACA','','2011-05-30 14:02:41'),(151,'15778','SUTATENZA','BOYACA','','2011-05-30 14:02:41'),(152,'15790','TASCO','BOYACA','','2011-05-30 14:02:41'),(153,'15798','TENZA','BOYACA','','2011-05-30 14:02:41'),(154,'15804','TIBANA','BOYACA','','2011-05-30 14:02:41'),(155,'15806','TIBASOSA','BOYACA','','2011-05-30 14:02:41'),(156,'15808','TINJACA','BOYACA','','2011-05-30 14:02:41'),(157,'15810','TIPACOQUE','BOYACA','','2011-05-30 14:02:41'),(158,'15814','TOCA','BOYACA','','2011-05-30 14:02:42'),(159,'15816','TOGUI','BOYACA','','2011-05-30 14:02:42'),(160,'15820','TOPAGA','BOYACA','','2011-05-30 14:02:42'),(161,'15822','TOTA','BOYACA','','2011-05-30 14:02:42'),(162,'15832','TUNUNGUA','BOYACA','','2011-05-30 14:02:42'),(163,'15835','TURMEQUE','BOYACA','','2011-05-30 14:02:42'),(164,'15837','TUTA','BOYACA','','2011-05-30 14:02:42'),(165,'15839','TUTASA','BOYACA','','2011-05-30 14:02:42'),(166,'15842','UMBITA','BOYACA','','2011-05-30 14:02:42'),(167,'15861','VENTAQUEMADA','BOYACA','','2011-05-30 14:02:42'),(168,'15879','VIRACACHA','BOYACA','','2011-05-30 14:02:42'),(169,'15897','ZETAQUIRA','BOYACA','','2011-05-30 14:02:42'),(170,'17001','MANIZALES','CALDAS','','2011-05-30 14:02:42'),(171,'17013','AGUADAS','CALDAS','','2011-05-30 14:02:42'),(172,'17042','ANSERMA','CALDAS','','2011-05-30 14:02:42'),(173,'17050','ARANZAZU','CALDAS','','2011-05-30 14:02:42'),(174,'17088','BELALCAZAR','CALDAS','','2011-05-30 14:02:42'),(175,'17174','CHINCHINA','CALDAS','','2011-05-30 14:02:42'),(176,'17272','FILADELFIA','CALDAS','','2011-05-30 14:02:42'),(177,'17380','LA DORADA','CALDAS','','2011-05-30 14:02:42'),(178,'17388','LA MERCED','CALDAS','','2011-05-30 14:02:42'),(179,'17433','MANZANARES','CALDAS','','2011-05-30 14:02:42'),(180,'17442','MARMATO','CALDAS','','2011-05-30 14:02:42'),(181,'17444','MARQUETALIA','CALDAS','','2011-05-30 14:02:42'),(182,'17446','MARULANDA','CALDAS','','2011-05-30 14:02:42'),(183,'17486','NEIRA','CALDAS','','2011-05-30 14:02:42'),(184,'17495','NORCASIA','CALDAS','','2011-05-30 14:02:42'),(185,'17513','PACORA','CALDAS','','2011-05-30 14:02:42'),(186,'17524','PALESTINA','CALDAS','','2011-05-30 14:02:42'),(187,'17541','PENSILVANIA','CALDAS','','2011-05-30 14:02:42'),(188,'17614','RIOSUCIO','CALDAS','','2011-05-30 14:02:42'),(189,'17616','RISARALDA','CALDAS','','2011-05-30 14:02:42'),(190,'17653','SALAMINA','CALDAS','','2011-05-30 14:02:42'),(191,'17662','SAMANA','CALDAS','','2011-05-30 14:02:42'),(192,'17665','SAN JOSE','CALDAS','','2011-05-30 14:02:42'),(193,'17777','SUPIA','CALDAS','','2011-05-30 14:02:42'),(194,'17867','VICTORIA','CALDAS','','2011-05-30 14:02:42'),(195,'17873','VILLAMARIA','CALDAS','','2011-05-30 14:02:42'),(196,'17877','VITERBO','CALDAS','','2011-05-30 14:02:42'),(197,'18001','FLORENCIA','CAQUETA','','2011-05-30 14:02:42'),(198,'18029','ALBANIA','CAQUETA','','2011-05-30 14:02:42'),(199,'18094','BELEN ANDAQUIES','CAQUETA','','2011-05-30 14:02:42'),(200,'18150','CARTAGENA DEL CHAIRA','CAQUETA','','2011-05-30 14:02:42'),(201,'18205','CURILLO','CAQUETA','','2011-05-30 14:02:42'),(202,'18247','EL DONCELLO','CAQUETA','','2011-05-30 14:02:42'),(203,'18256','EL PAUJIL','CAQUETA','','2011-05-30 14:02:42'),(204,'18410','LA MONTAÑITA','CAQUETA','','2011-05-30 14:02:42'),(205,'18460','MILAN','CAQUETA','','2011-05-30 14:02:43'),(206,'18479','MORELIA','CAQUETA','','2011-05-30 14:02:43'),(207,'18592','PUERTO RICO','CAQUETA','','2011-05-30 14:02:43'),(208,'18610','SAN JOSE DE FRAGUA','CAQUETA','','2011-05-30 14:02:43'),(209,'18753','SAN  VICENTE DEL CAGUAN','CAQUETA','','2011-05-30 14:02:43'),(210,'18756','SOLANO','CAQUETA','','2011-05-30 14:02:43'),(211,'18785','SOLITA','CAQUETA','','2011-05-30 14:02:43'),(212,'18860','VALPARAISO','CAQUETA','','2011-05-30 14:02:43'),(213,'19001','POPAYAN','CAUCA','','2011-05-30 14:02:43'),(214,'19022','ALMAGUER','CAUCA','','2011-05-30 14:02:43'),(215,'19050','ARGELIA','CAUCA','','2011-05-30 14:02:43'),(216,'19075','BALBOA','CAUCA','','2011-05-30 14:02:43'),(217,'19100','BOLIVAR','CAUCA','','2011-05-30 14:02:43'),(218,'19110','BUENOS AIRES','CAUCA','','2011-05-30 14:02:43'),(219,'19130','CAJIBIO','CAUCA','','2011-05-30 14:02:43'),(220,'19137','CALDONO','CAUCA','','2011-05-30 14:02:43'),(221,'19142','CALOTO','CAUCA','','2011-05-30 14:02:43'),(222,'19212','CORINTO','CAUCA','','2011-05-30 14:02:43'),(223,'19256','EL TAMBO','CAUCA','','2011-05-30 14:02:43'),(224,'19290','FLORENCIA','CAUCA','','2011-05-30 14:02:43'),(225,'19318','GUAPI','CAUCA','','2011-05-30 14:02:43'),(226,'19355','INZA','CAUCA','','2011-05-30 14:02:43'),(227,'19364','JAMBALO','CAUCA','','2011-05-30 14:02:43'),(228,'19392','LA SIERRA','CAUCA','','2011-05-30 14:02:43'),(229,'19397','LA VEGA','CAUCA','','2011-05-30 14:02:43'),(230,'19418','LOPEZ','CAUCA','','2011-05-30 14:02:43'),(231,'19450','MERCADERES','CAUCA','','2011-05-30 14:02:43'),(232,'19455','MIRANDA','CAUCA','','2011-05-30 14:02:43'),(233,'19473','MORALES','CAUCA','','2011-05-30 14:02:43'),(234,'19513','PADILLA','CAUCA','','2011-05-30 14:02:43'),(235,'19517','PAEZ','CAUCA','','2011-05-30 14:02:43'),(236,'19532','PATIA(EL BORDO)','CAUCA','','2011-05-30 14:02:43'),(237,'19533','PIAMONTE','CAUCA','','2011-05-30 14:02:43'),(238,'19548','PIENDAMO','CAUCA','','2011-05-30 14:02:43'),(239,'19573','PUERTO TEJADA','CAUCA','','2011-05-30 14:02:43'),(240,'19585','PURACE','CAUCA','','2011-05-30 14:02:43'),(241,'19622','ROSAS','CAUCA','','2011-05-30 14:02:43'),(242,'19693','SAN SEBASTIAN','CAUCA','','2011-05-30 14:02:43'),(243,'19698','SANTANDER DE QUILICHAO','CAUCA','','2011-05-30 14:02:43'),(244,'19701','STA ROSA','CAUCA','','2011-05-30 14:02:43'),(245,'19743','SILVIA','CAUCA','','2011-05-30 14:02:43'),(246,'19760','SOTARA','CAUCA','','2011-05-30 14:02:43'),(247,'19780','SUAREZ','CAUCA','','2011-05-30 14:02:43'),(248,'19785','SUCRE','CAUCA','','2011-05-30 14:02:43'),(249,'19807','TIMBIO','CAUCA','','2011-05-30 14:02:43'),(250,'19809','TIMBIQUI','CAUCA','','2011-05-30 14:02:43'),(251,'19821','TORIBIO','CAUCA','','2011-05-30 14:02:43'),(252,'19824','TOTORO','CAUCA','','2011-05-30 14:02:43'),(253,'19845','VILLA RICA','CAUCA','','2011-05-30 14:02:43'),(254,'20001','VALLEDUPAR','CESAR','','2011-05-30 14:02:43'),(255,'20011','AGUACHICA','CESAR','','2011-05-30 14:02:44'),(256,'20013','AGUSTIN CODAZZI','CESAR','','2011-05-30 14:02:44'),(257,'20032','ASTREA','CESAR','','2011-05-30 14:02:44'),(258,'20045','BECERRIL','CESAR','','2011-05-30 14:02:44'),(259,'20060','BOSCONIA','CESAR','','2011-05-30 14:02:44'),(260,'20175','CHIMICHAGUA','CESAR','','2011-05-30 14:02:44'),(261,'20178','CHIRIGUANA','CESAR','','2011-05-30 14:02:44'),(262,'20228','CURUMANI','CESAR','','2011-05-30 14:02:44'),(263,'20238','EL COPEY','CESAR','','2011-05-30 14:02:44'),(264,'20250','EL PASO','CESAR','','2011-05-30 14:02:44'),(265,'20295','GAMARRA','CESAR','','2011-05-30 14:02:44'),(266,'20310','GONZALEZ','CESAR','','2011-05-30 14:02:44'),(267,'20383','LA GLORIA','CESAR','','2011-05-30 14:02:44'),(268,'20400','LA JAGUA IBIRICO','CESAR','','2011-05-30 14:02:44'),(269,'20443','MANAURE BALCON DEL CESAR','CESAR','','2011-05-30 14:02:44'),(270,'20517','PAILITAS','CESAR','','2011-05-30 14:02:44'),(271,'20550','PELAYA','CESAR','','2011-05-30 14:02:44'),(272,'20570','PUEBLO BELLO','CESAR','','2011-05-30 14:02:44'),(273,'20614','RIO DE ORO','CESAR','','2011-05-30 14:02:44'),(274,'20621','ROBLES (LA PAZ)','CESAR','','2011-05-30 14:02:44'),(275,'20710','SAN ALBERTO','CESAR','','2011-05-30 14:02:44'),(276,'20750','SAN DIEGO','CESAR','','2011-05-30 14:02:44'),(277,'20770','SAN MARTIN','CESAR','','2011-05-30 14:02:44'),(278,'20787','TAMALAMEQUE','CESAR','','2011-05-30 14:02:44'),(279,'23001','MONTERIA','CORDOBA','','2011-05-30 14:02:44'),(280,'23068','AYAPEL','CORDOBA','','2011-05-30 14:02:44'),(281,'23079','BUENAVISTA','CORDOBA','','2011-05-30 14:02:44'),(282,'23090','CANALETE','CORDOBA','','2011-05-30 14:02:44'),(283,'23162','CERETE','CORDOBA','','2011-05-30 14:02:44'),(284,'23168','CHIMA','CORDOBA','','2011-05-30 14:02:44'),(285,'23182','CHINU','CORDOBA','','2011-05-30 14:02:44'),(286,'23189','CIENAGA DE ORO','CORDOBA','','2011-05-30 14:02:44'),(287,'23300','COTORRA','CORDOBA','','2011-05-30 14:02:44'),(288,'23350','LA APARTADA','CORDOBA','','2011-05-30 14:02:44'),(289,'23417','LORICA','CORDOBA','','2011-05-30 14:02:44'),(290,'23419','LOS CORDOBAS','CORDOBA','','2011-05-30 14:02:44'),(291,'23464','MOMIL','CORDOBA','','2011-05-30 14:02:44'),(292,'23466','MONTELIBANO','CORDOBA','','2011-05-30 14:02:44'),(293,'23500','MOÑITOS','CORDOBA','','2011-05-30 14:02:44'),(294,'23555','PLANETA RICA','CORDOBA','','2011-05-30 14:02:44'),(295,'23570','PUEBLO NUEVO','CORDOBA','','2011-05-30 14:02:44'),(296,'23574','PUERTO ESCONDIDO','CORDOBA','','2011-05-30 14:02:44'),(297,'23580','PUERTO LIBERTADOR','CORDOBA','','2011-05-30 14:02:44'),(298,'23586','PURISIMA','CORDOBA','','2011-05-30 14:02:44'),(299,'23660','SAHAGUN','CORDOBA','','2011-05-30 14:02:44'),(300,'23670','SAN ANDRES SOTAVENTO','CORDOBA','','2011-05-30 14:02:44'),(301,'23672','SAN ANTERO','CORDOBA','','2011-05-30 14:02:44'),(302,'23675','SAN BERNARDO VIENTO','CORDOBA','','2011-05-30 14:02:44'),(303,'23678','SAN CARLOS','CORDOBA','','2011-05-30 14:02:45'),(304,'23686','SAN PELAYO','CORDOBA','','2011-05-30 14:02:45'),(305,'23807','TIERRALTA','CORDOBA','','2011-05-30 14:02:45'),(306,'23855','VALENCIA','CORDOBA','','2011-05-30 14:02:45'),(309,'25035','ANAPOIMA','CUNDINAMARCA','','2011-05-30 14:02:45'),(310,'25040','ANOLAIMA','CUNDINAMARCA','','2011-05-30 14:02:45'),(311,'25053','ARBELAEZ','CUNDINAMARCA','','2011-05-30 14:02:45'),(312,'25086','BELTRAN','CUNDINAMARCA','','2011-05-30 14:02:45'),(313,'25095','BITUIMA','CUNDINAMARCA','','2011-05-30 14:02:45'),(314,'25099','BOJACA','CUNDINAMARCA','','2011-05-30 14:02:45'),(315,'25120','CABRERA','CUNDINAMARCA','','2011-05-30 14:02:45'),(316,'25123','CACHIPAY','CUNDINAMARCA','','2011-05-30 14:02:45'),(317,'25126','CAJICA','CUNDINAMARCA','','2011-05-30 14:02:45'),(318,'25148','CAPARRAPI','CUNDINAMARCA','','2011-05-30 14:02:45'),(319,'25151','CAQUEZA','CUNDINAMARCA','','2011-05-30 14:02:45'),(320,'25154','CARMEN DE CARUPA','CUNDINAMARCA','','2011-05-30 14:02:45'),(321,'25168','CHAGUANI','CUNDINAMARCA','','2011-05-30 14:02:45'),(322,'25175','CHIA','CUNDINAMARCA','','2011-05-30 14:02:45'),(323,'25178','CHIPAQUE','CUNDINAMARCA','','2011-05-30 14:02:45'),(324,'25181','CHOACHI','CUNDINAMARCA','','2011-05-30 14:02:45'),(325,'25183','CHOCONTA','CUNDINAMARCA','','2011-05-30 14:02:45'),(326,'25200','COGUA','CUNDINAMARCA','','2011-05-30 14:02:45'),(327,'25214','COTA','CUNDINAMARCA','','2011-05-30 14:02:45'),(328,'25224','CUCUNUBA','CUNDINAMARCA','','2011-05-30 14:02:45'),(329,'25245','EL COLEGIO','CUNDINAMARCA','','2011-05-30 14:02:45'),(330,'25258','EL PEÑON','CUNDINAMARCA','','2011-05-30 14:02:45'),(331,'25260','EL ROSAL','CUNDINAMARCA','','2011-05-30 14:02:45'),(332,'25269','FACATATIVA','CUNDINAMARCA','','2011-05-30 14:02:45'),(333,'25279','FOMEQUE','CUNDINAMARCA','','2011-05-30 14:02:45'),(334,'25281','FOSCA','CUNDINAMARCA','','2011-05-30 14:02:45'),(335,'25286','FUNZA','CUNDINAMARCA','','2011-05-30 14:02:45'),(336,'25288','FUQUENE','CUNDINAMARCA','','2011-05-30 14:02:45'),(337,'25290','FUSAGASUGA','CUNDINAMARCA','','2011-05-30 14:02:45'),(338,'25293','GACHALA','CUNDINAMARCA','','2011-05-30 14:02:45'),(339,'25295','GACHANCIPA','CUNDINAMARCA','','2011-05-30 14:02:45'),(340,'25297','GACHETA','CUNDINAMARCA','','2011-05-30 14:02:45'),(341,'25299','GAMA','CUNDINAMARCA','','2011-05-30 14:02:45'),(342,'25307','GIRARDOT','CUNDINAMARCA','','2011-05-30 14:02:45'),(343,'25312','GRANADA','CUNDINAMARCA','','2011-05-30 14:02:45'),(344,'25317','GUACHETA','CUNDINAMARCA','','2011-05-30 14:02:45'),(345,'25320','GUADUAS','CUNDINAMARCA','','2011-05-30 14:02:45'),(346,'25322','GUASCA','CUNDINAMARCA','','2011-05-30 14:02:46'),(347,'25324','GUATAQUI','CUNDINAMARCA','','2011-05-30 14:02:46'),(348,'25326','GUATAVITA','CUNDINAMARCA','','2011-05-30 14:02:46'),(349,'25328','GUAYABAL DE SIQUIMA','CUNDINAMARCA','','2011-05-30 14:02:46'),(350,'25335','GUAYABETAL','CUNDINAMARCA','','2011-05-30 14:02:46'),(351,'25339','GUTIERREZ','CUNDINAMARCA','','2011-05-30 14:02:46'),(352,'25368','JERUSALEN','CUNDINAMARCA','','2011-05-30 14:02:46'),(353,'25372','JUNIN','CUNDINAMARCA','','2011-05-30 14:02:46'),(354,'25377','LA CALERA','CUNDINAMARCA','','2011-05-30 14:02:46'),(355,'25386','LA MESA','CUNDINAMARCA','','2011-05-30 14:02:46'),(356,'25394','LA PALMA','CUNDINAMARCA','','2011-05-30 14:02:46'),(357,'25398','LA PEÑA','CUNDINAMARCA','','2011-05-30 14:02:46'),(358,'25402','LA VEGA','CUNDINAMARCA','','2011-05-30 14:02:46'),(359,'25407','LENGUAZAQUE','CUNDINAMARCA','','2011-05-30 14:02:46'),(360,'25426','MACHETA','CUNDINAMARCA','','2011-05-30 14:02:46'),(361,'25430','MADRID','CUNDINAMARCA','','2011-05-30 14:02:46'),(362,'25436','MANTA','CUNDINAMARCA','','2011-05-30 14:02:46'),(363,'25438','MEDINA','CUNDINAMARCA','','2011-05-30 14:02:46'),(364,'25473','MOSQUERA','CUNDINAMARCA','','2011-05-30 14:02:46'),(365,'25483','NARIÑO','CUNDINAMARCA','','2011-05-30 14:02:46'),(366,'25486','NEMOCON','CUNDINAMARCA','','2011-05-30 14:02:46'),(367,'25488','NILO','CUNDINAMARCA','','2011-05-30 14:02:46'),(368,'25489','NIMAIMA','CUNDINAMARCA','','2011-05-30 14:02:46'),(369,'25491','NOCAIMA','CUNDINAMARCA','','2011-05-30 14:02:46'),(370,'25506','VENECIA (OSPINA PEREZ)','CUNDINAMARCA','','2011-05-30 14:02:46'),(371,'25513','PACHO','CUNDINAMARCA','','2011-05-30 14:02:46'),(372,'25518','PAIME','CUNDINAMARCA','','2011-05-30 14:02:46'),(373,'25524','PANDI','CUNDINAMARCA','','2011-05-30 14:02:46'),(374,'25530','PARATEBUENO','CUNDINAMARCA','','2011-05-30 14:02:46'),(375,'25535','PASCA','CUNDINAMARCA','','2011-05-30 14:02:46'),(376,'25572','PUERTO SALGAR','CUNDINAMARCA','','2011-05-30 14:02:46'),(377,'25580','PULI','CUNDINAMARCA','','2011-05-30 14:02:46'),(378,'25592','QUEBRADANEGRA','CUNDINAMARCA','','2011-05-30 14:02:46'),(379,'25594','QUETAME','CUNDINAMARCA','','2011-05-30 14:02:46'),(380,'25596','QUIPILE','CUNDINAMARCA','','2011-05-30 14:02:46'),(381,'25599','RAFAEL REYES','CUNDINAMARCA','','2011-05-30 14:02:46'),(382,'25612','RICAURTE','CUNDINAMARCA','','2011-05-30 14:02:46'),(383,'25645','SAN  ANTONIO DEL  TEQUEND','CUNDINAMARCA','','2011-05-30 14:02:46'),(384,'25649','SAN BERNARDO','CUNDINAMARCA','','2011-05-30 14:02:46'),(385,'25653','SAN CAYETANO','CUNDINAMARCA','','2011-05-30 14:02:46'),(386,'25658','SAN FRANCISCO','CUNDINAMARCA','','2011-05-30 14:02:46'),(387,'25662','SAN JUAN DE RIOSECO','CUNDINAMARCA','','2011-05-30 14:02:47'),(388,'25718','SASAIMA','CUNDINAMARCA','','2011-05-30 14:02:47'),(389,'25736','SESQUILE','CUNDINAMARCA','','2011-05-30 14:02:47'),(390,'25740','SIBATE','CUNDINAMARCA','','2011-05-30 14:02:47'),(391,'25743','SILVANIA','CUNDINAMARCA','','2011-05-30 14:02:47'),(392,'25745','SIMIJACA','CUNDINAMARCA','','2011-05-30 14:02:47'),(393,'25754','SOACHA','CUNDINAMARCA','','2011-05-30 14:02:47'),(394,'25758','SOPO','CUNDINAMARCA','','2011-05-30 14:02:47'),(395,'25769','SUBACHOQUE','CUNDINAMARCA','','2011-05-30 14:02:47'),(396,'25772','SUESCA','CUNDINAMARCA','','2011-05-30 14:02:47'),(397,'25777','SUPATA','CUNDINAMARCA','','2011-05-30 14:02:47'),(398,'25779','SUSA','CUNDINAMARCA','','2011-05-30 14:02:47'),(399,'25781','SUTATAUSA','CUNDINAMARCA','','2011-05-30 14:02:47'),(400,'25785','TABIO','CUNDINAMARCA','','2011-05-30 14:02:47'),(401,'25793','TAUSA','CUNDINAMARCA','','2011-05-30 14:02:47'),(402,'25797','TENA','CUNDINAMARCA','','2011-05-30 14:02:47'),(403,'25799','TENJO','CUNDINAMARCA','','2011-05-30 14:02:47'),(404,'25805','TIBACUY','CUNDINAMARCA','','2011-05-30 14:02:47'),(405,'25807','TIBIRITA','CUNDINAMARCA','','2011-05-30 14:02:47'),(406,'25815','TOCAIMA','CUNDINAMARCA','','2011-05-30 14:02:47'),(407,'25817','TOCANCIPA','CUNDINAMARCA','','2011-05-30 14:02:47'),(408,'25823','TOPAIPI','CUNDINAMARCA','','2011-05-30 14:02:47'),(409,'25839','UBALA','CUNDINAMARCA','','2011-05-30 14:02:47'),(410,'25841','UBAQUE','CUNDINAMARCA','','2011-05-30 14:02:47'),(411,'25843','UBATE','CUNDINAMARCA','','2011-05-30 14:02:47'),(412,'25845','UNE','CUNDINAMARCA','','2011-05-30 14:02:47'),(413,'25851','UTICA','CUNDINAMARCA','','2011-05-30 14:02:47'),(414,'25862','VERGARA','CUNDINAMARCA','','2011-05-30 14:02:47'),(415,'25867','VIANI','CUNDINAMARCA','','2011-05-30 14:02:47'),(416,'25871','VILLAGOMEZ','CUNDINAMARCA','','2011-05-30 14:02:47'),(417,'25873','VILLAPINZON','CUNDINAMARCA','','2011-05-30 14:02:47'),(418,'25875','VILLETA','CUNDINAMARCA','','2011-05-30 14:02:47'),(419,'25878','VIOTA','CUNDINAMARCA','','2011-05-30 14:02:47'),(420,'25885','YACOPI','CUNDINAMARCA','','2011-05-30 14:02:47'),(421,'25898','ZIPACON','CUNDINAMARCA','','2011-05-30 14:02:47'),(422,'25899','ZIPAQUIRA','CUNDINAMARCA','','2011-05-30 14:02:47'),(423,'27001','QUIBDO','CHOCO','','2011-05-30 14:02:47'),(425,'27025','ALTO BAUDO (PIE DE PATO)','CHOCO','','2011-05-30 14:02:47'),(426,'27050','ATRATO','CHOCO','','2011-05-30 14:02:47'),(427,'27073','BAGADO','CHOCO','','2011-05-30 14:02:47'),(428,'27075','BAHIA SOLANO (MUTIS)','CHOCO','','2011-05-30 14:02:47'),(429,'27077','BAJO BAUDO (PIZARRO)','CHOCO','','2011-05-30 14:02:47'),(430,'27099','BOJAYA (BELLAVISTA)','CHOCO','','2011-05-30 14:02:47'),(431,'27135','CANTON DE SAN PABLO','CHOCO','','2011-05-30 14:02:47'),(432,'27150','CARMEN DEL DARIEN','CHOCO','','2011-05-30 14:02:47'),(433,'27160','CERTEGUI','CHOCO','','2011-05-30 14:02:47'),(434,'27205','CONDOTO','CHOCO','','2011-05-30 14:02:47'),(435,'27245','EL CARMEN','CHOCO','','2011-05-30 14:02:47'),(436,'27250','LITORAL DEL SAN JUAN','CHOCO','','2011-05-30 14:02:48'),(437,'27361','ISTMINA','CHOCO','','2011-05-30 14:02:48'),(438,'27372','JURADO','CHOCO','','2011-05-30 14:02:48'),(439,'27413','LLORO','CHOCO','','2011-05-30 14:02:48'),(440,'27425','MEDIO ATRATO','CHOCO','','2011-05-30 14:02:48'),(441,'27430','MEDIO BAUDO (BOCA DE PEPE','CHOCO','','2011-05-30 14:02:48'),(442,'27450','MEDIO SAN JUAN','CHOCO','','2011-05-30 14:02:48'),(443,'27491','NOVITA','CHOCO','','2011-05-30 14:02:48'),(444,'27495','NUQUI','CHOCO','','2011-05-30 14:02:48'),(445,'27580','RIO IRO','CHOCO','','2011-05-30 14:02:48'),(446,'27600','RIO QUITO','CHOCO','','2011-05-30 14:02:48'),(447,'27615','RIOSUCIO','CHOCO','','2011-05-30 14:02:48'),(448,'27660','SAN JOSE DEL PALMAR','CHOCO','','2011-05-30 14:02:48'),(449,'27745','SIPI','CHOCO','','2011-05-30 14:02:48'),(450,'27787','TADO','CHOCO','','2011-05-30 14:02:48'),(451,'27800','UNGUIA','CHOCO','','2011-05-30 14:02:48'),(452,'27810','UNION PANAMERICANA','CHOCO','','2011-05-30 14:02:48'),(453,'41001','NEIVA','HUILA','','2011-05-30 14:02:48'),(454,'41006','ACEVEDO P','HUILA','','2011-05-30 14:02:48'),(455,'41013','AGRADO','HUILA','','2011-05-30 14:02:48'),(456,'41016','AIPE','HUILA','','2011-05-30 14:02:48'),(457,'41020','ALGECIRAS','HUILA','','2011-05-30 14:02:48'),(458,'41026','ALTAMIRA','HUILA','','2011-05-30 14:02:48'),(459,'41078','BARAYA','HUILA','','2011-05-30 14:02:48'),(460,'41132','CAMPOALEGRE','HUILA','','2011-05-30 14:02:48'),(461,'41206','COLOMBIA','HUILA','','2011-05-30 14:02:48'),(462,'41244','ELIAS','HUILA','','2011-05-30 14:02:48'),(463,'41298','GARZON','HUILA','','2011-05-30 14:02:48'),(464,'41306','GIGANTE','HUILA','','2011-05-30 14:02:48'),(465,'41319','GUADALUPE','HUILA','','2011-05-30 14:02:48'),(466,'41349','HOBO','HUILA','','2011-05-30 14:02:48'),(467,'41357','IQUIRA','HUILA','','2011-05-30 14:02:48'),(468,'41359','ISNOS','HUILA','','2011-05-30 14:02:48'),(469,'41378','LA ARGENTINA','HUILA','','2011-05-30 14:02:48'),(470,'41396','LA PLATA','HUILA','','2011-05-30 14:02:48'),(471,'41483','NATAGA','HUILA','','2011-05-30 14:02:48'),(472,'41503','OPORAPA','HUILA','','2011-05-30 14:02:48'),(473,'41518','PAICOL','HUILA','','2011-05-30 14:02:48'),(474,'41524','PALERMO','HUILA','','2011-05-30 14:02:48'),(475,'41530','PALESTINA','HUILA','','2011-05-30 14:02:49'),(476,'41548','PITAL','HUILA','','2011-05-30 14:02:49'),(477,'41551','PITALITO','HUILA','','2011-05-30 14:02:49'),(478,'41615','RIVERA','HUILA','','2011-05-30 14:02:49'),(479,'41660','SALADOBLANCO','HUILA','','2011-05-30 14:02:49'),(480,'41668','SAN AGUSTIN','HUILA','','2011-05-30 14:02:49'),(481,'41676','SANTA MARIA','HUILA','','2011-05-30 14:02:49'),(482,'41770','SUAZA','HUILA','','2011-05-30 14:02:49'),(483,'41791','TARQUI','HUILA','','2011-05-30 14:02:49'),(484,'41797','TESALIA','HUILA','','2011-05-30 14:02:49'),(485,'41799','TELLO','HUILA','','2011-05-30 14:02:49'),(486,'41801','TERUEL','HUILA','','2011-05-30 14:02:49'),(487,'41807','TIMANA','HUILA','','2011-05-30 14:02:49'),(488,'41872','VILLAVIEJA','HUILA','','2011-05-30 14:02:49'),(489,'41885','YAGUARA','HUILA','','2011-05-30 14:02:49'),(490,'44001','RIOHACHA','GUAJIRA','','2011-05-30 14:02:49'),(491,'44035','ALBANIA','GUAJIRA','','2011-05-30 14:02:49'),(492,'44078','BARRANCAS','GUAJIRA','','2011-05-30 14:02:49'),(493,'44090','DIBULLA','GUAJIRA','','2011-05-30 14:02:49'),(494,'44098','DISTRACCION','GUAJIRA','','2011-05-30 14:02:49'),(495,'44110','EL MOLINO','GUAJIRA','','2011-05-30 14:02:49'),(496,'44279','FONSECA','GUAJIRA','','2011-05-30 14:02:49'),(497,'44378','HATONUEVO','GUAJIRA','','2011-05-30 14:02:49'),(498,'44420','LA JAGUA DEL PILAR','GUAJIRA','','2011-05-30 14:02:49'),(499,'44430','MAICAO','GUAJIRA','','2011-05-30 14:02:49'),(500,'44560','MANAURE','GUAJIRA','','2011-05-30 14:02:49'),(501,'44650','SAN JUAN DEL CESAR','GUAJIRA','','2011-05-30 14:02:49'),(502,'44847','URIBIA','GUAJIRA','','2011-05-30 14:02:49'),(503,'44855','URUMITA','GUAJIRA','','2011-05-30 14:02:49'),(504,'44874','VILLANUEVA','GUAJIRA','','2011-05-30 14:02:49'),(505,'47001','SANTA MARTA','MAGDALENA','','2011-05-30 14:02:49'),(506,'47030','ALGARROBO','MAGDALENA','','2011-05-30 14:02:49'),(507,'47053','ARACATACA','MAGDALENA','','2011-05-30 14:02:49'),(508,'47058','ARIGUANI','MAGDALENA','','2011-05-30 14:02:49'),(509,'47161','CERRO SAN ANTONIO','MAGDALENA','','2011-05-30 14:02:49'),(510,'47170','CHIVOLO','MAGDALENA','','2011-05-30 14:02:49'),(511,'47189','CIENAGA','MAGDALENA','','2011-05-30 14:02:49'),(512,'47205','CONCORDIA','MAGDALENA','','2011-05-30 14:02:49'),(513,'47245','EL BANCO','MAGDALENA','','2011-05-30 14:02:49'),(514,'47258','EL PIÑON','MAGDALENA','','2011-05-30 14:02:49'),(515,'47268','EL RETEN','MAGDALENA','','2011-05-30 14:02:49'),(516,'47288','FUNDACION','MAGDALENA','','2011-05-30 14:02:49'),(517,'47318','GUAMAL','MAGDALENA','','2011-05-30 14:02:49'),(518,'47460','NUEVA GRANADA','MAGDALENA','','2011-05-30 14:02:49'),(519,'47541','PEDRAZA','MAGDALENA','','2011-05-30 14:02:49'),(520,'47545','PIJIÑO DEL CARMEN','MAGDALENA','','2011-05-30 14:02:49'),(521,'47551','PIVIJAY','MAGDALENA','','2011-05-30 14:02:49'),(522,'47555','PLATO','MAGDALENA','','2011-05-30 14:02:49'),(523,'47570','PUEBLOVIEJO','MAGDALENA','','2011-05-30 14:02:49'),(524,'47605','REMOLINO','MAGDALENA','','2011-05-30 14:02:49'),(525,'47660','SABANAS DE SAN ANGEL','MAGDALENA','','2011-05-30 14:02:49'),(526,'47675','SALAMINA','MAGDALENA','','2011-05-30 14:02:50'),(527,'47692','SAN SEBASTIAN DE BUENAVIS','MAGDALENA','','2011-05-30 14:02:50'),(528,'47703','SAN ZENON','MAGDALENA','','2011-05-30 14:02:50'),(529,'47707','SANTA ANA','MAGDALENA','','2011-05-30 14:02:50'),(530,'47720','SANTA BARBARA DE PINTO','MAGDALENA','','2011-05-30 14:02:50'),(531,'47745','SITIONUEVO','MAGDALENA','','2011-05-30 14:02:50'),(532,'47798','TENERIFE','MAGDALENA','','2011-05-30 14:02:50'),(533,'47960','ZAPAYAN','MAGDALENA','','2011-05-30 14:02:50'),(534,'47980','ZONA BANANERA','MAGDALENA','','2011-05-30 14:02:50'),(535,'50001','VILLAVICENCIO','META','','2011-05-30 14:02:50'),(537,'5001','MEDELLIN','ANTIOQUIA','','2011-05-30 14:02:50'),(539,'5004','ABRIAQUI','ANTIOQUIA','','2011-05-30 14:02:50'),(540,'50110','BARRANCA DE UPIA','META','','2011-05-30 14:02:50'),(541,'50124','CABUYARO','META','','2011-05-30 14:02:50'),(542,'50150','CASTILLA LA NUEVA','META','','2011-05-30 14:02:50'),(544,'50223','CUBARRAL','META','','2011-05-30 14:02:50'),(545,'50226','CUMARAL','META','','2011-05-30 14:02:50'),(546,'50245','EL CALVARIO','META','','2011-05-30 14:02:50'),(547,'50251','EL CASTILLO','META','','2011-05-30 14:02:50'),(548,'50270','EL DORADO','META','','2011-05-30 14:02:50'),(549,'50287','FUENTE DE ORO','META','','2011-05-30 14:02:50'),(550,'5030','AMAGA','ANTIOQUIA','','2011-05-30 14:02:50'),(551,'5031','AMALFI','ANTIOQUIA','','2011-05-30 14:02:50'),(552,'50313','GRANADA','META','','2011-05-30 14:02:50'),(553,'50318','GUAMAL','META','','2011-05-30 14:02:50'),(554,'50325','MAPIRIPAN','META','','2011-05-30 14:02:50'),(555,'50330','MESETAS','META','','2011-05-30 14:02:50'),(556,'5034','ANDES','ANTIOQUIA','','2011-05-30 14:02:50'),(557,'50350','LA MACARENA','META','','2011-05-30 14:02:50'),(558,'5036','ANGELOPOLIS','ANTIOQUIA','','2011-05-30 14:02:50'),(559,'50370','LA URIBE','META','','2011-05-30 14:02:50'),(560,'5038','ANGOSTURA','ANTIOQUIA','','2011-05-30 14:02:50'),(561,'5040','ANORI','ANTIOQUIA','','2011-05-30 14:02:50'),(562,'50400','LEJANIAS','META','','2011-05-30 14:02:50'),(563,'5042','ANTIOQUIA','ANTIOQUIA','','2011-05-30 14:02:50'),(564,'5044','ANZA','ANTIOQUIA','','2011-05-30 14:02:50'),(565,'5045','APARTADO','ANTIOQUIA','','2011-05-30 14:02:50'),(566,'50450','PUERTO CONCORDIA','META','','2011-05-30 14:02:50'),(567,'5051','ARBOLETES','ANTIOQUIA','','2011-05-30 14:02:50'),(568,'5055','ARGELIA','ANTIOQUIA','','2011-05-30 14:02:50'),(569,'50568','PUERTO GAITAN','META','','2011-05-30 14:02:50'),(570,'50573','PUERTO LOPEZ','META','','2011-05-30 14:02:50'),(571,'50577','PUERTO LLERAS','META','','2011-05-30 14:02:50'),(572,'5059','ARMENIA','ANTIOQUIA','','2011-05-30 14:02:50'),(573,'50590','PUERTO RICO','META','','2011-05-30 14:02:50'),(574,'50606','RESTREPO','META','','2011-05-30 14:02:50'),(575,'50680','SAN CARLOS GUAROA','META','','2011-05-30 14:02:50'),(576,'50683','SAN  JUAN DE ARAMA','META','','2011-05-30 14:02:50'),(577,'50686','SAN JUANITO','META','','2011-05-30 14:02:50'),(578,'50689','SAN MARTIN','META','','2011-05-30 14:02:50'),(579,'50711','VISTA HERMOSA','META','','2011-05-30 14:02:50'),(580,'5079','BARBOSA','ANTIOQUIA','','2011-05-30 14:02:50'),(581,'5086','BELMIRA','ANTIOQUIA','','2011-05-30 14:02:51'),(582,'5088','BELLO','ANTIOQUIA','','2011-05-30 14:02:51'),(583,'5091','BETANIA','ANTIOQUIA','','2011-05-30 14:02:51'),(584,'5093','BETULIA','ANTIOQUIA','','2011-05-30 14:02:51'),(585,'5101','CIUDAD BOLIVAR','ANTIOQUIA','','2011-05-30 14:02:51'),(586,'5107','BRICEÑO','ANTIOQUIA','','2011-05-30 14:02:51'),(587,'5113','BURITICA','ANTIOQUIA','','2011-05-30 14:02:51'),(588,'5120','CACERES','ANTIOQUIA','','2011-05-30 14:02:51'),(589,'5125','CAICEDO','ANTIOQUIA','','2011-05-30 14:02:51'),(590,'5129','CALDAS','ANTIOQUIA','','2011-05-30 14:02:51'),(591,'5134','CAMPAMENTO','ANTIOQUIA','','2011-05-30 14:02:51'),(592,'5138','CAÑASGORDAS','ANTIOQUIA','','2011-05-30 14:02:51'),(593,'5142','CARACOLI','ANTIOQUIA','','2011-05-30 14:02:51'),(594,'5145','CARAMANTA','ANTIOQUIA','','2011-05-30 14:02:51'),(595,'5147','CAREPA','ANTIOQUIA','','2011-05-30 14:02:51'),(596,'5148','CARMEN DE VIBORAL','ANTIOQUIA','','2011-05-30 14:02:51'),(597,'5150','CAROLINA','ANTIOQUIA','','2011-05-30 14:02:51'),(598,'5154','CAUCASIA','ANTIOQUIA','','2011-05-30 14:02:51'),(599,'5172','CHIGORODO','ANTIOQUIA','','2011-05-30 14:02:51'),(600,'5190','CISNEROS','ANTIOQUIA','','2011-05-30 14:02:51'),(601,'5197','COCORNA','ANTIOQUIA','','2011-05-30 14:02:51'),(602,'52001','PASTO','NARIÑO','','2011-05-30 14:02:51'),(603,'52019','ALBAN','NARIÑO','','2011-05-30 14:02:51'),(604,'52022','ALDAÑA','NARIÑO','','2011-05-30 14:02:51'),(605,'52036','ANCUYA','NARIÑO','','2011-05-30 14:02:51'),(606,'52051','ARBOLEDA','NARIÑO','','2011-05-30 14:02:51'),(607,'5206','CONCEPCION','ANTIOQUIA','','2011-05-30 14:02:51'),(608,'52079','BARBACOAS','NARIÑO','','2011-05-30 14:02:51'),(609,'52083','BELEN','NARIÑO','','2011-05-30 14:02:51'),(610,'5209','CONCORDIA','ANTIOQUIA','','2011-05-30 14:02:51'),(611,'52110','BUESACO','NARIÑO','','2011-05-30 14:02:51'),(612,'5212','COPACABANA','ANTIOQUIA','','2011-05-30 14:02:51'),(613,'52203','COLON(GENOVA)','NARIÑO','','2011-05-30 14:02:51'),(614,'52207','CONSACA','NARIÑO','','2011-05-30 14:02:51'),(615,'52210','CONTADERO','NARIÑO','','2011-05-30 14:02:51'),(616,'52215','CORDOBA','NARIÑO','','2011-05-30 14:02:51'),(617,'52224','CUASPUD','NARIÑO','','2011-05-30 14:02:51'),(618,'52227','CUMBAL','NARIÑO','','2011-05-30 14:02:51'),(619,'52233','CUMBITARA','NARIÑO','','2011-05-30 14:02:51'),(620,'52240','CHACHAGUI','NARIÑO','','2011-05-30 14:02:51'),(621,'52250','EL CHARCO','NARIÑO','','2011-05-30 14:02:51'),(622,'52254','EL PEÑOL','NARIÑO','','2011-05-30 14:02:51'),(623,'52256','EL ROSARIO','NARIÑO','','2011-05-30 14:02:51'),(624,'52258','EL TABLON','NARIÑO','','2011-05-30 14:02:51'),(625,'52260','EL TAMBO','NARIÑO','','2011-05-30 14:02:51'),(626,'52287','FUNES','NARIÑO','','2011-05-30 14:02:51'),(627,'52317','GUACHUCAL','NARIÑO','','2011-05-30 14:02:51'),(628,'52320','GUAITARILLA','NARIÑO','','2011-05-30 14:02:51'),(629,'52323','GUALMATAN','NARIÑO','','2011-05-30 14:02:51'),(630,'5234','DABEIBA','ANTIOQUIA','','2011-05-30 14:02:51'),(631,'52352','ILES','NARIÑO','','2011-05-30 14:02:51'),(632,'52354','IMUES','NARIÑO','','2011-05-30 14:02:51'),(633,'52356','IPIALES','NARIÑO','','2011-05-30 14:02:51'),(634,'5237','DON MATIAS','ANTIOQUIA','','2011-05-30 14:02:52'),(635,'52378','LA CRUZ','NARIÑO','','2011-05-30 14:02:52'),(636,'52381','LA FLORIDA','NARIÑO','','2011-05-30 14:02:52'),(637,'52385','LA LLANADA','NARIÑO','','2011-05-30 14:02:52'),(638,'52390','LA TOLA','NARIÑO','','2011-05-30 14:02:52'),(639,'52399','LA UNION','NARIÑO','','2011-05-30 14:02:52'),(640,'5240','EBEJICO','ANTIOQUIA','','2011-05-30 14:02:52'),(641,'52405','LEIVA','NARIÑO','','2011-05-30 14:02:52'),(642,'52411','LINARES','NARIÑO','','2011-05-30 14:02:52'),(643,'52418','LOS ANDES','NARIÑO','','2011-05-30 14:02:52'),(644,'52427','MAGUI','NARIÑO','','2011-05-30 14:02:52'),(645,'52435','MALLAMA','NARIÑO','','2011-05-30 14:02:52'),(646,'52473','MOSQUERA','NARIÑO','','2011-05-30 14:02:52'),(647,'52480','NARIÑO','NARIÑO','','2011-05-30 14:02:52'),(648,'52490','OLAYA HERRERA','NARIÑO','','2011-05-30 14:02:52'),(649,'5250','EL BAGRE','ANTIOQUIA','','2011-05-30 14:02:52'),(650,'52506','OSPINA','NARIÑO','','2011-05-30 14:02:52'),(651,'52520','PIZARRO','NARIÑO','','2011-05-30 14:02:52'),(652,'52540','POLICARPA','NARIÑO','','2011-05-30 14:02:52'),(653,'52560','POTOSI','NARIÑO','','2011-05-30 14:02:52'),(654,'52565','PROVIDENCIA','NARIÑO','','2011-05-30 14:02:52'),(655,'52573','PUERRES','NARIÑO','','2011-05-30 14:02:52'),(656,'52585','PUPIALES','NARIÑO','','2011-05-30 14:02:52'),(657,'52612','RICAURTE','NARIÑO','','2011-05-30 14:02:52'),(658,'52621','ROBERTO PAYAN','NARIÑO','','2011-05-30 14:02:52'),(659,'5264','ENTRERRIOS','ANTIOQUIA','','2011-05-30 14:02:52'),(660,'5266','ENVIGADO','ANTIOQUIA','','2011-05-30 14:02:52'),(661,'52678','SAMANIEGO','NARIÑO','','2011-05-30 14:02:52'),(662,'52683','SANDONA','NARIÑO','','2011-05-30 14:02:52'),(663,'52685','SAN BERNARDO','NARIÑO','','2011-05-30 14:02:52'),(664,'52687','SAN LORENZO','NARIÑO','','2011-05-30 14:02:52'),(665,'52693','SAN PABLO','NARIÑO','','2011-05-30 14:02:52'),(666,'52694','SAN PEDRO DE CARTAGO','NARIÑO','','2011-05-30 14:02:52'),(667,'52696','SANTA BARBARA','NARIÑO','','2011-05-30 14:02:52'),(668,'52699','SANTACRUZ','NARIÑO','','2011-05-30 14:02:52'),(669,'52720','SAPUYES','NARIÑO','','2011-05-30 14:02:52'),(670,'52786','TAMINANGO','NARIÑO','','2011-05-30 14:02:52'),(671,'52788','TANGUA','NARIÑO','','2011-05-30 14:02:52'),(672,'5282','FREDONIA','ANTIOQUIA','','2011-05-30 14:02:52'),(673,'52835','TUMACO','NARIÑO','','2011-05-30 14:02:52'),(674,'52838','TUQUERRES','NARIÑO','','2011-05-30 14:02:52'),(675,'5284','FRONTINO','ANTIOQUIA','','2011-05-30 14:02:52'),(676,'52885','YACUANQUER','NARIÑO','','2011-05-30 14:02:52'),(677,'5306','GIRALDO','ANTIOQUIA','','2011-05-30 14:02:52'),(678,'5308','GIRARDOTA','ANTIOQUIA','','2011-05-30 14:02:52'),(679,'5310','GOMEZ PLATA','ANTIOQUIA','','2011-05-30 14:02:52'),(680,'5313','GRANADA','ANTIOQUIA','','2011-05-30 14:02:52'),(681,'5315','GUADALUPE','ANTIOQUIA','','2011-05-30 14:02:52'),(682,'5318','GUARNE','ANTIOQUIA','','2011-05-30 14:02:52'),(683,'5321','GUATAPE','ANTIOQUIA','','2011-05-30 14:02:52'),(684,'5347','HELICONIA','ANTIOQUIA','','2011-05-30 14:02:52'),(685,'5353','HISPANIA','ANTIOQUIA','','2011-05-30 14:02:52'),(686,'5360','ITAGUI','ANTIOQUIA','','2011-05-30 14:02:52'),(687,'5361','ITUANGO','ANTIOQUIA','','2011-05-30 14:02:52'),(688,'5364','JARDIN','ANTIOQUIA','','2011-05-30 14:02:53'),(689,'5368','JERICO','ANTIOQUIA','','2011-05-30 14:02:53'),(690,'5376','LA CEJA','ANTIOQUIA','','2011-05-30 14:02:53'),(691,'5380','LA ESTRELLA','ANTIOQUIA','','2011-05-30 14:02:53'),(692,'5390','LA PINTADA','ANTIOQUIA','','2011-05-30 14:02:53'),(693,'5400','LA UNION','ANTIOQUIA','','2011-05-30 14:02:53'),(694,'54001','CUCUTA','N DE SANTANDER','','2011-05-30 14:02:53'),(695,'54003','ABREGO','N DE SANTANDER','','2011-05-30 14:02:53'),(696,'54051','ARBOLEDAS','N DE SANTANDER','','2011-05-30 14:02:53'),(697,'54099','BOCHALEMA','N DE SANTANDER','','2011-05-30 14:02:53'),(698,'54109','BUCARASICA','N DE SANTANDER','','2011-05-30 14:02:53'),(699,'5411','LIBORINA','ANTIOQUIA','','2011-05-30 14:02:53'),(700,'54125','CACOTA','N DE SANTANDER','','2011-05-30 14:02:53'),(701,'54128','CACHIRA','N DE SANTANDER','','2011-05-30 14:02:53'),(702,'54172','CHINACOTA','N DE SANTANDER','','2011-05-30 14:02:53'),(703,'54174','CHITAGA','N DE SANTANDER','','2011-05-30 14:02:53'),(704,'54206','CONVENCION','N DE SANTANDER','','2011-05-30 14:02:53'),(705,'54223','CUCUTILLA','N DE SANTANDER','','2011-05-30 14:02:53'),(706,'54239','DURANIA','N DE SANTANDER','','2011-05-30 14:02:53'),(707,'54245','EL CARMEN','N DE SANTANDER','','2011-05-30 14:02:53'),(708,'5425','MACEO','ANTIOQUIA','','2011-05-30 14:02:53'),(709,'54250','EL TARRA','N DE SANTANDER','','2011-05-30 14:02:53'),(710,'54261','EL ZULIA','N DE SANTANDER','','2011-05-30 14:02:53'),(711,'54313','GRAMALOTE','N DE SANTANDER','','2011-05-30 14:02:53'),(712,'54344','HACARI','N DE SANTANDER','','2011-05-30 14:02:53'),(713,'54347','HERRAN','N DE SANTANDER','','2011-05-30 14:02:53'),(714,'54377','LABATECA','N DE SANTANDER','','2011-05-30 14:02:53'),(715,'54385','LA ESPERANZA','N DE SANTANDER','','2011-05-30 14:02:53'),(716,'54398','LA PLAYA','N DE SANTANDER','','2011-05-30 14:02:53'),(717,'5440','MARINILLA','ANTIOQUIA','','2011-05-30 14:02:53'),(718,'54405','LOS PATIOS','N DE SANTANDER','','2011-05-30 14:02:53'),(719,'54418','LOURDES','N DE SANTANDER','','2011-05-30 14:02:53'),(720,'54480','MUTISCUA','N DE SANTANDER','','2011-05-30 14:02:53'),(721,'54498','OCAÑA','N DE SANTANDER','','2011-05-30 14:02:53'),(722,'54518','PAMPLONA','N DE SANTANDER','','2011-05-30 14:02:53'),(723,'54520','PAMPLONITA','N DE SANTANDER','','2011-05-30 14:02:53'),(724,'54553','PUERTO SANTANDER','N DE SANTANDER','','2011-05-30 14:02:53'),(725,'54599','RAGONVALIA','N DE SANTANDER','','2011-05-30 14:02:53'),(726,'54660','SALAZAR','N DE SANTANDER','','2011-05-30 14:02:53'),(727,'5467','MONTEBELLO','ANTIOQUIA','','2011-05-30 14:02:53'),(728,'54670','SAN CALIXTO','N DE SANTANDER','','2011-05-30 14:02:53'),(729,'54673','SAN CAYETANO','N DE SANTANDER','','2011-05-30 14:02:53'),(730,'54680','SANTIAGO','N DE SANTANDER','','2011-05-30 14:02:53'),(731,'54720','SARDINATA','N DE SANTANDER','','2011-05-30 14:02:53'),(732,'54743','SILOS','N DE SANTANDER','','2011-05-30 14:02:53'),(733,'5475','MURINDO','ANTIOQUIA','','2011-05-30 14:02:53'),(734,'5480','MUTATA','ANTIOQUIA','','2011-05-30 14:02:53'),(735,'54800','TEORAMA','N DE SANTANDER','','2011-05-30 14:02:53'),(736,'54810','TIBU','N DE SANTANDER','','2011-05-30 14:02:53'),(737,'54820','TOLEDO','N DE SANTANDER','','2011-05-30 14:02:53'),(738,'5483','NARIÑO','ANTIOQUIA','','2011-05-30 14:02:53'),(739,'54871','VILLACARO','N DE SANTANDER','','2011-05-30 14:02:53'),(740,'54874','VILLA DEL ROSARIO','N DE SANTANDER','','2011-05-30 14:02:53'),(741,'5490','NECOCLI','ANTIOQUIA','','2011-05-30 14:02:53'),(742,'5495','NECHI','ANTIOQUIA','','2011-05-30 14:02:53'),(743,'5501','OLAYA','ANTIOQUIA','','2011-05-30 14:02:53'),(744,'5541','PEÑOL','ANTIOQUIA','','2011-05-30 14:02:53'),(745,'5543','PEQUE','ANTIOQUIA','','2011-05-30 14:02:53'),(746,'5576','PUEBLORRICO','ANTIOQUIA','','2011-05-30 14:02:53'),(747,'5579','PUERTO BERRIO','ANTIOQUIA','','2011-05-30 14:02:53'),(748,'5585','PUERTO NARE','ANTIOQUIA','','2011-05-30 14:02:53'),(749,'5591','PUERTO TRIUNFO','ANTIOQUIA','','2011-05-30 14:02:53'),(750,'5604','REMEDIOS','ANTIOQUIA','','2011-05-30 14:02:53'),(751,'5607','RETIRO','ANTIOQUIA','','2011-05-30 14:02:53'),(752,'5615','RIONEGRO','ANTIOQUIA','','2011-05-30 14:02:54'),(753,'5628','SABANALARGA','ANTIOQUIA','','2011-05-30 14:02:54'),(754,'5631','SABANETA','ANTIOQUIA','','2011-05-30 14:02:54'),(755,'5642','SALGAR','ANTIOQUIA','','2011-05-30 14:02:54'),(756,'5647','SAN ANDRES','ANTIOQUIA','','2011-05-30 14:02:54'),(757,'5649','SAN CARLOS','ANTIOQUIA','','2011-05-30 14:02:54'),(758,'5652','SAN FRANCISCO','ANTIOQUIA','','2011-05-30 14:02:54'),(759,'5656','SAN JERONIMO','ANTIOQUIA','','2011-05-30 14:02:54'),(760,'5658','SAN JOSE DE LA MONTAÑA','ANTIOQUIA','','2011-05-30 14:02:54'),(761,'5659','SAN JUAN DE URABA','ANTIOQUIA','','2011-05-30 14:02:54'),(762,'5660','SAN LUIS','ANTIOQUIA','','2011-05-30 14:02:54'),(763,'5664','SAN PEDRO','ANTIOQUIA','','2011-05-30 14:02:54'),(764,'5665','SAN PEDRO DE URABA','ANTIOQUIA','','2011-05-30 14:02:54'),(765,'5667','SAN RAFAEL','ANTIOQUIA','','2011-05-30 14:02:54'),(766,'5670','SAN ROQUE','ANTIOQUIA','','2011-05-30 14:02:54'),(767,'5674','SAN VICENTE','ANTIOQUIA','','2011-05-30 14:02:54'),(768,'5679','SANTA BARBARA','ANTIOQUIA','','2011-05-30 14:02:54'),(769,'5686','SANTA ROSA DE OSOS','ANTIOQUIA','','2011-05-30 14:02:54'),(770,'5690','SANTO DOMINGO','ANTIOQUIA','','2011-05-30 14:02:54'),(771,'5697','SANTUARIO','ANTIOQUIA','','2011-05-30 14:02:54'),(772,'5736','SEGOVIA','ANTIOQUIA','','2011-05-30 14:02:54'),(773,'5756','SONSON','ANTIOQUIA','','2011-05-30 14:02:54'),(774,'5761','SOPETRAN','ANTIOQUIA','','2011-05-30 14:02:54'),(775,'5789','TAMESIS','ANTIOQUIA','','2011-05-30 14:02:54'),(776,'5790','TARAZA','ANTIOQUIA','','2011-05-30 14:02:54'),(777,'5792','TARSO','ANTIOQUIA','','2011-05-30 14:02:54'),(778,'5809','TITIRIBI','ANTIOQUIA','','2011-05-30 14:02:54'),(779,'5819','TOLEDO','ANTIOQUIA','','2011-05-30 14:02:54'),(780,'5837','TURBO','ANTIOQUIA','','2011-05-30 14:02:54'),(781,'5842','URAMITA','ANTIOQUIA','','2011-05-30 14:02:54'),(782,'5847','URRAO','ANTIOQUIA','','2011-05-30 14:02:54'),(783,'5854','VALDIVIA','ANTIOQUIA','','2011-05-30 14:02:54'),(784,'5856','VALPARAISO','ANTIOQUIA','','2011-05-30 14:02:54'),(785,'5858','VEGACHI','ANTIOQUIA','','2011-05-30 14:02:54'),(786,'5861','VENECIA','ANTIOQUIA','','2011-05-30 14:02:54'),(787,'5873','VIGIA DEL FUERTE','ANTIOQUIA','','2011-05-30 14:02:54'),(788,'5885','YALI','ANTIOQUIA','','2011-05-30 14:02:54'),(789,'5887','YARUMAL','ANTIOQUIA','','2011-05-30 14:02:54'),(790,'5890','YOLOMBO','ANTIOQUIA','','2011-05-30 14:02:54'),(791,'5893','YONDO','ANTIOQUIA','','2011-05-30 14:02:54'),(792,'5895','ZARAGOZA','ANTIOQUIA','','2011-05-30 14:02:54'),(793,'63001','ARMENIA','QUINDIO','','2011-05-30 14:02:54'),(794,'63111','BUENAVISTA','QUINDIO','','2011-05-30 14:02:54'),(795,'63130','CALARCA','QUINDIO','','2011-05-30 14:02:54'),(796,'63190','CIRCASIA','QUINDIO','','2011-05-30 14:02:54'),(797,'63212','CORDOBA','QUINDIO','','2011-05-30 14:02:54'),(798,'63272','FILANDIA','QUINDIO','','2011-05-30 14:02:54'),(799,'63302','GENOVA','QUINDIO','','2011-05-30 14:02:54'),(800,'63401','LA TEBAIDA','QUINDIO','','2011-05-30 14:02:54'),(801,'63470','MONTENEGRO','QUINDIO','','2011-05-30 14:02:54'),(802,'63548','PIJAO','QUINDIO','','2011-05-30 14:02:54'),(803,'63594','QUIMBAYA','QUINDIO','','2011-05-30 14:02:54'),(804,'63690','SALENTO','QUINDIO','','2011-05-30 14:02:54'),(805,'66001','PEREIRA','RISARALDA','','2011-05-30 14:02:55'),(806,'66045','APIA','RISARALDA','','2011-05-30 14:02:55'),(807,'66075','BALBOA','RISARALDA','','2011-05-30 14:02:55'),(808,'66088','BELEN DE UMBRIA','RISARALDA','','2011-05-30 14:02:55'),(809,'66170','DOS QUEBRADAS','RISARALDA','','2011-05-30 14:02:55'),(810,'66318','GUATICA','RISARALDA','','2011-05-30 14:02:55'),(811,'66383','LA CELIA','RISARALDA','','2011-05-30 14:02:55'),(812,'66400','LA VIRGINIA','RISARALDA','','2011-05-30 14:02:55'),(813,'66440','MARSELLA','RISARALDA','','2011-05-30 14:02:55'),(814,'66456','MISTRATO','RISARALDA','','2011-05-30 14:02:55'),(815,'66572','PUEBLO RICO','RISARALDA','','2011-05-30 14:02:55'),(816,'66594','QUINCHIA','RISARALDA','','2011-05-30 14:02:55'),(817,'66682','SANTA ROSA DE CABAL','RISARALDA','','2011-05-30 14:02:55'),(818,'66687','SANTUARIO','RISARALDA','','2011-05-30 14:02:55'),(819,'68001','BUCARAMANGA','SANTANDER','','2011-05-30 14:02:55'),(820,'68013','AGUADA','SANTANDER','','2011-05-30 14:02:55'),(821,'68020','ALBANIA','SANTANDER','','2011-05-30 14:02:55'),(822,'68051','ARATOCA','SANTANDER','','2011-05-30 14:02:55'),(823,'68077','BARBOSA','SANTANDER','','2011-05-30 14:02:55'),(824,'68079','BARICHARA','SANTANDER','','2011-05-30 14:02:55'),(825,'68081','BARRANCABERMEJA','SANTANDER','','2011-05-30 14:02:55'),(826,'68092','BETULIA','SANTANDER','','2011-05-30 14:02:55'),(827,'68101','BOLIVAR','SANTANDER','','2011-05-30 14:02:55'),(828,'68121','CABRERA','SANTANDER','','2011-05-30 14:02:55'),(829,'68132','CALIFORNIA','SANTANDER','','2011-05-30 14:02:55'),(830,'68147','CAPITANEJO','SANTANDER','','2011-05-30 14:02:55'),(831,'68152','CARCASI','SANTANDER','','2011-05-30 14:02:55'),(832,'68160','CEPITA','SANTANDER','','2011-05-30 14:02:55'),(833,'68162','CERRITO','SANTANDER','','2011-05-30 14:02:55'),(834,'68167','CHARALA','SANTANDER','','2011-05-30 14:02:55'),(835,'68169','CHARTA','SANTANDER','','2011-05-30 14:02:55'),(836,'68176','CHIMA','SANTANDER','','2011-05-30 14:02:55'),(837,'68179','CHIPATA','SANTANDER','','2011-05-30 14:02:55'),(838,'68190','CIMITARRA','SANTANDER','','2011-05-30 14:02:55'),(839,'68207','CONCEPCION','SANTANDER','','2011-05-30 14:02:55'),(840,'68209','CONFINES','SANTANDER','','2011-05-30 14:02:55'),(841,'68211','CONTRATACION','SANTANDER','','2011-05-30 14:02:55'),(842,'68217','COROMORO','SANTANDER','','2011-05-30 14:02:55'),(843,'68229','CURITI','SANTANDER','','2011-05-30 14:02:55'),(844,'68235','EL CARMEN','SANTANDER','','2011-05-30 14:02:55'),(845,'68245','EL GUACAMAYO','SANTANDER','','2011-05-30 14:02:55'),(846,'68250','EL PEÑON','SANTANDER','','2011-05-30 14:02:55'),(847,'68255','EL PLAYON','SANTANDER','','2011-05-30 14:02:55'),(848,'68264','ENCINO','SANTANDER','','2011-05-30 14:02:55'),(849,'68266','ENCISO','SANTANDER','','2011-05-30 14:02:55'),(850,'68271','FLORIAN','SANTANDER','','2011-05-30 14:02:55'),(851,'68276','FLORIDABLANCA','SANTANDER','','2011-05-30 14:02:55'),(852,'68296','GALAN','SANTANDER','','2011-05-30 14:02:56'),(853,'68298','GAMBITA','SANTANDER','','2011-05-30 14:02:56'),(854,'68307','GIRON','SANTANDER','','2011-05-30 14:02:56'),(855,'68318','GUACA','SANTANDER','','2011-05-30 14:02:56'),(856,'68320','GUADALUPE','SANTANDER','','2011-05-30 14:02:56'),(857,'68322','GUAPOTA','SANTANDER','','2011-05-30 14:02:56'),(858,'68324','GUAVATA','SANTANDER','','2011-05-30 14:02:56'),(859,'68327','GUEPSA','SANTANDER','','2011-05-30 14:02:56'),(860,'68344','HATO','SANTANDER','','2011-05-30 14:02:56'),(861,'68368','JESUS MARIA','SANTANDER','','2011-05-30 14:02:56'),(862,'68370','JORDAN','SANTANDER','','2011-05-30 14:02:56'),(863,'68377','LA BELLEZA','SANTANDER','','2011-05-30 14:02:56'),(864,'68385','LANDAZURI','SANTANDER','','2011-05-30 14:02:56'),(865,'68397','LA PAZ','SANTANDER','','2011-05-30 14:02:56'),(866,'68406','LEBRIJA','SANTANDER','','2011-05-30 14:02:56'),(867,'68418','LOS SANTOS','SANTANDER','','2011-05-30 14:02:56'),(868,'68425','MACARAVITA','SANTANDER','','2011-05-30 14:02:56'),(869,'68432','MALAGA','SANTANDER','','2011-05-30 14:02:56'),(870,'68444','MATANZA','SANTANDER','','2011-05-30 14:02:56'),(871,'68464','MOGOTES','SANTANDER','','2011-05-30 14:02:56'),(872,'68468','MOLAGAVITA','SANTANDER','','2011-05-30 14:02:56'),(873,'68498','OCAMONTE','SANTANDER','','2011-05-30 14:02:56'),(874,'68500','OIBA','SANTANDER','','2011-05-30 14:02:56'),(875,'68502','ONZAGA','SANTANDER','','2011-05-30 14:02:56'),(876,'68522','PALMAR','SANTANDER','','2011-05-30 14:02:56'),(877,'68524','PALMAS DEL SOCORRO','SANTANDER','','2011-05-30 14:02:56'),(878,'68533','PARAMO','SANTANDER','','2011-05-30 14:02:56'),(879,'68547','PIEDECUESTA','SANTANDER','','2011-05-30 14:02:56'),(880,'68549','PINCHOTE','SANTANDER','','2011-05-30 14:02:56'),(881,'68572','PUENTE NACIONAL','SANTANDER','','2011-05-30 14:02:56'),(882,'68573','PUERTO PARRA','SANTANDER','','2011-05-30 14:02:56'),(883,'68575','PUERTO WILCHES','SANTANDER','','2011-05-30 14:02:56'),(884,'68615','RIONEGRO','SANTANDER','','2011-05-30 14:02:56'),(885,'68655','SABANA DE TORRES','SANTANDER','','2011-05-30 14:02:56'),(886,'68669','SAN ANDRES','SANTANDER','','2011-05-30 14:02:56'),(887,'68673','SAN BENITO','SANTANDER','','2011-05-30 14:02:56'),(888,'68679','SAN GIL','SANTANDER','','2011-05-30 14:02:56'),(889,'68682','SAN JOAQUIN','SANTANDER','','2011-05-30 14:02:56'),(890,'68684','SAN JOSE DE MIRANDA','SANTANDER','','2011-05-30 14:02:56'),(891,'68686','SAN MIGUEL','SANTANDER','','2011-05-30 14:02:56'),(892,'68689','SAN VICENTE DE CHUCURI','SANTANDER','','2011-05-30 14:02:56'),(893,'68705','SANTA BARBARA','SANTANDER','','2011-05-30 14:02:56'),(894,'68720','SANTA HELENA','SANTANDER','','2011-05-30 14:02:56'),(895,'68745','SIMACOTA','SANTANDER','','2011-05-30 14:02:56'),(896,'68755','SOCORRO','SANTANDER','','2011-05-30 14:02:56'),(897,'68770','SUAITA','SANTANDER','','2011-05-30 14:02:56'),(898,'68773','SUCRE','SANTANDER','','2011-05-30 14:02:57'),(899,'68780','SURATA','SANTANDER','','2011-05-30 14:02:57'),(900,'68820','TONA','SANTANDER','','2011-05-30 14:02:57'),(901,'68855','VALLE SAN JOSE','SANTANDER','','2011-05-30 14:02:57'),(902,'68861','VELEZ','SANTANDER','','2011-05-30 14:02:57'),(903,'68867','VETAS','SANTANDER','','2011-05-30 14:02:57'),(904,'68872','VILLANUEVA','SANTANDER','','2011-05-30 14:02:57'),(905,'68895','ZAPATOCA','SANTANDER','','2011-05-30 14:02:57'),(906,'70001','SINCELEJO','SUCRE','','2011-05-30 14:02:57'),(907,'70110','BUENAVISTA','SUCRE','','2011-05-30 14:02:57'),(908,'70124','CAIMITO','SUCRE','','2011-05-30 14:02:57'),(909,'70204','COLOSO','SUCRE','','2011-05-30 14:02:57'),(910,'70215','COROZAL','SUCRE','','2011-05-30 14:02:57'),(911,'70221','COVEÑAS','SUCRE','','2011-05-30 14:02:57'),(912,'70230','CHALAN','SUCRE','','2011-05-30 14:02:57'),(913,'70233','EL ROBLE','SUCRE','','2011-05-30 14:02:57'),(914,'70235','GALERAS','SUCRE','','2011-05-30 14:02:57'),(915,'70265','GUARANDA','SUCRE','','2011-05-30 14:02:57'),(916,'70400','LA UNION','SUCRE','','2011-05-30 14:02:57'),(917,'70418','LOS PALMITOS','SUCRE','','2011-05-30 14:02:57'),(918,'70429','MAJAGUAL','SUCRE','','2011-05-30 14:02:57'),(919,'70473','MORROA','SUCRE','','2011-05-30 14:02:57'),(920,'70508','OVEJAS','SUCRE','','2011-05-30 14:02:57'),(921,'70523','PALMITO','SUCRE','','2011-05-30 14:02:57'),(922,'70670','SAMPUES','SUCRE','','2011-05-30 14:02:57'),(923,'70678','SAN BENITO ABAD','SUCRE','','2011-05-30 14:02:57'),(924,'70702','SAN JUAN DE BETULIA','SUCRE','','2011-05-30 14:02:57'),(925,'70708','SAN MARCOS','SUCRE','','2011-05-30 14:02:57'),(926,'70713','SAN ONOFRE','SUCRE','','2011-05-30 14:02:57'),(927,'70717','SAN PEDRO','SUCRE','','2011-05-30 14:02:57'),(928,'70742','SINCE','SUCRE','','2011-05-30 14:02:57'),(929,'70771','SUCRE','SUCRE','','2011-05-30 14:02:57'),(930,'70820','TOLU','SUCRE','','2011-05-30 14:02:57'),(931,'70823','TOLUVIEJO','SUCRE','','2011-05-30 14:02:57'),(932,'73001','IBAGUE','TOLIMA','','2011-05-30 14:02:57'),(933,'73024','ALPUJARRA','TOLIMA','','2011-05-30 14:02:57'),(934,'73026','ALVARADO','TOLIMA','','2011-05-30 14:02:57'),(935,'73030','AMBALEMA','TOLIMA','','2011-05-30 14:02:57'),(936,'73043','ANZOATEGUI','TOLIMA','','2011-05-30 14:02:57'),(937,'73055','ARMERO (GUAYABAL)','TOLIMA','','2011-05-30 14:02:57'),(938,'73067','ATACO','TOLIMA','','2011-05-30 14:02:57'),(939,'73124','CAJAMARCA','TOLIMA','','2011-05-30 14:02:57'),(940,'73148','CARMEN APICALA','TOLIMA','','2011-05-30 14:02:57'),(941,'73152','CASABIANCA','TOLIMA','','2011-05-30 14:02:57'),(942,'73168','CHAPARRAL','TOLIMA','','2011-05-30 14:02:58'),(943,'73200','COELLO','TOLIMA','','2011-05-30 14:02:58'),(944,'73217','COYAIMA','TOLIMA','','2011-05-30 14:02:58'),(945,'73226','CUNDAY','TOLIMA','','2011-05-30 14:02:58'),(946,'73236','DOLORES','TOLIMA','','2011-05-30 14:02:58'),(947,'73268','ESPINAL','TOLIMA','','2011-05-30 14:02:58'),(948,'73270','FALAN','TOLIMA','','2011-05-30 14:02:58'),(949,'73275','FLANDES','TOLIMA','','2011-05-30 14:02:58'),(950,'73283','FRESNO','TOLIMA','','2011-05-30 14:02:58'),(951,'73319','GUAMO','TOLIMA','','2011-05-30 14:02:58'),(952,'73347','HERVEO','TOLIMA','','2011-05-30 14:02:58'),(953,'73349','HONDA','TOLIMA','','2011-05-30 14:02:58'),(954,'73352','ICONONZO','TOLIMA','','2011-05-30 14:02:58'),(955,'73408','LERIDA','TOLIMA','','2011-05-30 14:02:58'),(956,'73411','LIBANO','TOLIMA','','2011-05-30 14:02:58'),(957,'73443','MARIQUITA','TOLIMA','','2011-05-30 14:02:58'),(958,'73449','MELGAR','TOLIMA','','2011-05-30 14:02:58'),(959,'73461','MURILLO','TOLIMA','','2011-05-30 14:02:58'),(960,'73483','NATAGAIMA','TOLIMA','','2011-05-30 14:02:58'),(961,'73504','ORTEGA','TOLIMA','','2011-05-30 14:02:58'),(962,'73520','PALOCABILDO','TOLIMA','','2011-05-30 14:02:58'),(963,'73547','PIEDRAS','TOLIMA','','2011-05-30 14:02:58'),(964,'73555','PLANADAS','TOLIMA','','2011-05-30 14:02:58'),(965,'73563','PRADO','TOLIMA','','2011-05-30 14:02:58'),(966,'73585','PURIFICACION','TOLIMA','','2011-05-30 14:02:58'),(967,'73616','RIOBLANCO','TOLIMA','','2011-05-30 14:02:58'),(968,'73622','RONCESVALLES','TOLIMA','','2011-05-30 14:02:58'),(969,'73624','ROVIRA','TOLIMA','','2011-05-30 14:02:58'),(970,'73671','SALDAÑA','TOLIMA','','2011-05-30 14:02:58'),(971,'73675','SAN ANTONIO','TOLIMA','','2011-05-30 14:02:58'),(972,'73678','SAN LUIS','TOLIMA','','2011-05-30 14:02:58'),(973,'73686','SANTA ISABEL','TOLIMA','','2011-05-30 14:02:58'),(974,'73770','SUAREZ','TOLIMA','','2011-05-30 14:02:58'),(975,'73854','VALLE DE S JUAN','TOLIMA','','2011-05-30 14:02:58'),(976,'73861','VENADILLO','TOLIMA','','2011-05-30 14:02:58'),(977,'73870','VILLAHERMOSA','TOLIMA','','2011-05-30 14:02:58'),(978,'73873','VILLARRICA','TOLIMA','','2011-05-30 14:02:58'),(979,'76001','CALI','VALLE DEL CAUCA','','2011-05-30 14:02:58'),(980,'76020','ALCALA','VALLE DEL CAUCA','','2011-05-30 14:02:58'),(981,'76036','ANDALUCIA','VALLE DEL CAUCA','','2011-05-30 14:02:58'),(982,'76041','ANSERMANUEVO','VALLE DEL CAUCA','','2011-05-30 14:02:58'),(983,'76054','ARGELIA','VALLE DEL CAUCA','','2011-05-30 14:02:58'),(984,'76100','BOLIVAR','VALLE DEL CAUCA','','2011-05-30 14:02:58'),(985,'76109','BUENAVENTURA','VALLE DEL CAUCA','','2011-05-30 14:02:58'),(986,'76111','BUGA','VALLE DEL CAUCA','','2011-05-30 14:02:59'),(987,'76113','BUGALAGRANDE','VALLE DEL CAUCA','','2011-05-30 14:02:59'),(988,'76122','CAICEDONIA','VALLE DEL CAUCA','','2011-05-30 14:02:59'),(989,'76126','CALIMA','VALLE DEL CAUCA','','2011-05-30 14:02:59'),(990,'76130','CANDELARIA','VALLE DEL CAUCA','','2011-05-30 14:02:59'),(991,'76147','CARTAGO','VALLE DEL CAUCA','','2011-05-30 14:02:59'),(992,'76233','DAGUA','VALLE DEL CAUCA','','2011-05-30 14:02:59'),(993,'76243','EL AGUILA','VALLE DEL CAUCA','','2011-05-30 14:02:59'),(994,'76246','EL CAIRO','VALLE DEL CAUCA','','2011-05-30 14:02:59'),(995,'76248','EL CERRITO','VALLE DEL CAUCA','','2011-05-30 14:02:59'),(996,'76250','EL DOVIO','VALLE DEL CAUCA','','2011-05-30 14:02:59'),(997,'76275','FLORIDA','VALLE DEL CAUCA','','2011-05-30 14:02:59'),(998,'76306','GINEBRA','VALLE DEL CAUCA','','2011-05-30 14:02:59'),(999,'76318','GUACARI','VALLE DEL CAUCA','','2011-05-30 14:02:59'),(1000,'76364','JAMUNDI','VALLE DEL CAUCA','','2011-05-30 14:02:59'),(1001,'76377','LA CUMBRE','VALLE DEL CAUCA','','2011-05-30 14:02:59'),(1002,'76400','LA UNION','VALLE DEL CAUCA','','2011-05-30 14:02:59'),(1003,'76403','LA VICTORIA','VALLE DEL CAUCA','','2011-05-30 14:02:59'),(1004,'76497','OBANDO','VALLE DEL CAUCA','','2011-05-30 14:02:59'),(1005,'76520','PALMIRA','VALLE DEL CAUCA','','2011-05-30 14:02:59'),(1006,'76563','PRADERA','VALLE DEL CAUCA','','2011-05-30 14:02:59'),(1007,'76606','RESTREPO','VALLE DEL CAUCA','','2011-05-30 14:02:59'),(1008,'76616','RIOFRIO','VALLE DEL CAUCA','','2011-05-30 14:02:59'),(1009,'76622','ROLDANILLO','VALLE DEL CAUCA','','2011-05-30 14:02:59'),(1010,'76670','SAN PEDRO','VALLE DEL CAUCA','','2011-05-30 14:02:59'),(1011,'76736','SEVILLA','VALLE DEL CAUCA','','2011-05-30 14:02:59'),(1012,'76823','TORO','VALLE DEL CAUCA','','2011-05-30 14:02:59'),(1013,'76828','TRUJILLO','VALLE DEL CAUCA','','2011-05-30 14:02:59'),(1014,'76834','TULUA','VALLE DEL CAUCA','','2011-05-30 14:02:59'),(1015,'76845','ULLOA','VALLE DEL CAUCA','','2011-05-30 14:02:59'),(1016,'76863','VERSALLES','VALLE DEL CAUCA','','2011-05-30 14:02:59'),(1017,'76869','VIJES','VALLE DEL CAUCA','','2011-05-30 14:02:59'),(1018,'76890','YOTOCO','VALLE DEL CAUCA','','2011-05-30 14:02:59'),(1019,'76892','YUMBO','VALLE DEL CAUCA','','2011-05-30 14:02:59'),(1020,'76895','ZARZAL','VALLE DEL CAUCA','','2011-05-30 14:02:59'),(1021,'8001','BARRANQUILLA','ATLANTICO','','2011-05-30 14:02:59'),(1022,'8078','BARANOA','ATLANTICO','','2011-05-30 14:02:59'),(1023,'81001','ARAUCA','ARAUCA','','2011-05-30 14:02:59'),(1024,'81065','ARAUQUITA','ARAUCA','','2011-05-30 14:02:59'),(1025,'81220','CRAVO NORTE','ARAUCA','','2011-05-30 14:02:59'),(1026,'81300','FORTUL','ARAUCA','','2011-05-30 14:02:59'),(1027,'8137','CAMPO DE LA CRUZ','ATLANTICO','','2011-05-30 14:02:59'),(1028,'8141','CANDELARIA','ATLANTICO','','2011-05-30 14:02:59'),(1029,'81591','PUERTO RONDON','ARAUCA','','2011-05-30 14:02:59'),(1030,'81736','SARAVENA','ARAUCA','','2011-05-30 14:03:00'),(1031,'81794','TAME','ARAUCA','','2011-05-30 14:03:00'),(1032,'8296','GALAPA','ATLANTICO','','2011-05-30 14:03:00'),(1033,'8372','JUAN DE ACOSTA','ATLANTICO','','2011-05-30 14:03:00'),(1034,'8421','LURUACO','ATLANTICO','','2011-05-30 14:03:00'),(1035,'8433','MALAMBO','ATLANTICO','','2011-05-30 14:03:00'),(1036,'8436','MANATI','ATLANTICO','','2011-05-30 14:03:00'),(1037,'85001','YOPAL','CASANARE','','2011-05-30 14:03:00'),(1038,'85010','AGUAZUL','CASANARE','','2011-05-30 14:03:00'),(1040,'85125','HATO COROZAL','CASANARE','','2011-05-30 14:03:00'),(1041,'85136','LA SALINA','CASANARE','','2011-05-30 14:03:00'),(1042,'85139','MANI','CASANARE','','2011-05-30 14:03:00'),(1043,'85162','MONTERREY','CASANARE','','2011-05-30 14:03:00'),(1044,'8520','PALMAR DE VARELA','ATLANTICO','','2011-05-30 14:03:00'),(1045,'85225','NUNCHIA','CASANARE','','2011-05-30 14:03:00'),(1046,'85230','OROCUE','CASANARE','','2011-05-30 14:03:00'),(1047,'85250','PAZ DE ARIPORO','CASANARE','','2011-05-30 14:03:00'),(1048,'85263','PORE','CASANARE','','2011-05-30 14:03:00'),(1049,'85279','RECETOR','CASANARE','','2011-05-30 14:03:00'),(1050,'85300','SABANALARGA','CASANARE','','2011-05-30 14:03:00'),(1051,'85315','SACAMA','CASANARE','','2011-05-30 14:03:00'),(1052,'85325','SAN LUIS DE PALENQUE','CASANARE','','2011-05-30 14:03:00'),(1053,'85400','TAMARA','CASANARE','','2011-05-30 14:03:00'),(1054,'85410','TAURAMENA','CASANARE','','2011-05-30 14:03:00'),(1055,'85430','TRINIDAD','CASANARE','','2011-05-30 14:03:00'),(1056,'85440','VILLANUEVA','CASANARE','','2011-05-30 14:03:00'),(1057,'8549','PIOJO','ATLANTICO','','2011-05-30 14:03:00'),(1058,'8558','POLO NUEVO','ATLANTICO','','2011-05-30 14:03:00'),(1059,'8560','PONEDERA','ATLANTICO','','2011-05-30 14:03:00'),(1060,'8573','PUERTO COLOMBIA','ATLANTICO','','2011-05-30 14:03:00'),(1061,'86001','MOCOA','PUTUMAYO','','2011-05-30 14:03:00'),(1062,'8606','REPELON','ATLANTICO','','2011-05-30 14:03:00'),(1063,'86219','COLON','PUTUMAYO','','2011-05-30 14:03:00'),(1064,'86320','ORITO','PUTUMAYO','','2011-05-30 14:03:00'),(1065,'8634','SABANAGRANDE','ATLANTICO','','2011-05-30 14:03:00'),(1066,'8638','SABANALARGA','ATLANTICO','','2011-05-30 14:03:00'),(1067,'86568','PUERTO ASIS','PUTUMAYO','','2011-05-30 14:03:00'),(1068,'86569','PUERTO CAYCEDO','PUTUMAYO','','2011-05-30 14:03:00'),(1069,'86571','PUERTO GUZMAN','PUTUMAYO','','2011-05-30 14:03:00'),(1070,'86573','PUERTO LEGUIZAMO','PUTUMAYO','','2011-05-30 14:03:00'),(1071,'86749','SIBUNDOY','PUTUMAYO','','2011-05-30 14:03:00'),(1072,'8675','SANTA LUCIA','ATLANTICO','','2011-05-30 14:03:00'),(1073,'86755','SAN FRANCISCO','PUTUMAYO','','2011-05-30 14:03:00'),(1074,'86757','SAN MIGUEL','PUTUMAYO','','2011-05-30 14:03:00'),(1075,'86760','SANTIAGO','PUTUMAYO','','2011-05-30 14:03:00'),(1076,'8685','SANTO TOMAS','ATLANTICO','','2011-05-30 14:03:00'),(1077,'86865','VALLE DEL GUAMUEZ','PUTUMAYO','','2011-05-30 14:03:00'),(1078,'86885','VILLAGARZON','PUTUMAYO','','2011-05-30 14:03:00'),(1079,'8758','SOLEDAD','ATLANTICO','','2011-05-30 14:03:00'),(1080,'8770','SUAN','ATLANTICO','','2011-05-30 14:03:01'),(1081,'88001','SAN ANDRES','SAN ANDRES','','2011-05-30 14:03:01'),(1082,'8832','TUBARA','ATLANTICO','','2011-05-30 14:03:01'),(1083,'8849','USIACURI','ATLANTICO','','2011-05-30 14:03:01'),(1084,'88564','PROVIDENCIA','SAN ANDRES','','2011-05-30 14:03:01'),(1085,'91001','LETICIA','AMAZONAS','','2011-05-30 14:03:01'),(1086,'91540','PUERTO NARIÑO','AMAZONAS','','2011-05-30 14:03:01'),(1087,'94001','PUERTO INIRIDA','GUAINIA','','2011-05-30 14:03:01'),(1088,'95001','SAN JOSE DEL GUAVIARE','GUAVIARE','','2011-05-30 14:03:01'),(1089,'95015','CALAMAR','GUAVIARE','','2011-05-30 14:03:01'),(1090,'95025','EL RETORNO','GUAVIARE','','2011-05-30 14:03:01'),(1091,'95200','MIRAFLORES','GUAVIARE','','2011-05-30 14:03:01'),(1092,'97001','MITU','VAUPES','','2011-05-30 14:03:01'),(1093,'97161','CARURU','VAUPES','','2011-05-30 14:03:01'),(1094,'97666','TARAIRA','VAUPES','','2011-05-30 14:03:01'),(1095,'99001','PUERTO CARREÑO','VICHADA','','2011-05-30 14:03:01'),(1096,'99524','LA PRIMAVERA','VICHADA','','2011-05-30 14:03:01'),(1097,'99624','SANTA ROSALIA','VICHADA','','2011-05-30 14:03:01'),(1098,'99773','CUMARIBO','VICHADA','','2011-05-30 14:03:01');
/*!40000 ALTER TABLE `ciudades` ENABLE KEYS */;
UNLOCK TABLES;

--
-- Table structure for table `clasificater`
--

DROP TABLE IF EXISTS `clasificater`;
SET @saved_cs_client     = @@character_set_client;
SET character_set_client = utf8;
CREATE TABLE `clasificater` (
  `clasificaterid` int(11) NOT NULL auto_increment,
  `codigo` varchar(5) NOT NULL,
  `descripcion` varchar(25) NOT NULL,
  `creador` varchar(20) NOT NULL,
  `momento` timestamp NOT NULL default CURRENT_TIMESTAMP,
  PRIMARY KEY  (`clasificaterid`),
  KEY `codigo` (`codigo`)
) ENGINE=InnoDB AUTO_INCREMENT=7 DEFAULT CHARSET=utf8 COMMENT='Clasificacion de Terceros';
SET character_set_client = @saved_cs_client;

--
-- Dumping data for table `clasificater`
--

LOCK TABLES `clasificater` WRITE;
/*!40000 ALTER TABLE `clasificater` DISABLE KEYS */;
INSERT INTO `clasificater` VALUES (1,'CLAPR','CLASIFICACION PREDETERMIN','ADMINISTRADOR','2011-06-04 20:42:48'),(4,'01','PACIENTES','SAID','2012-01-24 14:35:37'),(5,'02','EMPRESAS CONTRATANTES','SAID','2012-01-24 14:35:49'),(6,'03','PROFESIONALES','SAID','2012-01-24 16:38:43');
/*!40000 ALTER TABLE `clasificater` ENABLE KEYS */;
UNLOCK TABLES;

--
-- Table structure for table `comboproductos`
--

DROP TABLE IF EXISTS `comboproductos`;
SET @saved_cs_client     = @@character_set_client;
SET character_set_client = utf8;
CREATE TABLE `comboproductos` (
  `comboprodid` bigint(20) NOT NULL auto_increment,
  `productoid` bigint(20) NOT NULL,
  `materiapid` bigint(20) NOT NULL,
  `cantidad` decimal(10,0) NOT NULL,
  `creador` varchar(25) NOT NULL,
  `momento` timestamp NOT NULL default CURRENT_TIMESTAMP on update CURRENT_TIMESTAMP,
  PRIMARY KEY  (`comboprodid`),
  KEY `productoid` (`productoid`,`materiapid`),
  CONSTRAINT `comboproductos_ibfk_1` FOREIGN KEY (`productoid`) REFERENCES `productos` (`itemid`) ON DELETE CASCADE ON UPDATE CASCADE
) ENGINE=InnoDB DEFAULT CHARSET=utf8 COMMENT='Combos de Productos';
SET character_set_client = @saved_cs_client;

--
-- Dumping data for table `comboproductos`
--

LOCK TABLES `comboproductos` WRITE;
/*!40000 ALTER TABLE `comboproductos` DISABLE KEYS */;
/*!40000 ALTER TABLE `comboproductos` ENABLE KEYS */;
UNLOCK TABLES;

--
-- Table structure for table `conceptomed`
--

DROP TABLE IF EXISTS `conceptomed`;
SET @saved_cs_client     = @@character_set_client;
SET character_set_client = utf8;
CREATE TABLE `conceptomed` (
  `conceptomedid` int(11) NOT NULL auto_increment,
  `codigo` varchar(5) NOT NULL,
  `descripcion` varchar(255) NOT NULL,
  `creador` varchar(20) NOT NULL,
  `momento` timestamp NOT NULL default CURRENT_TIMESTAMP,
  PRIMARY KEY  (`conceptomedid`),
  KEY `codigo` (`codigo`)
) ENGINE=InnoDB AUTO_INCREMENT=22 DEFAULT CHARSET=utf8 COMMENT='Conceptos Medicos';
SET character_set_client = @saved_cs_client;

--
-- Dumping data for table `conceptomed`
--

LOCK TABLES `conceptomed` WRITE;
/*!40000 ALTER TABLE `conceptomed` DISABLE KEYS */;
INSERT INTO `conceptomed` VALUES (2,'01','APTO PARA EL CARGO','','2012-01-22 23:04:57'),(3,'02','APTO CON LIMITACIONES PARA EL CARGO','ADMINISTRADOR','2012-05-08 22:28:13'),(4,'99','NO APTO PARA EL CARGO','ADMINISTRADOR','2012-05-08 22:28:13'),(8,'04','APTO CON RESTRICCIONES QUE NO AFECTAN SU TRABAJO NORMAL','','2012-08-06 23:22:52'),(9,'07','APTO PARA ALTURAS','','2012-08-06 23:22:52'),(10,'08','APTO PARA ESPACIOS CONFINADOS','','2012-08-06 23:22:52'),(11,'14','NO SATISFACTORIO POR ENFERMEDAD COMUN COMPLICADA','','2012-08-06 23:22:52'),(12,'15','NO SATISFACTORIO POR SECUELAS DE AT','','2012-08-06 23:22:52'),(13,'16','NO SATISFACTORIO POR POSIBLES SECUELAS DE EP','','2012-08-06 23:22:52'),(14,'17','PUEDE CONTINUAR LABORANDO','','2012-08-06 23:22:52'),(15,'18','SATISFACTORIO','','2012-08-06 23:22:52'),(16,'19','SE SUGUIERE REUBICACION PERMENENTE','','2012-08-06 23:22:53'),(17,'20','SE SUGUIERE REUBICACION TEMPORAL','','2012-08-06 23:22:53'),(18,'21','APTO CON PATOLOGIA QUE NO AFECTA SU TRABAJO NORMAL','','2012-08-06 23:22:53'),(19,'22','APTO CON RESTRICCIONES QUE AFECTAN SU TRABAJO NORMAL','','2012-08-06 23:22:53'),(20,'23','SATISFACTORIO PARA EL EGRESO','','2012-08-06 23:22:53'),(21,'24','NO SATISFACTORIO PARA EL EGRESO','','2012-08-06 23:22:53');
/*!40000 ALTER TABLE `conceptomed` ENABLE KEYS */;
UNLOCK TABLES;

--
-- Table structure for table `conceptos`
--

DROP TABLE IF EXISTS `conceptos`;
SET @saved_cs_client     = @@character_set_client;
SET character_set_client = utf8;
CREATE TABLE `conceptos` (
  `itemid` bigint(20) NOT NULL,
  PRIMARY KEY  (`itemid`)
) ENGINE=InnoDB DEFAULT CHARSET=utf8 COMMENT='Conceptos de Cartera y Tesoreria';
SET character_set_client = @saved_cs_client;

--
-- Dumping data for table `conceptos`
--

LOCK TABLES `conceptos` WRITE;
/*!40000 ALTER TABLE `conceptos` DISABLE KEYS */;
/*!40000 ALTER TABLE `conceptos` ENABLE KEYS */;
UNLOCK TABLES;

--
-- Table structure for table `conceptosmed`
--

DROP TABLE IF EXISTS `conceptosmed`;
SET @saved_cs_client     = @@character_set_client;
SET character_set_client = utf8;
CREATE TABLE `conceptosmed` (
  `codigo` varchar(3) NOT NULL,
  `descripcion` varchar(45) NOT NULL,
  PRIMARY KEY  (`codigo`)
) ENGINE=InnoDB DEFAULT CHARSET=utf8;
SET character_set_client = @saved_cs_client;

--
-- Dumping data for table `conceptosmed`
--

LOCK TABLES `conceptosmed` WRITE;
/*!40000 ALTER TABLE `conceptosmed` DISABLE KEYS */;
INSERT INTO `conceptosmed` VALUES ('001','APTO PARA EL CARGO'),('002','NO APTO PARA EL CARGO'),('003','APTO CON LIMITACIONES PARA EL CARGO'),('004','APTO CON RESTRICCIONES QUE NO AFECT');
/*!40000 ALTER TABLE `conceptosmed` ENABLE KEYS */;
UNLOCK TABLES;

--
-- Table structure for table `configuraciones`
--

DROP TABLE IF EXISTS `configuraciones`;
SET @saved_cs_client     = @@character_set_client;
SET character_set_client = utf8;
CREATE TABLE `configuraciones` (
  `confid` bigint(20) NOT NULL auto_increment,
  `variab` varchar(30) NOT NULL,
  `contenido` varchar(100) NOT NULL,
  `usuario` varchar(25) NOT NULL,
  `desde` timestamp NOT NULL default CURRENT_TIMESTAMP,
  `hasta` timestamp NOT NULL default '0000-00-00 00:00:00',
  `activa` varchar(1) NOT NULL,
  PRIMARY KEY  (`confid`),
  KEY `usuario` (`usuario`)
) ENGINE=InnoDB AUTO_INCREMENT=14 DEFAULT CHARSET=utf8 COMMENT='Configuraciones del Sistema';
SET character_set_client = @saved_cs_client;

--
-- Dumping data for table `configuraciones`
--

LOCK TABLES `configuraciones` WRITE;
/*!40000 ALTER TABLE `configuraciones` DISABLE KEYS */;
INSERT INTO `configuraciones` VALUES (1,'G_NOMBREEMP','SALUD EMPRESARIAL IPS SAS','','0000-00-00 00:00:00','0000-00-00 00:00:00','S'),(2,'G_MONEDALOCAL','PESOS','','0000-00-00 00:00:00','0000-00-00 00:00:00','S'),(3,'G_MONEDAEXT','BOLIVARES','','0000-00-00 00:00:00','0000-00-00 00:00:00','S'),(4,'U_VENDEDORPRED','TER0001','ADMINISTRADOR','0000-00-00 00:00:00','0000-00-00 00:00:00','S'),(5,'U_BODEGAPRED','01','ADMINISTRADOR','0000-00-00 00:00:00','0000-00-00 00:00:00','S'),(6,'U_SUCURSALPRED','00','ADMINISTRADOR','0000-00-00 00:00:00','0000-00-00 00:00:00','S'),(7,'G_NITEMP','900.443.363-4','','0000-00-00 00:00:00','0000-00-00 00:00:00','S'),(8,'U_CLIENTEPRED','TER0001','ADMINISTRADOR','2011-07-13 11:41:23','2011-07-13 11:41:23','S'),(9,'G_diaopeFVE','CHECKED','','2012-01-12 04:18:37','0000-00-00 00:00:00',''),(10,'G_diaopeFCO','CHECKED','','2012-01-12 04:18:37','0000-00-00 00:00:00',''),(11,'G_diaopeRSA','CHECKED','','2012-01-12 04:18:52','0000-00-00 00:00:00',''),(12,'G_diaopeCCO','CHECKED','','2012-01-12 04:18:52','0000-00-00 00:00:00',''),(13,'G_FECHADIAOPERATIVO','17/01/2012','','2012-01-12 04:19:21','0000-00-00 00:00:00','');
/*!40000 ALTER TABLE `configuraciones` ENABLE KEYS */;
UNLOCK TABLES;

--
-- Table structure for table `contratos`
--

DROP TABLE IF EXISTS `contratos`;
SET @saved_cs_client     = @@character_set_client;
SET character_set_client = utf8;
CREATE TABLE `contratos` (
  `contratoid` int(11) NOT NULL auto_increment,
  `terid` bigint(20) NOT NULL,
  `numero` varchar(10) NOT NULL,
  `descripcion` varchar(255) NOT NULL,
  `fecdesde` date NOT NULL,
  `fechasta` date NOT NULL,
  `tipodocgenera` varchar(3) NOT NULL,
  `creador` varchar(20) NOT NULL,
  `momento` timestamp NOT NULL default CURRENT_TIMESTAMP,
  PRIMARY KEY  (`contratoid`),
  KEY `terid` (`terid`)
) ENGINE=InnoDB AUTO_INCREMENT=20 DEFAULT CHARSET=utf8 COMMENT='Contratos con Entidades';
SET character_set_client = @saved_cs_client;

--
-- Dumping data for table `contratos`
--

LOCK TABLES `contratos` WRITE;
/*!40000 ALTER TABLE `contratos` DISABLE KEYS */;
INSERT INTO `contratos` VALUES (5,13,'0001','EXAMENES OCUP. MINA BUENOS  AIRES','2012-01-28','2012-12-31','PSE','JORGE','2012-01-27 23:24:15'),(6,14,'0000','EXAMENES REALIZADOS A PARTICULARES','2012-01-27','2015-12-31','FVE','JORGE','2012-01-27 23:28:29'),(8,18,'0002','EXAMENES DE MEDICINA LABORAL','2012-01-30','2015-12-31','PSE','JORGE','2012-01-30 20:59:57'),(9,26,'0003','EXAMENES MANIPULACION DE ALIMENTOS ','2012-01-31','2015-12-31','PSE','JORGE','2012-01-31 15:05:04'),(10,27,'0004','EXAMEN DE INGRESO A MINA','2012-01-31','2015-12-31','','JORGE','2012-01-31 16:11:04'),(11,29,'0005','EXAMENES PARA INGRESAR A LABORAL','2012-01-31','2030-12-31','PSE','JORGE','2012-01-31 21:05:14'),(12,30,'0006','EXAMENES PERSONAL CUCUTA','2012-01-31','2030-12-31','PSE','JORGE','2012-01-31 21:49:38'),(13,31,'0007','EXAMEN DE INGRESO Y DE RETIRO','2012-01-31','2030-12-31','PSE','JORGE','2012-01-31 22:17:56'),(14,32,'0008','EXAMEN DE INGRESO Y DE RETIRO','2012-01-31','2030-12-31','PSE','JORGE ','2012-01-31 23:11:20'),(15,34,'0009','EXAMENES DE INGRESO Y DE RETIRO','2012-02-01','2012-12-01','PSE','JORGE','2012-02-01 21:34:11'),(16,40,'0010','EXAMEN DE INGRESO A  PERSONAL','2012-02-03','2030-12-03','PSE','JORGE','2012-02-03 23:32:03'),(17,37,'0011','CASA LIMPIA S.A','0012-01-01','2030-08-08','PSE','JFERRER','2012-08-08 13:02:24'),(18,454,'0012','SALUD EMPRESARIAL IPS SAS','2012-01-01','2030-08-08','PSE','JFERRER','2012-08-08 21:09:34'),(19,456,'0013','CAMARA DE COMERCIO DE CUCUTA','2012-08-08','2030-12-31','PSE','JFERRER','2012-08-08 21:14:41');
/*!40000 ALTER TABLE `contratos` ENABLE KEYS */;
UNLOCK TABLES;

--
-- Table structure for table `decontrato`
--

DROP TABLE IF EXISTS `decontrato`;
SET @saved_cs_client     = @@character_set_client;
SET character_set_client = utf8;
CREATE TABLE `decontrato` (
  `contratoid` int(11) NOT NULL,
  `itemid` int(11) NOT NULL,
  `precio` double NOT NULL,
  PRIMARY KEY  (`contratoid`,`itemid`)
) ENGINE=InnoDB DEFAULT CHARSET=utf8 COMMENT='Detalle de Contrato';
SET character_set_client = @saved_cs_client;

--
-- Dumping data for table `decontrato`
--

LOCK TABLES `decontrato` WRITE;
/*!40000 ALTER TABLE `decontrato` DISABLE KEYS */;
INSERT INTO `decontrato` VALUES (1,1,100),(1,2,200),(2,1,0),(2,2,0),(2,3,150000),(2,4,0),(2,5,0),(2,6,150000),(2,7,0),(2,8,150000),(2,9,150000),(2,10,0),(2,11,0),(2,12,0),(3,1,0),(3,2,0),(3,3,0),(3,4,0),(3,5,0),(3,6,0),(3,7,0),(3,8,0),(3,9,0),(3,10,0),(3,11,0),(3,12,0),(4,1,0),(4,2,0),(4,3,18000),(4,4,0),(4,5,0),(4,6,0),(4,7,0),(4,8,0),(4,9,13000),(4,10,0),(4,11,0),(4,12,0),(5,1,0),(5,2,0),(5,3,18000),(5,4,0),(5,5,0),(5,6,0),(5,7,0),(5,8,0),(5,9,13000),(5,10,0),(5,11,0),(5,12,0),(5,13,36000),(5,15,0),(5,16,0),(5,17,0),(5,18,0),(5,19,0),(5,20,0),(5,21,0),(5,22,0),(5,23,0),(5,24,0),(5,25,0),(5,26,0),(5,27,0),(5,28,0),(5,29,0),(5,30,0),(5,31,0),(5,32,0),(5,33,0),(5,34,0),(5,35,0),(5,36,0),(5,37,0),(5,38,0),(5,39,0),(5,40,0),(5,41,0),(5,42,0),(5,43,0),(5,44,0),(6,1,12000),(6,2,9000),(6,3,23000),(6,4,0),(6,5,0),(6,6,0),(6,7,200000),(6,8,16000),(6,9,16000),(6,10,16000),(6,11,9000),(6,12,9000),(6,13,42000),(6,15,0),(6,16,0),(6,17,42000),(6,18,0),(6,19,10000),(6,20,0),(6,21,10000),(6,22,10000),(6,23,10000),(6,24,0),(6,25,0),(6,26,0),(6,27,10000),(6,28,0),(6,29,0),(6,30,16000),(6,31,0),(6,32,10000),(6,33,8000),(6,34,0),(6,35,35000),(6,36,95000),(6,37,9000),(6,38,20000),(6,39,9000),(6,40,0),(6,41,0),(6,42,0),(6,43,0),(6,44,0),(7,1,0),(7,2,0),(7,3,0),(7,4,0),(7,5,0),(7,6,0),(7,7,0),(7,8,0),(7,9,0),(7,10,0),(7,11,0),(7,12,0),(7,13,0),(7,15,0),(8,1,0),(8,2,0),(8,3,20000),(8,4,0),(8,5,0),(8,6,0),(8,7,0),(8,8,0),(8,9,0),(8,10,0),(8,11,0),(8,12,0),(8,13,0),(8,16,0),(8,17,0),(8,18,0),(8,19,0),(8,20,0),(8,21,0),(8,22,0),(8,23,0),(8,24,0),(8,25,0),(8,26,0),(8,27,0),(8,28,0),(8,29,0),(8,30,0),(8,31,0),(8,32,0),(8,33,0),(8,34,0),(8,35,0),(8,36,0),(8,37,0),(8,38,0),(8,39,0),(8,40,0),(8,41,0),(8,42,0),(8,43,0),(8,44,0),(9,1,0),(9,2,0),(9,3,0),(9,4,0),(9,5,0),(9,6,0),(9,7,0),(9,8,0),(9,9,0),(9,10,0),(9,11,0),(9,12,0),(9,13,0),(9,16,0),(9,17,0),(9,18,0),(9,19,0),(9,20,0),(9,21,0),(9,22,0),(9,23,0),(9,24,0),(9,25,0),(9,26,0),(9,27,0),(9,28,0),(9,29,0),(9,30,0),(9,31,0),(9,32,0),(9,33,0),(9,34,0),(9,35,0),(9,36,0),(9,37,0),(9,38,0),(9,39,0),(9,40,0),(9,41,0),(9,42,0),(9,43,0),(9,44,0),(10,1,0),(10,2,0),(10,3,0),(10,4,0),(10,5,0),(10,6,0),(10,7,0),(10,8,0),(10,9,0),(10,10,0),(10,11,0),(10,12,0),(10,13,0),(10,16,0),(10,17,0),(10,18,0),(10,19,0),(10,20,0),(10,21,0),(10,22,0),(10,23,0),(10,24,0),(10,25,0),(10,26,0),(10,27,0),(10,28,0),(10,29,0),(10,30,0),(10,31,0),(10,32,0),(10,33,0),(10,34,0),(10,35,0),(10,36,0),(10,37,0),(10,38,0),(10,39,0),(10,40,0),(10,41,0),(10,42,0),(10,43,0),(10,44,0),(11,1,0),(11,2,0),(11,3,17500),(11,4,0),(11,5,0),(11,6,0),(11,7,0),(11,8,0),(11,9,0),(11,10,0),(11,11,0),(11,12,0),(11,13,37900),(11,16,0),(11,17,0),(11,18,0),(11,19,0),(11,20,0),(11,21,0),(11,22,0),(11,23,0),(11,24,0),(11,25,0),(11,26,0),(11,27,0),(11,28,0),(11,29,0),(11,30,0),(11,31,0),(11,32,0),(11,33,0),(11,34,0),(11,35,0),(11,36,0),(11,37,0),(11,38,0),(11,39,0),(11,40,0),(11,41,0),(11,42,0),(11,43,0),(11,44,0),(12,1,0),(12,2,0),(12,3,19000),(12,4,0),(12,5,0),(12,6,0),(12,7,200000),(12,8,16000),(12,9,16000),(12,10,16000),(12,11,0),(12,12,0),(12,13,0),(12,16,0),(12,17,0),(12,18,0),(12,19,0),(12,20,0),(12,21,0),(12,22,0),(12,23,0),(12,24,0),(12,25,0),(12,26,0),(12,27,0),(12,28,0),(12,29,0),(12,30,16000),(12,31,0),(12,32,0),(12,33,0),(12,34,0),(12,35,0),(12,36,95000),(12,37,0),(12,38,0),(12,39,0),(12,40,0),(12,41,0),(12,42,0),(12,43,0),(12,44,0),(13,18,0),(13,19,0),(13,20,0),(13,21,0),(13,22,0),(13,23,0),(13,24,0),(13,25,0),(13,26,0),(13,27,0),(13,28,0),(13,29,0),(13,30,0),(13,31,0),(13,32,0),(13,33,0),(13,34,0),(13,35,0),(13,36,0),(13,37,0),(13,38,0),(13,39,0),(13,40,0),(13,41,0),(13,42,0),(13,43,0),(13,44,0),(14,1,0),(14,2,0),(14,3,0),(14,4,0),(14,5,0),(14,6,0),(14,7,0),(14,8,0),(14,9,0),(14,10,0),(14,11,0),(14,12,0),(14,13,0),(14,16,0),(14,17,0),(14,18,0),(14,19,0),(14,20,0),(14,21,0),(14,22,0),(14,23,0),(14,24,0),(14,25,0),(14,26,0),(14,27,0),(14,28,0),(14,29,0),(14,30,0),(14,31,0),(14,32,0),(14,33,0),(14,34,0),(14,35,0),(14,36,0),(14,37,0),(14,38,0),(14,39,0),(14,40,0),(14,41,0),(14,42,0),(14,43,0),(14,44,0),(15,1,0),(15,2,0),(15,3,0),(15,4,0),(15,5,0),(15,6,0),(15,7,0),(15,8,0),(15,9,0),(15,10,0),(15,11,0),(15,12,0),(15,13,0),(15,16,0),(15,17,0),(15,18,0),(15,19,0),(15,20,0),(15,21,0),(15,22,0),(15,23,0),(15,24,0),(15,25,0),(15,26,0),(15,27,0),(15,28,0),(15,29,0),(15,30,0),(15,31,0),(15,32,0),(15,33,0),(15,34,0),(15,35,0),(15,36,0),(15,37,0),(15,38,0),(15,39,0),(15,40,0),(15,41,0),(15,42,0),(15,43,0),(15,44,0),(16,1,0),(16,2,0),(16,3,0),(16,4,0),(16,5,0),(16,6,0),(16,7,0),(16,8,15000),(16,9,0),(16,10,15000),(16,11,0),(16,12,0),(16,13,0),(16,16,0),(16,17,0),(16,18,0),(16,19,0),(16,20,0),(16,21,9000),(16,22,0),(16,23,0),(16,24,0),(16,25,0),(16,26,0),(16,27,0),(16,28,0),(16,29,0),(16,30,0),(16,31,0),(16,32,0),(16,33,0),(16,34,0),(16,35,0),(16,36,0),(16,37,0),(16,38,0),(16,39,0),(16,40,0),(16,41,0),(16,42,0),(16,43,0),(16,44,0),(17,1,11000),(17,2,0),(17,3,19000),(17,4,0),(17,5,0),(17,6,0),(17,7,0),(17,8,0),(17,9,0),(17,10,0),(17,11,0),(17,12,0),(17,13,0),(17,16,0),(17,17,0),(17,18,0),(17,19,0),(17,20,0),(17,21,0),(17,22,0),(17,23,0),(17,24,0),(17,25,0),(17,26,0),(17,27,0),(17,28,0),(17,29,0),(17,30,0),(17,31,0),(17,32,0),(17,33,0),(17,34,0),(17,35,0),(17,36,0),(17,37,0),(17,38,0),(17,39,0),(17,41,0),(17,42,0),(17,43,0),(17,44,0),(18,1,0),(18,2,0),(18,3,0),(18,4,0),(18,5,0),(18,6,0),(18,7,0),(18,8,0),(18,9,0),(18,10,0),(18,11,0),(18,12,0),(18,13,0),(18,16,0),(18,17,0),(18,18,0),(18,19,0),(18,20,0),(18,21,0),(18,22,0),(18,23,0),(18,24,0),(18,25,0),(18,26,0),(18,27,0),(18,28,0),(18,29,0),(18,30,0),(18,31,0),(18,32,0),(18,33,0),(18,34,0),(18,35,0),(18,36,0),(18,37,0),(18,38,0),(18,39,0),(18,41,0),(18,42,0),(18,43,0),(18,44,0),(19,1,0),(19,2,0),(19,3,20000),(19,4,0),(19,5,0),(19,6,0),(19,7,0),(19,8,0),(19,9,0),(19,10,0),(19,11,0),(19,12,0),(19,13,0),(19,16,0),(19,17,0),(19,18,0),(19,19,0),(19,20,0),(19,21,0),(19,22,0),(19,23,0),(19,24,0),(19,25,0),(19,26,0),(19,27,0),(19,28,0),(19,29,0),(19,30,0),(19,31,0),(19,32,0),(19,33,0),(19,34,0),(19,35,0),(19,36,0),(19,37,0),(19,38,0),(19,39,0),(19,41,0),(19,42,0),(19,43,0),(19,44,0);
/*!40000 ALTER TABLE `decontrato` ENABLE KEYS */;
UNLOCK TABLES;

--
-- Table structure for table `dedocumentos`
--

DROP TABLE IF EXISTS `dedocumentos`;
SET @saved_cs_client     = @@character_set_client;
SET character_set_client = utf8;
CREATE TABLE `dedocumentos` (
  `dedocumid` bigint(20) NOT NULL auto_increment,
  `docuid` bigint(20) NOT NULL,
  `itemid` bigint(20) NOT NULL,
  `bodegaid` int(11) NOT NULL,
  `cantidad` double NOT NULL,
  `valunitario` double NOT NULL,
  `valdescuento` double NOT NULL,
  `valparcial` double NOT NULL,
  `porciva` double NOT NULL,
  `valbase` double NOT NULL default '0',
  `valiva` double NOT NULL default '0',
  `productoidvar` bigint(20) NOT NULL,
  `prorea` int(11) NOT NULL,
  PRIMARY KEY  (`dedocumid`),
  KEY `docuid` (`docuid`),
  KEY `itemid` (`itemid`),
  KEY `bodegaid` (`bodegaid`),
  CONSTRAINT `dedocumentos_ibfk_1` FOREIGN KEY (`docuid`) REFERENCES `documentos` (`docuid`),
  CONSTRAINT `dedocumentos_ibfk_2` FOREIGN KEY (`itemid`) REFERENCES `item` (`itemid`),
  CONSTRAINT `dedocumentos_ibfk_3` FOREIGN KEY (`bodegaid`) REFERENCES `bodegas` (`bodegaid`)
) ENGINE=InnoDB AUTO_INCREMENT=1535 DEFAULT CHARSET=utf8 COMMENT='Detalle de Documentos';
SET character_set_client = @saved_cs_client;

--
-- Dumping data for table `dedocumentos`
--

LOCK TABLES `dedocumentos` WRITE;
/*!40000 ALTER TABLE `dedocumentos` DISABLE KEYS */;
INSERT INTO `dedocumentos` VALUES (1,6,3,1,1,18000,0,18000,0,18000,0,0,0),(2,6,13,1,1,35000,0,35000,0,35000,0,0,0),(3,6,9,1,1,13000,0,13000,0,13000,0,0,0),(4,7,3,1,1,20000,0,20000,0,20000,0,0,0),(5,8,3,1,1,18000,0,18000,0,18000,0,0,0),(6,8,9,1,1,13000,0,13000,0,13000,0,0,0),(7,8,13,1,1,35000,0,35000,0,35000,0,0,0),(8,9,3,1,1,18000,0,18000,0,18000,0,0,0),(9,9,9,1,1,13000,0,13000,0,13000,0,0,0),(10,9,13,1,1,35000,0,35000,0,35000,0,0,0),(20,15,17,1,9,40000,0,360000,0,360000,0,0,0),(27,34,3,1,50,18000,0,900000,0,900000,0,0,0),(28,34,13,1,50,37000,0,1850000,0,1850000,0,0,0),(29,34,8,1,50,13000,0,650000,0,650000,0,0,0),(30,34,9,1,50,13000,0,650000,0,650000,0,0,0),(34,38,3,1,1,23000,0,23000,0,23000,0,0,0),(38,42,3,1,8,19000,0,152000,0,152000,0,0,0),(39,43,3,1,3,18000,0,54000,0,54000,0,0,0),(40,44,3,1,6,18000,0,108000,0,108000,0,0,0),(43,41,3,1,218,17500,0,3815000,0,3815000,0,0,0),(44,41,1,1,105,11000,0,1155000,0,1155000,0,0,0),(45,41,9,1,4,15000,0,60000,0,60000,0,0,0),(46,41,8,1,6,17000,0,102000,0,102000,0,0,0),(47,41,13,1,15,37900,0,568500,0,568500,0,0,0),(48,41,18,1,1,25000,0,25000,0,25000,0,0,0),(49,45,3,1,1,23000,0,23000,0,23000,0,0,0),(50,46,3,1,2,18000,0,36000,0,36000,0,0,0),(51,46,9,1,2,13000,0,26000,0,26000,0,0,0),(52,46,13,1,2,35000,0,70000,0,70000,0,0,0),(54,48,3,1,12,19000,0,228000,0,228000,0,0,0),(55,48,13,1,4,39000,0,156000,0,156000,0,0,0),(56,48,10,1,6,14000,0,84000,0,84000,0,0,0),(57,48,9,1,5,14000,0,70000,0,70000,0,0,0),(58,48,1,1,3,11000,0,33000,0,33000,0,0,0),(61,49,3,1,13,18000,0,234000,0,234000,0,0,0),(62,49,9,1,13,13000,0,169000,0,169000,0,0,0),(63,49,13,1,13,36000,0,468000,0,468000,0,0,0),(64,50,3,1,1,23000,0,23000,0,23000,0,0,0),(65,51,3,1,1,19000,0,19000,0,19000,0,0,0),(66,51,1,1,1,11000,0,11000,0,11000,0,0,0),(67,52,3,1,3,20000,0,60000,0,60000,0,0,0),(68,53,3,1,1,20000,0,20000,0,20000,0,0,0),(69,53,1,1,1,11000,0,11000,0,11000,0,0,0),(70,54,3,1,1,19000,0,19000,0,19000,0,0,0),(71,54,19,1,1,9000,0,9000,0,9000,0,0,0),(72,55,3,1,1,23000,0,23000,0,23000,0,0,0),(74,52,8,1,3,15000,0,45000,0,45000,0,0,0),(75,52,10,1,3,15000,0,45000,0,45000,0,0,0),(77,52,21,1,2,9000,0,18000,0,18000,0,0,0),(78,52,22,1,3,9000,0,27000,0,27000,0,0,0),(79,52,12,1,3,9000,0,27000,0,27000,0,0,0),(80,52,23,1,3,9000,0,27000,0,27000,0,0,0),(82,52,24,1,2,39000,0,78000,0,78000,0,0,0),(83,52,25,1,2,39000,0,78000,0,78000,0,0,0),(84,52,26,1,3,9000,0,27000,0,27000,0,0,0),(85,52,27,1,3,9000,0,27000,0,27000,0,0,0),(86,52,28,1,2,60000,0,120000,0,120000,0,0,0),(87,52,29,1,2,60000,0,120000,0,120000,0,0,0),(88,57,10,1,1,15000,0,15000,0,15000,0,0,21),(89,57,3,1,1,18000,0,18000,0,18000,0,0,21),(90,57,13,1,1,33000,0,33000,0,33000,0,0,21),(92,57,9,1,1,12000,0,12000,0,12000,0,0,21),(93,57,8,1,1,12000,0,12000,0,12000,0,0,21),(100,69,3,1,1,23000,0,23000,0,23000,0,0,0),(103,72,3,1,1,18000,0,18000,0,18000,0,0,0),(104,73,3,1,1,20000,0,20000,0,20000,0,0,0),(105,72,9,1,1,13000,0,13000,0,13000,0,0,0),(106,72,13,1,1,35000,0,35000,0,35000,0,0,0),(107,74,3,1,1,23000,0,23000,0,23000,0,0,0),(108,75,17,1,28,27000,0,756000,0,756000,0,0,0),(109,76,3,1,1,23000,0,23000,0,23000,0,0,0),(110,77,3,1,1,18000,0,18000,0,18000,0,0,0),(111,77,13,1,1,35000,0,35000,0,35000,0,0,0),(112,77,9,1,1,13000,0,13000,0,13000,0,0,0),(113,78,9,1,1,13000,0,13000,0,13000,0,0,0),(114,78,3,1,1,18000,0,18000,0,18000,0,0,0),(115,78,13,1,1,35000,0,35000,0,35000,0,0,0),(116,79,13,1,1,35000,0,35000,0,35000,0,0,0),(117,79,3,1,1,18000,0,18000,0,18000,0,0,0),(118,79,9,1,1,13000,0,13000,0,13000,0,0,0),(119,80,3,1,1,23000,0,23000,0,23000,0,0,0),(120,81,3,1,1,18000,0,18000,0,18000,0,0,0),(121,81,13,1,1,35000,0,35000,0,35000,0,0,0),(122,81,9,1,1,13000,0,13000,0,13000,0,0,0),(130,83,13,1,1,33000,0,33000,0,33000,0,0,0),(131,83,3,1,1,18000,0,18000,0,18000,0,0,0),(132,83,9,1,1,12000,0,12000,0,12000,0,0,0),(133,83,8,1,1,12000,0,12000,0,12000,0,0,0),(134,83,10,1,1,15000,0,15000,0,15000,0,0,0),(135,84,3,1,1,23000,0,23000,0,23000,0,0,0),(136,85,3,1,1,18000,0,18000,0,18000,0,0,0),(137,85,9,1,1,13000,0,13000,0,13000,0,0,0),(138,85,13,1,1,35000,0,35000,0,35000,0,0,0),(139,86,3,1,1,18000,0,18000,0,18000,0,0,0),(140,86,9,1,1,13000,0,13000,0,13000,0,0,0),(141,86,13,1,1,35000,0,35000,0,35000,0,0,0),(142,87,3,1,1,18000,0,18000,0,18000,0,0,0),(143,87,9,1,1,13000,0,13000,0,13000,0,0,0),(144,87,13,1,1,35000,0,35000,0,35000,0,0,0),(148,89,3,1,1,23000,0,23000,0,23000,0,0,0),(149,91,3,1,1,23000,0,23000,0,23000,0,0,0),(151,92,3,1,1,23000,0,23000,0,23000,0,0,0),(152,93,3,1,1,18000,0,18000,0,18000,0,0,0),(153,93,13,1,1,33000,0,33000,0,33000,0,0,0),(154,93,9,1,1,12000,0,12000,0,12000,0,0,0),(155,93,10,1,1,15000,0,15000,0,15000,0,0,0),(156,93,8,1,1,12000,0,12000,0,12000,0,0,0),(157,94,3,1,1,20000,0,20000,0,20000,0,0,0),(158,95,3,1,1,20000,0,20000,0,20000,0,0,0),(159,96,3,1,1,20000,0,20000,0,20000,0,0,0),(160,96,1,1,1,11000,0,11000,0,11000,0,0,0),(161,97,3,1,1,23000,0,23000,0,23000,0,0,0),(162,98,3,1,1,18000,0,18000,0,18000,0,0,0),(163,98,9,1,1,13000,0,13000,0,13000,0,0,0),(164,98,13,1,1,35000,0,35000,0,35000,0,0,0),(165,99,3,1,1,18000,0,18000,0,18000,0,0,0),(166,99,9,1,1,13000,0,13000,0,13000,0,0,0),(167,99,13,1,1,35000,0,35000,0,35000,0,0,0),(168,100,3,1,1,20000,0,20000,0,20000,0,0,0),(169,100,1,1,1,11000,0,11000,0,11000,0,0,0),(170,101,3,1,1,23000,0,23000,0,23000,0,0,0),(171,102,3,1,1,23000,0,23000,0,23000,0,0,0),(172,103,3,1,1,20000,0,20000,0,20000,0,0,0),(173,104,3,1,1,18000,0,18000,0,18000,0,0,0),(175,104,10,1,1,15000,0,15000,0,15000,0,0,0),(176,104,8,1,1,12000,0,12000,0,12000,0,0,0),(177,104,13,1,1,33000,0,33000,0,33000,0,0,0),(178,104,9,1,1,12000,0,12000,0,12000,0,0,0),(179,105,30,1,1,15000,0,15000,0,15000,0,0,0),(180,106,30,1,1,15000,0,15000,0,15000,0,0,0),(181,107,3,1,1,18000,0,18000,0,18000,0,0,0),(182,107,8,1,1,12000,0,12000,0,12000,0,0,0),(183,107,9,1,1,12000,0,12000,0,12000,0,0,0),(184,107,13,1,1,33000,0,33000,0,33000,0,0,0),(185,107,10,1,1,15000,0,15000,0,15000,0,0,0),(186,108,13,1,1,39000,0,39000,0,39000,0,0,0),(187,108,31,1,1,21000,0,21000,0,21000,0,0,0),(188,109,3,1,1,23000,0,23000,0,23000,0,0,0),(189,110,1,1,1,12000,0,12000,0,12000,0,0,0),(190,110,3,1,1,20000,0,20000,0,20000,0,0,0),(191,111,3,1,108,17500,0,1890000,0,1890000,0,0,0),(192,111,1,1,58,11000,0,638000,0,638000,0,0,0),(193,111,13,1,13,37900,0,492700,0,492700,0,0,0),(194,111,9,1,15,15000,0,225000,0,225000,0,0,0),(195,111,8,1,15,17000,0,255000,0,255000,0,0,0),(196,111,17,1,1,40000,0,40000,0,40000,0,0,0),(197,111,32,1,2,8000,0,16000,0,16000,0,0,0),(198,111,33,1,2,6000,0,12000,0,12000,0,0,0),(199,111,19,1,1,8000,0,8000,0,8000,0,0,0),(200,112,3,1,1,18000,0,18000,0,18000,0,0,0),(201,112,13,1,1,35000,0,35000,0,35000,0,0,0),(202,112,9,1,1,13000,0,13000,0,13000,0,0,0),(203,113,13,1,1,35000,0,35000,0,35000,0,0,0),(204,114,3,1,1,23000,0,23000,0,23000,0,0,0),(205,115,3,1,1,18000,0,18000,0,18000,0,0,0),(206,115,9,1,1,13000,0,13000,0,13000,0,0,0),(207,115,13,1,1,35000,0,35000,0,35000,0,0,0),(208,116,13,1,1,39000,0,39000,0,39000,0,0,0),(209,116,3,1,1,20000,0,20000,0,20000,0,0,0),(210,117,3,1,1,23000,0,23000,0,23000,0,0,0),(211,118,3,1,3,20000,0,60000,0,60000,0,0,0),(212,119,1,1,1,12000,0,12000,0,12000,0,0,0),(213,120,3,1,1,18000,0,18000,0,18000,0,0,0),(214,120,9,1,1,13000,0,13000,0,13000,0,0,0),(215,120,13,1,1,35000,0,35000,0,35000,0,0,0),(216,121,3,1,1,18000,0,18000,0,18000,0,0,0),(218,121,9,1,1,13000,0,13000,0,13000,0,0,0),(219,122,13,1,1,35000,0,35000,0,35000,0,0,0),(220,122,3,1,1,18000,0,18000,0,18000,0,0,0),(222,122,9,1,1,13000,0,13000,0,13000,0,0,0),(223,123,3,1,1,18000,0,18000,0,18000,0,0,0),(224,123,13,1,1,35000,0,35000,0,35000,0,0,0),(225,123,9,1,1,13000,0,13000,0,13000,0,0,0),(226,124,9,1,1,13000,0,13000,0,13000,0,0,0),(227,124,13,1,1,35000,0,35000,0,35000,0,0,0),(228,124,3,1,1,18000,0,18000,0,18000,0,0,0),(229,125,3,1,1,18000,0,18000,0,18000,0,0,0),(230,125,13,1,1,35000,0,35000,0,35000,0,0,0),(231,125,9,1,1,13000,0,13000,0,13000,0,0,0),(232,126,9,1,1,12000,0,12000,0,12000,0,0,0),(234,126,13,1,1,33000,0,33000,0,33000,0,0,0),(235,126,3,1,1,18000,0,18000,0,18000,0,0,0),(236,126,10,1,1,15000,0,15000,0,15000,0,0,0),(237,126,8,1,1,12000,0,12000,0,12000,0,0,0),(238,127,13,1,1,35000,0,35000,0,35000,0,0,0),(239,127,9,1,1,13000,0,13000,0,13000,0,0,0),(240,127,3,1,1,18000,0,18000,0,18000,0,0,0),(241,128,30,1,1,15000,0,15000,0,15000,0,0,0),(242,129,3,1,1,18000,0,18000,0,18000,0,0,0),(243,129,9,1,1,13000,0,13000,0,13000,0,0,0),(244,129,13,1,1,35000,0,35000,0,35000,0,0,0),(245,130,3,1,16,18000,0,288000,0,288000,0,0,0),(246,130,9,1,16,13000,0,208000,0,208000,0,0,0),(247,130,8,1,16,13000,0,208000,0,208000,0,0,0),(248,130,13,1,15,37000,0,555000,0,555000,0,0,0),(249,130,1,1,1,11000,0,11000,0,11000,0,0,0),(250,130,1,1,1,8000,0,8000,0,8000,0,0,0),(251,130,10,1,1,15000,0,15000,0,15000,0,0,0),(252,131,13,1,1,39000,0,39000,0,39000,0,0,0),(253,132,3,1,3,20000,0,60000,0,60000,0,0,0),(255,132,8,1,3,15000,0,45000,0,45000,0,0,0),(256,132,29,1,2,60000,0,120000,0,120000,0,0,0),(258,132,28,1,1,50000,0,50000,0,50000,0,0,0),(259,132,34,1,2,10000,0,20000,0,20000,0,0,0),(260,132,27,1,3,9000,0,27000,0,27000,0,0,0),(261,132,23,1,3,9000,0,27000,0,27000,0,0,0),(262,132,22,1,3,9000,0,27000,0,27000,0,0,0),(263,132,26,1,3,9000,0,27000,0,27000,0,0,0),(264,132,12,1,3,9000,0,27000,0,27000,0,0,0),(265,132,21,1,2,9000,0,18000,0,18000,0,0,0),(266,132,24,1,2,39000,0,78000,0,78000,0,0,0),(267,132,25,1,2,39000,0,78000,0,78000,0,0,0),(268,132,10,1,3,15000,0,45000,0,45000,0,0,0),(269,56,3,1,1,19000,0,19000,0,19000,0,0,0),(270,133,9,1,1,12000,0,12000,0,12000,0,0,0),(271,133,13,1,1,33000,0,33000,0,33000,0,0,0),(272,133,3,1,1,18000,0,18000,0,18000,0,0,0),(273,133,10,1,1,15000,0,15000,0,15000,0,0,0),(274,133,8,1,1,12000,0,12000,0,12000,0,0,0),(275,134,13,1,1,39000,0,39000,0,39000,0,0,0),(276,135,13,1,1,39000,0,39000,0,39000,0,0,0),(277,136,13,1,1,39000,0,39000,0,39000,0,0,0),(278,137,3,1,1,23000,0,23000,0,23000,0,0,0),(279,138,3,1,1,23000,0,23000,0,23000,0,0,0),(280,139,13,1,1,39000,0,39000,0,39000,0,0,0),(281,140,13,1,1,33000,0,33000,0,33000,0,0,0),(282,141,13,1,1,39000,0,39000,0,39000,0,0,0),(283,142,3,1,1,18000,0,18000,0,18000,0,0,0),(284,142,9,1,1,13000,0,13000,0,13000,0,0,0),(285,142,13,1,1,35000,0,35000,0,35000,0,0,0),(286,143,3,1,1,23000,0,23000,0,23000,0,0,0),(287,144,17,1,1,18000,0,18000,0,18000,0,0,0),(288,144,13,1,1,35000,0,35000,0,35000,0,0,0),(289,144,9,1,1,13000,0,13000,0,13000,0,0,0),(290,145,3,1,1,23000,0,23000,0,23000,0,0,0),(291,146,3,1,1,23000,0,23000,0,23000,0,0,0),(292,147,3,1,1,18000,0,18000,0,18000,0,0,0),(293,147,8,1,1,12000,0,12000,0,12000,0,0,0),(294,147,9,1,1,12000,0,12000,0,12000,0,0,0),(295,147,10,1,1,15000,0,15000,0,15000,0,0,0),(296,147,13,1,1,33000,0,33000,0,33000,0,0,0),(297,148,3,1,1,23000,0,23000,0,23000,0,0,0),(298,149,30,1,1,15000,0,15000,0,15000,0,0,0),(299,150,3,1,1,18000,0,18000,0,18000,0,0,0),(300,150,8,1,1,12000,0,12000,0,12000,0,0,0),(301,150,9,1,1,12000,0,12000,0,12000,0,0,0),(302,150,10,1,1,15000,0,15000,0,15000,0,0,0),(303,150,13,1,1,33000,0,33000,0,33000,0,0,0),(304,151,8,1,1,15000,0,15000,0,15000,0,0,0),(305,151,10,1,1,15000,0,15000,0,15000,0,0,0),(307,152,3,1,1,20000,0,20000,0,20000,0,0,0),(308,152,1,1,1,11000,0,11000,0,11000,0,0,0),(309,153,3,1,87,19000,0,1653000,0,1653000,0,0,0),(310,154,13,1,1,33000,0,33000,0,33000,0,0,0),(311,155,3,1,1,18000,0,18000,0,18000,0,0,0),(312,155,9,1,1,13000,0,13000,0,13000,0,0,0),(313,155,13,1,1,35000,0,35000,0,35000,0,0,0),(314,156,3,1,1,18000,0,18000,0,18000,0,0,0),(315,156,9,1,1,13000,0,13000,0,13000,0,0,0),(316,156,13,1,1,35000,0,35000,0,35000,0,0,0),(317,157,13,1,1,35000,0,35000,0,35000,0,0,0),(318,157,3,1,1,18000,0,18000,0,18000,0,0,0),(319,157,9,1,1,13000,0,13000,0,13000,0,0,0),(320,158,13,1,1,39000,0,39000,0,39000,0,0,0),(321,159,3,1,19,18000,0,342000,0,342000,0,0,0),(322,159,1,1,8,11000,0,88000,0,88000,0,0,0),(323,160,3,1,1,18000,0,18000,0,18000,0,0,0),(324,160,8,1,1,12000,0,12000,0,12000,0,0,0),(325,160,9,1,1,12000,0,12000,0,12000,0,0,0),(326,160,10,1,1,15000,0,15000,0,15000,0,0,0),(327,160,13,1,1,33000,0,33000,0,33000,0,0,0),(328,161,3,1,1,23000,0,23000,0,23000,0,0,0),(329,162,3,1,1,23000,0,23000,0,23000,0,0,0),(330,163,3,1,1,18000,0,18000,0,18000,0,0,0),(331,163,9,1,1,13000,0,13000,0,13000,0,0,0),(332,163,13,1,1,35000,0,35000,0,35000,0,0,0),(333,164,3,1,1,18000,0,18000,0,18000,0,0,0),(334,164,8,1,1,12000,0,12000,0,12000,0,0,0),(335,164,9,1,1,12000,0,12000,0,12000,0,0,0),(336,164,10,1,1,15000,0,15000,0,15000,0,0,0),(337,164,13,1,1,33000,0,33000,0,33000,0,0,0),(338,165,3,1,1,18000,0,18000,0,18000,0,0,0),(339,165,9,1,1,13000,0,13000,0,13000,0,0,0),(340,165,13,1,1,35000,0,35000,0,35000,0,0,0),(341,166,3,1,1,18000,0,18000,0,18000,0,0,0),(342,166,9,1,1,13000,0,13000,0,13000,0,0,0),(343,166,13,1,1,35000,0,35000,0,35000,0,0,0),(344,167,3,1,1,18000,0,18000,0,18000,0,0,0),(345,167,13,1,1,33000,0,33000,0,33000,0,0,0),(346,167,9,1,1,11000,0,11000,0,11000,0,0,0),(347,168,13,1,1,35000,0,35000,0,35000,0,0,0),(348,169,9,1,1,13000,0,13000,0,13000,0,0,0),(349,170,3,1,1,18000,0,18000,0,18000,0,0,0),(350,170,8,1,1,12000,0,12000,0,12000,0,0,0),(351,170,9,1,1,12000,0,12000,0,12000,0,0,0),(352,170,10,1,1,15000,0,15000,0,15000,0,0,0),(353,170,13,1,1,33000,0,33000,0,33000,0,0,0),(354,171,3,1,1,19000,0,19000,0,19000,0,0,0),(355,172,3,1,1,18000,0,18000,0,18000,0,0,0),(356,173,3,1,1,23000,0,23000,0,23000,0,0,0),(357,174,3,1,6,19000,0,114000,0,114000,0,0,0),(358,174,1,1,4,11000,0,44000,0,44000,0,0,0),(359,174,9,1,3,14000,0,42000,0,42000,0,0,0),(360,175,3,1,1,18000,0,18000,0,18000,0,0,0),(361,175,9,1,1,13000,0,13000,0,13000,0,0,0),(362,175,13,1,1,35000,0,35000,0,35000,0,0,0),(365,176,3,1,8,18000,0,144000,0,144000,0,0,0),(366,176,9,1,7,13000,0,91000,0,91000,0,0,0),(367,176,8,1,7,13000,0,91000,0,91000,0,0,0),(368,176,1,1,1,11000,0,11000,0,11000,0,0,0),(369,176,1,1,1,8000,0,8000,0,8000,0,0,0),(370,176,10,1,3,15000,0,45000,0,45000,0,0,0),(371,176,13,1,7,37000,0,259000,0,259000,0,0,0),(372,177,3,1,8,18500,0,148000,0,148000,0,0,0),(373,177,1,1,3,10000,0,30000,0,30000,0,0,0),(374,177,1,1,5,8000,0,40000,0,40000,0,0,0),(375,178,13,1,1,38000,0,38000,0,38000,0,0,0),(376,179,3,1,1,23000,0,23000,0,23000,0,0,0),(377,179,9,1,1,16000,0,16000,0,16000,0,0,0),(378,180,3,1,1,20000,0,20000,0,20000,0,0,0),(379,180,1,1,1,11000,0,11000,0,11000,0,0,0),(381,182,3,1,38,19000,0,722000,0,722000,0,0,0),(382,183,3,1,1,18000,0,18000,0,18000,0,0,0),(383,183,9,1,1,13000,0,13000,0,13000,0,0,0),(384,183,13,1,1,35000,0,35000,0,35000,0,0,0),(385,184,3,1,1,23000,0,23000,0,23000,0,0,0),(386,185,3,1,78,18000,0,1404000,0,1404000,0,0,0),(387,185,1,1,73,11000,0,803000,0,803000,0,0,0),(388,186,3,1,9,19000,0,171000,0,171000,0,0,0),(391,186,16,1,4,27000,0,108000,0,108000,0,0,0),(392,187,3,1,1,20000,0,20000,0,20000,0,0,0),(393,187,1,1,1,11000,0,11000,0,11000,0,0,0),(394,188,3,1,1,23000,0,23000,0,23000,0,0,0),(396,190,3,1,8,18000,0,144000,0,144000,0,0,0),(397,191,3,1,3,18000,0,54000,0,54000,0,0,0),(398,193,3,1,147,17500,0,2572500,0,2572500,0,0,0),(399,193,1,1,53,11000,0,583000,0,583000,0,0,0),(400,193,13,1,44,37900,0,1667600,0,1667600,0,0,0),(401,193,9,1,15,15000,0,225000,0,225000,0,0,0),(402,193,16,1,1,29000,0,29000,0,29000,0,0,0),(403,193,10,1,1,12000,0,12000,0,12000,0,0,0),(404,193,8,1,18,17000,0,306000,0,306000,0,0,0),(413,194,3,1,1,20000,0,20000,0,20000,0,0,0),(414,191,10,1,1,15000,0,15000,0,15000,0,0,0),(415,195,3,1,1,23000,0,23000,0,23000,0,0,0),(416,197,3,1,1,23000,0,23000,0,23000,0,0,0),(417,196,3,1,1,18000,0,18000,0,18000,0,0,0),(418,196,8,1,1,12000,0,12000,0,12000,0,0,0),(419,196,9,1,1,12000,0,12000,0,12000,0,0,0),(420,196,10,1,1,15000,0,15000,0,15000,0,0,0),(421,196,13,1,1,33000,0,33000,0,33000,0,0,0),(422,198,3,1,1,23000,0,23000,0,23000,0,0,0),(423,199,13,1,1,39000,0,39000,0,39000,0,0,0),(424,200,3,1,1,18000,0,18000,0,18000,0,0,0),(425,200,9,1,1,13000,0,13000,0,13000,0,0,0),(426,200,13,1,1,35000,0,35000,0,35000,0,0,0),(427,201,3,1,1,18000,0,18000,0,18000,0,0,0),(428,201,9,1,1,12000,0,12000,0,12000,0,0,0),(429,201,13,1,1,33000,0,33000,0,33000,0,0,0),(430,201,10,1,1,15000,0,15000,0,15000,0,0,0),(431,201,8,1,1,12000,0,12000,0,12000,0,0,0),(432,202,3,1,1,23000,0,23000,0,23000,0,0,0),(433,203,3,1,1,23000,0,23000,0,23000,0,0,0),(434,204,3,1,1,23000,0,23000,0,23000,0,0,0),(435,201,13,1,1,33000,0,33000,0,33000,0,0,0),(436,205,3,1,1,23000,0,23000,0,23000,0,0,0),(437,206,13,1,1,39000,0,39000,0,39000,0,0,0),(438,206,3,1,1,20000,0,20000,0,20000,0,0,0),(440,206,10,1,1,15000,0,15000,0,15000,0,0,0),(442,207,3,1,1,18000,0,18000,0,18000,0,0,0),(443,207,9,1,1,13000,0,13000,0,13000,0,0,0),(444,207,13,1,1,35000,0,35000,0,35000,0,0,0),(446,208,3,1,1,23000,0,23000,0,23000,0,0,0),(447,209,3,1,11,19000,0,209000,0,209000,0,0,0),(448,209,33,1,3,8000,0,24000,0,24000,0,0,0),(449,209,32,1,2,10000,0,20000,0,20000,0,0,0),(450,209,19,1,2,10000,0,20000,0,20000,0,0,0),(451,209,10,1,1,16000,0,16000,0,16000,0,0,0),(454,210,3,1,1,23000,0,23000,0,23000,0,0,0),(457,212,33,1,1,10000,0,10000,0,10000,0,0,0),(458,213,3,1,1,18000,0,18000,0,18000,0,0,0),(459,213,9,1,1,13000,0,13000,0,13000,0,0,0),(460,213,13,1,1,35000,0,35000,0,35000,0,0,0),(461,214,13,1,1,35000,0,35000,0,35000,0,0,0),(462,214,3,1,1,18000,0,18000,0,18000,0,0,0),(463,214,9,1,1,13000,0,13000,0,13000,0,0,0),(464,215,9,1,1,13000,0,13000,0,13000,0,0,0),(465,215,13,1,1,35000,0,35000,0,35000,0,0,0),(466,215,3,1,1,18000,0,18000,0,18000,0,0,0),(467,216,3,1,1,18000,0,18000,0,18000,0,0,0),(468,216,13,1,1,35000,0,35000,0,35000,0,0,0),(469,216,9,1,1,13000,0,13000,0,13000,0,0,0),(470,217,9,1,1,13000,0,13000,0,13000,0,0,0),(471,217,13,1,1,35000,0,35000,0,35000,0,0,0),(472,217,3,1,1,18000,0,18000,0,18000,0,0,0),(474,218,13,1,1,35000,0,35000,0,35000,0,0,0),(475,218,9,1,1,13000,0,13000,0,13000,0,0,0),(476,218,3,1,1,18000,0,18000,0,18000,0,0,0),(477,219,3,1,1,18000,0,18000,0,18000,0,0,0),(478,219,9,1,1,13000,0,13000,0,13000,0,0,0),(479,219,13,1,1,35000,0,35000,0,35000,0,0,0),(480,221,13,1,1,40000,0,40000,0,40000,0,0,0),(481,223,3,1,1,18000,0,18000,0,18000,0,0,0),(482,223,9,1,1,12000,0,12000,0,12000,0,0,0),(483,223,13,1,1,33000,0,33000,0,33000,0,0,0),(484,223,10,1,1,15000,0,15000,0,15000,0,0,0),(485,223,8,1,1,12000,0,12000,0,12000,0,0,0),(486,224,30,1,1,15000,0,15000,0,15000,0,0,0),(487,225,3,1,1,18000,0,18000,0,18000,0,0,0),(488,225,9,1,1,13000,0,13000,0,13000,0,0,0),(489,225,13,1,1,35000,0,35000,0,35000,0,0,0),(490,226,13,1,1,35000,0,35000,0,35000,0,0,0),(491,226,9,1,1,13000,0,13000,0,13000,0,0,0),(492,226,3,1,1,18000,0,18000,0,18000,0,0,0),(493,227,13,1,1,35000,0,35000,0,35000,0,0,0),(494,228,3,1,1,18000,0,18000,0,18000,0,0,0),(495,228,9,1,1,13000,0,13000,0,13000,0,0,0),(496,229,3,1,1,23000,0,23000,0,23000,0,0,0),(497,230,3,1,1,18000,0,18000,0,18000,0,0,0),(498,230,9,1,1,12000,0,12000,0,12000,0,0,0),(499,230,13,1,1,33000,0,33000,0,33000,0,0,0),(500,230,10,1,1,15000,0,15000,0,15000,0,0,0),(501,230,8,1,1,12000,0,12000,0,12000,0,0,0),(502,231,3,1,1,18000,0,18000,0,18000,0,0,0),(503,231,9,1,1,13000,0,13000,0,13000,0,0,0),(504,231,13,1,1,35000,0,35000,0,35000,0,0,0),(505,232,13,1,1,35000,0,35000,0,35000,0,0,0),(506,232,3,1,1,18000,0,18000,0,18000,0,0,0),(507,232,9,1,1,13000,0,13000,0,13000,0,0,0),(510,234,3,1,1,23000,0,23000,0,23000,0,0,0),(511,235,13,1,1,39000,0,39000,0,39000,0,0,0),(512,236,13,1,1,39000,0,39000,0,39000,0,0,0),(513,237,3,1,1,23000,0,23000,0,23000,0,0,0),(514,238,3,1,127,17500,0,2222500,0,2222500,0,0,0),(515,238,1,1,33,11000,0,363000,0,363000,0,0,0),(516,238,8,1,6,17000,0,102000,0,102000,0,0,0),(517,238,9,1,5,15000,0,75000,0,75000,0,0,0),(519,238,13,1,12,37900,0,454800,0,454800,0,0,0),(520,239,3,1,1,23000,0,23000,0,23000,0,0,0),(521,239,13,1,1,39000,0,39000,0,39000,0,0,0),(522,239,10,1,1,16000,0,16000,0,16000,0,0,0),(523,233,3,1,1,19000,0,19000,0,19000,0,0,0),(524,233,1,1,1,11000,0,11000,0,11000,0,0,0),(525,240,3,1,1,23000,0,23000,0,23000,0,0,0),(526,241,3,1,1,23000,0,23000,0,23000,0,0,0),(528,242,3,1,1,16000,0,16000,0,16000,0,0,0),(529,243,3,1,1,18000,0,18000,0,18000,0,0,0),(530,243,9,1,1,13000,0,13000,0,13000,0,0,0),(531,243,13,1,1,35000,0,35000,0,35000,0,0,0),(532,244,17,1,1,40000,0,40000,0,40000,0,0,0),(533,245,17,1,1,40000,0,40000,0,40000,0,0,0),(534,246,17,1,1,40000,0,40000,0,40000,0,0,0),(535,247,17,1,1,40000,0,40000,0,40000,0,0,0),(536,248,17,1,1,40000,0,40000,0,40000,0,0,0),(537,249,17,1,1,40000,0,40000,0,40000,0,0,0),(538,250,17,1,1,40000,0,40000,0,40000,0,0,0),(539,251,17,1,1,40000,0,40000,0,40000,0,0,0),(540,252,17,1,1,40000,0,40000,0,40000,0,0,0),(541,253,3,1,1,18000,0,18000,0,18000,0,0,0),(542,253,9,1,1,13000,0,13000,0,13000,0,0,0),(543,253,13,1,1,35000,0,35000,0,35000,0,0,0),(544,254,13,1,1,35000,0,35000,0,35000,0,0,0),(545,254,3,1,1,18000,0,18000,0,18000,0,0,0),(546,254,9,1,1,13000,0,13000,0,13000,0,0,0),(547,255,3,1,1,23000,0,23000,0,23000,0,0,0),(548,256,3,1,1,18000,0,18000,0,18000,0,0,0),(549,256,13,1,1,35000,0,35000,0,35000,0,0,0),(550,256,9,1,1,13000,0,13000,0,13000,0,0,0),(551,257,3,1,1,23000,0,23000,0,23000,0,0,0),(553,258,3,1,1,18000,0,18000,0,18000,0,0,0),(554,258,9,1,1,12000,0,12000,0,12000,0,0,0),(555,258,13,1,1,33000,0,33000,0,33000,0,0,0),(556,258,10,1,1,15000,0,15000,0,15000,0,0,0),(557,258,8,1,1,12000,0,12000,0,12000,0,0,0),(558,259,13,1,1,39000,0,39000,0,39000,0,0,0),(559,260,13,1,1,39000,0,39000,0,39000,0,0,0),(560,261,13,1,1,39000,0,39000,0,39000,0,0,0),(561,262,13,1,1,35000,0,35000,0,35000,0,0,0),(562,262,3,1,1,18000,0,18000,0,18000,0,0,0),(563,262,9,1,1,13000,0,13000,0,13000,0,0,0),(564,263,13,1,1,38000,0,38000,0,38000,0,0,0),(565,265,3,1,1,18000,0,18000,0,18000,0,0,0),(566,265,9,1,1,13000,0,13000,0,13000,0,0,0),(567,265,13,1,1,35000,0,35000,0,35000,0,0,0),(568,266,3,1,1,18000,0,18000,0,18000,0,0,0),(569,266,9,1,1,13000,0,13000,0,13000,0,0,0),(570,266,13,1,1,35000,0,35000,0,35000,0,0,0),(571,267,3,1,1,19000,0,19000,0,19000,0,0,0),(572,268,3,1,1,19000,0,19000,0,19000,0,0,0),(573,268,1,1,1,10000,0,10000,0,10000,0,0,0),(574,268,8,1,1,15000,0,15000,0,15000,0,0,0),(575,268,10,1,1,15000,0,15000,0,15000,0,0,0),(576,269,3,1,1,23000,0,23000,0,23000,0,0,0),(577,270,3,1,2,18000,0,36000,0,36000,0,0,0),(578,270,9,1,2,12000,0,24000,0,24000,0,0,0),(579,270,13,1,2,33000,0,66000,0,66000,0,0,0),(581,270,10,1,2,15000,0,30000,0,30000,0,0,0),(582,270,8,1,2,12000,0,24000,0,24000,0,0,0),(583,271,3,1,1,23000,0,23000,0,23000,0,0,0),(584,264,3,1,2,19000,0,38000,0,38000,0,0,0),(585,272,3,1,1,23000,0,23000,0,23000,0,0,0),(586,273,3,1,1,18000,0,18000,0,18000,0,0,0),(587,273,9,1,1,13000,0,13000,0,13000,0,0,0),(588,273,13,1,1,35000,0,35000,0,35000,0,0,0),(589,274,3,1,1,18000,0,18000,0,18000,0,0,0),(590,274,9,1,1,12000,0,12000,0,12000,0,0,0),(591,274,13,1,1,33000,0,33000,0,33000,0,0,0),(592,274,10,1,1,15000,0,15000,0,15000,0,0,0),(593,274,8,1,1,12000,0,12000,0,12000,0,0,0),(594,275,30,1,1,15000,0,15000,0,15000,0,0,0),(595,276,3,1,1,18000,0,18000,0,18000,0,0,0),(596,276,9,1,1,13000,0,13000,0,13000,0,0,0),(597,276,13,1,1,35000,0,35000,0,35000,0,0,0),(598,277,3,1,1,18000,0,18000,0,18000,0,0,0),(599,277,9,1,1,12000,0,12000,0,12000,0,0,0),(600,277,13,1,1,33000,0,33000,0,33000,0,0,0),(601,277,10,1,1,15000,0,15000,0,15000,0,0,0),(602,277,8,1,1,12000,0,12000,0,12000,0,0,0),(603,278,3,1,3,18000,0,54000,0,54000,0,0,0),(604,278,8,1,3,15000,0,45000,0,45000,0,0,0),(605,278,9,1,1,15000,0,15000,0,15000,0,0,0),(607,278,21,1,1,10000,0,10000,0,10000,0,0,0),(608,278,22,1,1,8000,0,8000,0,8000,0,0,0),(609,278,35,1,1,32000,0,32000,0,32000,0,0,0),(610,278,10,1,3,15000,0,45000,0,45000,0,0,0),(611,279,3,1,4,20000,0,80000,0,80000,0,0,0),(612,279,1,1,3,11000,0,33000,0,33000,0,0,0),(618,281,3,1,16,18000,0,288000,0,288000,0,0,0),(619,281,1,1,6,11000,0,66000,0,66000,0,0,0),(620,280,3,1,8,18000,0,144000,0,144000,0,0,0),(621,280,9,1,8,13000,0,104000,0,104000,0,0,0),(622,280,8,1,8,13000,0,104000,0,104000,0,0,0),(623,280,13,1,8,37000,0,296000,0,296000,0,0,0),(624,282,3,1,1,18000,0,18000,0,18000,0,0,0),(625,282,9,1,1,13000,0,13000,0,13000,0,0,0),(626,282,13,1,1,35000,0,35000,0,35000,0,0,0),(627,283,13,1,1,35000,0,35000,0,35000,0,0,0),(628,283,9,1,1,13000,0,13000,0,13000,0,0,0),(629,283,3,1,1,18000,0,18000,0,18000,0,0,0),(630,284,3,1,1,18000,0,18000,0,18000,0,0,0),(631,284,9,1,1,13000,0,13000,0,13000,0,0,0),(632,284,13,1,1,35000,0,35000,0,35000,0,0,0),(633,285,3,1,1,18000,0,18000,0,18000,0,0,0),(634,285,9,1,1,13000,0,13000,0,13000,0,0,0),(635,285,13,1,1,35000,0,35000,0,35000,0,0,0),(638,287,3,1,1,18000,0,18000,0,18000,0,0,0),(639,287,9,1,1,13000,0,13000,0,13000,0,0,0),(640,287,13,1,1,35000,0,35000,0,35000,0,0,0),(641,288,3,1,1,23000,0,23000,0,23000,0,0,0),(642,289,3,1,1,18000,0,18000,0,18000,0,0,0),(643,289,9,1,1,13000,0,13000,0,13000,0,0,0),(644,289,13,1,1,35000,0,35000,0,35000,0,0,0),(645,290,13,1,1,35000,0,35000,0,35000,0,0,0),(646,290,3,1,1,18000,0,18000,0,18000,0,0,0),(648,290,9,1,1,13000,0,13000,0,13000,0,0,0),(649,291,9,1,1,13000,0,13000,0,13000,0,0,0),(650,291,13,1,1,35000,0,35000,0,35000,0,0,0),(651,291,3,1,1,18000,0,18000,0,18000,0,0,0),(652,292,3,1,1,18000,0,18000,0,18000,0,0,0),(653,292,9,1,1,13000,0,13000,0,13000,0,0,0),(654,292,13,1,1,35000,0,35000,0,35000,0,0,0),(655,293,3,1,1,20000,0,20000,0,20000,0,0,0),(656,293,21,1,1,10000,0,10000,0,10000,0,0,0),(657,293,1,1,1,10000,0,10000,0,10000,0,0,0),(658,293,37,1,1,10000,0,10000,0,10000,0,0,0),(659,294,3,1,1,23000,0,23000,0,23000,0,0,0),(660,295,3,1,1,18000,0,18000,0,18000,0,0,0),(661,295,9,1,1,12000,0,12000,0,12000,0,0,0),(662,295,13,1,1,33000,0,33000,0,33000,0,0,0),(663,295,10,1,1,15000,0,15000,0,15000,0,0,0),(664,295,8,1,1,12000,0,12000,0,12000,0,0,0),(665,296,3,1,1,18000,0,18000,0,18000,0,0,0),(666,296,9,1,1,13000,0,13000,0,13000,0,0,0),(667,296,13,1,1,35000,0,35000,0,35000,0,0,0),(668,297,3,1,1,18000,0,18000,0,18000,0,0,0),(669,297,9,1,1,13000,0,13000,0,13000,0,0,0),(670,297,13,1,1,35000,0,35000,0,35000,0,0,0),(671,298,3,1,137,17500,0,2397500,0,2397500,0,0,0),(672,298,1,1,44,11000,0,484000,0,484000,0,0,0),(674,298,13,1,50,37900,0,1895000,0,1895000,0,0,0),(675,298,9,1,24,15000,0,360000,0,360000,0,0,0),(676,298,8,1,29,17000,0,493000,0,493000,0,0,0),(677,298,10,1,1,12000,0,12000,0,12000,0,0,0),(694,304,3,1,2,18000,0,36000,0,36000,0,0,0),(696,305,3,1,2,20000,0,40000,0,40000,0,0,0),(697,305,17,1,1,42000,0,42000,0,42000,0,0,0),(698,305,32,1,1,8000,0,8000,0,8000,0,0,0),(699,305,19,1,1,9000,0,9000,0,9000,0,0,0),(700,305,33,1,1,8000,0,8000,0,8000,0,0,0),(702,306,17,1,1,27000,0,27000,0,27000,0,0,0),(703,306,3,1,4,19000,0,76000,0,76000,0,0,0),(704,303,3,1,7,18500,0,129500,0,129500,0,0,0),(705,303,1,1,1,10000,0,10000,0,10000,0,0,0),(706,303,1,1,6,8000,0,48000,0,48000,0,0,0),(707,307,3,1,1,19000,0,19000,0,19000,0,0,0),(708,308,3,1,1,19000,0,19000,0,19000,0,0,0),(709,309,3,1,1,18000,0,18000,0,18000,0,0,0),(710,310,3,1,1,23000,0,23000,0,23000,0,0,0),(711,311,3,1,15,19500,0,292500,0,292500,0,0,0),(712,311,1,1,15,10000,0,150000,0,150000,0,0,0),(713,312,3,1,1,19500,0,19500,0,19500,0,0,0),(714,312,1,1,1,10000,0,10000,0,10000,0,0,0),(715,313,3,1,1,18000,0,18000,0,18000,0,0,0),(716,313,9,1,1,12000,0,12000,0,12000,0,0,0),(717,313,13,1,1,33000,0,33000,0,33000,0,0,0),(718,313,10,1,1,15000,0,15000,0,15000,0,0,0),(719,313,8,1,1,12000,0,12000,0,12000,0,0,0),(720,314,3,1,1,23000,0,23000,0,23000,0,0,0),(722,316,3,1,1,18000,0,18000,0,18000,0,0,0),(723,316,9,1,1,13000,0,13000,0,13000,0,0,0),(724,316,13,1,1,35000,0,35000,0,35000,0,0,0),(725,315,3,1,4,19000,0,76000,0,76000,0,0,0),(726,317,3,1,2,18000,0,36000,0,36000,0,0,0),(727,317,9,1,2,12000,0,24000,0,24000,0,0,0),(728,317,8,1,2,12000,0,24000,0,24000,0,0,0),(729,317,10,1,2,15000,0,30000,0,30000,0,0,0),(730,317,13,1,2,33000,0,66000,0,66000,0,0,0),(731,318,3,1,1,19500,0,19500,0,19500,0,0,0),(732,318,1,1,1,10000,0,10000,0,10000,0,0,0),(733,319,3,1,1,23000,0,23000,0,23000,0,0,0),(734,320,3,1,1,23000,0,23000,0,23000,0,0,0),(735,321,3,1,1,23000,0,23000,0,23000,0,0,0),(736,322,3,1,1,23000,0,23000,0,23000,0,0,0),(737,323,3,1,1,23000,0,23000,0,23000,0,0,0),(739,324,3,1,1,19500,0,19500,0,19500,0,0,0),(740,324,1,1,1,10000,0,10000,0,10000,0,0,0),(741,325,3,1,1,18000,0,18000,0,18000,0,0,0),(742,325,9,1,1,12000,0,12000,0,12000,0,0,0),(743,325,13,1,1,33000,0,33000,0,33000,0,0,0),(744,325,10,1,1,15000,0,15000,0,15000,0,0,0),(745,325,8,1,1,12000,0,12000,0,12000,0,0,0),(746,326,3,1,1,23000,0,23000,0,23000,0,0,0),(747,327,3,1,2,18000,0,36000,0,36000,0,0,0),(748,327,9,1,2,12000,0,24000,0,24000,0,0,0),(749,327,13,1,2,33000,0,66000,0,66000,0,0,0),(750,327,10,1,2,15000,0,30000,0,30000,0,0,0),(751,327,8,1,2,12000,0,24000,0,24000,0,0,0),(752,328,3,1,1,23000,0,23000,0,23000,0,0,0),(753,329,33,1,1,8000,0,8000,0,8000,0,0,0),(754,330,3,1,7,19000,0,133000,0,133000,0,0,0),(755,330,36,1,3,95000,0,285000,0,285000,0,0,0),(756,331,3,1,1,18000,0,18000,0,18000,0,0,0),(757,331,9,1,1,12000,0,12000,0,12000,0,0,0),(758,331,13,1,1,33000,0,33000,0,33000,0,0,0),(759,331,10,1,1,15000,0,15000,0,15000,0,0,0),(760,331,8,1,1,12000,0,12000,0,12000,0,0,0),(761,332,3,1,146,17500,0,2555000,0,2555000,0,0,0),(762,332,1,1,33,11000,0,363000,0,363000,0,0,0),(763,332,13,1,25,37900,0,947500,0,947500,0,0,0),(765,332,9,1,7,15000,0,105000,0,105000,0,0,0),(766,332,8,1,10,17000,0,170000,0,170000,0,0,0),(767,333,3,1,4,18000,0,72000,0,72000,0,0,0),(768,333,8,1,4,15000,0,60000,0,60000,0,0,0),(769,333,9,1,4,15000,0,60000,0,60000,0,0,0),(770,333,10,1,4,15000,0,60000,0,60000,0,0,0),(772,333,21,1,4,10000,0,40000,0,40000,0,0,0),(773,333,22,1,4,8000,0,32000,0,32000,0,0,0),(774,333,35,1,4,32000,0,128000,0,128000,0,0,0),(775,333,36,1,4,15000,0,60000,0,60000,0,0,0),(776,334,3,1,1,23000,0,23000,0,23000,0,0,0),(777,335,3,1,2,18000,0,36000,0,36000,0,0,0),(778,335,9,1,2,12000,0,24000,0,24000,0,0,0),(779,335,8,1,2,12000,0,24000,0,24000,0,0,0),(781,335,13,1,2,33000,0,66000,0,66000,0,0,0),(782,335,10,1,2,15000,0,30000,0,30000,0,0,0),(783,335,13,1,1,33000,0,33000,0,33000,0,0,0),(784,336,3,1,1,23000,0,23000,0,23000,0,0,0),(785,337,3,1,1,23000,0,23000,0,23000,0,0,0),(788,338,1,1,1,11000,0,11000,0,11000,0,0,0),(789,339,3,1,1,23000,0,23000,0,23000,0,0,0),(790,340,3,1,2,18000,0,36000,0,36000,0,0,0),(791,340,9,1,2,12000,0,24000,0,24000,0,0,0),(792,340,13,1,2,33000,0,66000,0,66000,0,0,0),(793,340,10,1,2,15000,0,30000,0,30000,0,0,0),(794,340,8,1,2,12000,0,24000,0,24000,0,0,0),(797,341,3,1,2,18000,0,36000,0,36000,0,0,0),(798,341,9,1,2,12000,0,24000,0,24000,0,0,0),(799,341,13,1,2,33000,0,66000,0,66000,0,0,0),(800,341,10,1,2,15000,0,30000,0,30000,0,0,0),(801,341,8,1,2,12000,0,24000,0,24000,0,0,0),(802,342,3,1,1,23000,0,23000,0,23000,0,0,0),(803,343,3,1,2,20000,0,40000,0,40000,0,0,0),(804,344,3,1,16,19000,0,304000,0,304000,0,0,0),(805,344,9,1,16,15000,0,240000,0,240000,0,0,0),(806,344,13,1,16,39000,0,624000,0,624000,0,0,0),(807,345,17,1,1,40000,0,40000,0,40000,0,0,0),(808,347,16,1,1,30000,0,30000,0,30000,0,0,0),(809,348,3,1,1,19500,0,19500,0,19500,0,0,0),(810,348,1,1,1,10000,0,10000,0,10000,0,0,0),(811,349,3,1,13,20000,0,260000,0,260000,0,0,0),(812,350,3,1,1,18000,0,18000,0,18000,0,0,0),(813,350,9,1,1,13000,0,13000,0,13000,0,0,0),(814,350,13,1,1,35000,0,35000,0,35000,0,0,0),(815,351,33,1,1,8000,0,8000,0,8000,0,0,0),(816,352,3,1,1,23000,0,23000,0,23000,0,0,0),(817,353,3,1,1,23000,0,23000,0,23000,0,0,0),(818,354,3,1,1,20000,0,20000,0,20000,0,0,0),(819,354,1,1,1,11000,0,11000,0,11000,0,0,0),(820,355,3,1,1,23000,0,23000,0,23000,0,0,0),(821,356,3,1,10,19000,0,190000,0,190000,0,0,0),(822,356,17,1,3,40000,0,120000,0,120000,0,0,0),(823,356,39,1,6,10000,0,60000,0,60000,0,0,0),(824,356,8,1,1,15000,0,15000,0,15000,0,0,0),(825,357,3,1,3,19000,0,57000,0,57000,0,0,0),(826,357,39,1,1,10000,0,10000,0,10000,0,0,0),(827,358,39,1,1,10000,0,10000,0,10000,0,0,0),(828,358,1,1,2,10000,0,20000,0,20000,0,0,0),(829,358,3,1,3,19000,0,57000,0,57000,0,0,0),(830,359,3,1,37,19000,0,703000,0,703000,0,0,0),(831,359,38,1,5,11000,0,55000,0,55000,0,0,0),(832,359,8,1,4,15000,0,60000,0,60000,0,0,0),(833,359,39,1,15,10000,0,150000,0,150000,0,0,0),(834,359,1,1,1,10000,0,10000,0,10000,0,0,0),(835,360,3,1,30,18000,0,540000,0,540000,0,0,0),(837,360,1,1,26,11000,0,286000,0,286000,0,0,0),(838,362,3,1,2,19000,0,38000,0,38000,0,0,0),(839,362,5,1,1,200000,0,200000,0,200000,0,0,0),(840,361,3,1,1,23000,0,23000,0,23000,0,0,0),(841,363,3,1,1,23000,0,23000,0,23000,0,0,0),(842,364,3,1,1,23000,0,23000,0,23000,0,0,0),(843,365,3,1,2,20000,0,40000,0,40000,0,0,0),(845,365,1,1,4,11000,0,44000,0,44000,0,0,0),(846,366,3,1,1,18000,0,18000,0,18000,0,0,0),(847,366,9,1,1,12000,0,12000,0,12000,0,0,0),(848,366,13,1,1,33000,0,33000,0,33000,0,0,0),(849,366,10,1,1,15000,0,15000,0,15000,0,0,0),(850,366,8,1,1,12000,0,12000,0,12000,0,0,0),(851,367,3,1,1,20000,0,20000,0,20000,0,0,0),(852,367,1,1,1,11000,0,11000,0,11000,0,0,0),(853,368,3,1,1,23000,0,23000,0,23000,0,0,0),(854,369,3,1,1,23000,0,23000,0,23000,0,0,0),(855,370,3,1,1,23000,0,23000,0,23000,0,0,0),(856,371,3,1,1,23000,0,23000,0,23000,0,0,0),(857,372,3,1,1,20000,0,20000,0,20000,0,0,0),(858,373,3,1,1,23000,0,23000,0,23000,0,0,0),(859,374,3,1,1,18000,0,18000,0,18000,0,0,0),(860,374,9,1,1,12000,0,12000,0,12000,0,0,0),(861,374,13,1,1,33000,0,33000,0,33000,0,0,0),(862,374,10,1,1,15000,0,15000,0,15000,0,0,0),(863,374,8,1,1,12000,0,12000,0,12000,0,0,0),(866,375,3,1,83,17500,0,1452500,0,1452500,0,0,0),(867,375,3,1,1,23000,0,23000,0,23000,0,0,0),(868,375,1,1,34,11000,0,374000,0,374000,0,0,0),(869,375,13,1,29,37900,0,1099100,0,1099100,0,0,0),(870,375,9,1,2,15000,0,30000,0,30000,0,0,0),(871,375,8,1,4,17000,0,68000,0,68000,0,0,0),(872,375,10,1,1,12000,0,12000,0,12000,0,0,0),(873,376,3,1,2,18000,0,36000,0,36000,0,0,0),(874,376,35,1,2,32000,0,64000,0,64000,0,0,0),(875,376,10,1,2,15000,0,30000,0,30000,0,0,0),(876,376,8,1,2,15000,0,30000,0,30000,0,0,0),(877,376,9,1,2,15000,0,30000,0,30000,0,0,0),(878,376,22,1,2,8000,0,16000,0,16000,0,0,0),(879,376,21,1,2,10000,0,20000,0,20000,0,0,0),(880,377,3,1,3,18000,0,54000,0,54000,0,0,0),(881,377,8,1,3,13000,0,39000,0,39000,0,0,0),(882,377,9,1,3,13000,0,39000,0,39000,0,0,0),(883,377,13,1,3,37000,0,111000,0,111000,0,0,0),(884,378,10,1,3,15000,0,45000,0,45000,0,0,0),(885,378,3,1,3,18000,0,54000,0,54000,0,0,0),(887,380,3,1,1,23000,0,23000,0,23000,0,0,0),(888,379,3,1,3,20000,0,60000,0,60000,0,0,0),(889,379,1,1,2,11000,0,22000,0,22000,0,0,0),(890,382,3,1,1,18000,0,18000,0,18000,0,0,0),(891,382,9,1,1,13000,0,13000,0,13000,0,0,0),(892,382,13,1,1,35000,0,35000,0,35000,0,0,0),(893,383,13,1,1,33000,0,33000,0,33000,0,0,0),(894,383,3,1,1,18000,0,18000,0,18000,0,0,0),(895,383,9,1,1,12000,0,12000,0,12000,0,0,0),(897,383,10,1,1,15000,0,15000,0,15000,0,0,0),(898,383,8,1,1,12000,0,12000,0,12000,0,0,0),(899,384,9,1,1,13000,0,13000,0,13000,0,0,0),(900,384,3,1,1,18000,0,18000,0,18000,0,0,0),(901,384,13,1,1,35000,0,35000,0,35000,0,0,0),(905,389,3,1,1,18000,0,18000,0,18000,0,0,0),(906,389,13,1,1,35000,0,35000,0,35000,0,0,0),(907,389,9,1,1,13000,0,13000,0,13000,0,0,0),(908,390,9,1,1,13000,0,13000,0,13000,0,0,0),(909,390,13,1,1,35000,0,35000,0,35000,0,0,0),(910,390,3,1,1,18000,0,18000,0,18000,0,0,0),(911,391,3,1,1,18000,0,18000,0,18000,0,0,0),(912,391,13,1,1,35000,0,35000,0,35000,0,0,0),(913,391,9,1,1,13000,0,13000,0,13000,0,0,0),(914,385,3,1,13,19000,0,247000,0,247000,0,0,0),(915,385,36,1,1,95000,0,95000,0,95000,0,0,0),(916,385,8,1,2,16000,0,32000,0,32000,0,0,0),(917,385,10,1,2,16000,0,32000,0,32000,0,0,0),(918,385,34,1,1,12000,0,12000,0,12000,0,0,0),(919,386,3,1,28,19000,0,532000,0,532000,0,0,0),(920,386,39,1,21,10000,0,210000,0,210000,0,0,0),(922,388,3,1,1,19000,0,19000,0,19000,0,0,0),(923,387,3,1,9,19000,0,171000,0,171000,0,0,0),(924,387,39,1,5,10000,0,50000,0,50000,0,0,0),(925,393,3,1,2,18000,0,36000,0,36000,0,0,0),(926,393,9,1,2,12000,0,24000,0,24000,0,0,0),(927,393,13,1,2,33000,0,66000,0,66000,0,0,0),(928,393,10,1,2,15000,0,30000,0,30000,0,0,0),(929,393,8,1,2,12000,0,24000,0,24000,0,0,0),(930,392,9,1,1,13000,0,13000,0,13000,0,0,0),(931,392,13,1,1,35000,0,35000,0,35000,0,0,0),(932,392,3,1,1,18000,0,18000,0,18000,0,0,0),(933,381,3,1,10,19000,0,190000,0,190000,0,0,0),(934,386,38,1,2,11000,0,22000,0,22000,0,0,0),(935,395,3,1,1,20000,0,20000,0,20000,0,0,0),(936,396,3,1,1,18000,0,18000,0,18000,0,0,0),(937,396,9,1,1,13000,0,13000,0,13000,0,0,0),(938,396,13,1,1,35000,0,35000,0,35000,0,0,0),(939,397,33,1,1,8000,0,8000,0,8000,0,0,0),(940,398,3,1,1,18000,0,18000,0,18000,0,0,0),(943,398,10,1,1,15000,0,15000,0,15000,0,0,0),(944,398,13,1,1,33000,0,33000,0,33000,0,0,0),(945,398,9,1,1,12000,0,12000,0,12000,0,0,0),(946,398,8,1,1,12000,0,12000,0,12000,0,0,0),(947,399,3,1,1,20000,0,20000,0,20000,0,0,0),(948,400,3,1,1,18000,0,18000,0,18000,0,0,0),(949,400,9,1,1,12000,0,12000,0,12000,0,0,0),(950,400,13,1,1,33000,0,33000,0,33000,0,0,0),(951,400,10,1,1,15000,0,15000,0,15000,0,0,0),(952,400,8,1,1,12000,0,12000,0,12000,0,0,0),(953,401,3,1,1,18000,0,18000,0,18000,0,0,0),(954,401,9,1,1,12000,0,12000,0,12000,0,0,0),(955,401,13,1,1,33000,0,33000,0,33000,0,0,0),(956,401,10,1,1,15000,0,15000,0,15000,0,0,0),(957,401,8,1,1,12000,0,12000,0,12000,0,0,0),(958,402,13,1,1,39000,0,39000,0,39000,0,0,0),(959,404,3,1,1,18000,0,18000,0,18000,0,0,0),(960,404,9,1,1,13000,0,13000,0,13000,0,0,0),(961,404,13,1,1,35000,0,35000,0,35000,0,0,0),(962,403,3,1,1,20000,0,20000,0,20000,0,0,0),(963,405,3,1,1,18000,0,18000,0,18000,0,0,0),(964,405,9,1,1,13000,0,13000,0,13000,0,0,0),(965,405,13,1,1,35000,0,35000,0,35000,0,0,0),(966,406,3,1,1,20000,0,20000,0,20000,0,0,0),(967,407,3,1,1,20000,0,20000,0,20000,0,0,0),(968,408,3,1,1,18000,0,18000,0,18000,0,0,0),(969,408,9,1,1,13000,0,13000,0,13000,0,0,0),(970,408,13,1,1,35000,0,35000,0,35000,0,0,0),(971,410,3,1,1,23000,0,23000,0,23000,0,0,0),(972,410,1,1,1,11000,0,11000,0,11000,0,0,0),(973,411,3,1,1,18000,0,18000,0,18000,0,0,0),(974,411,9,1,1,13000,0,13000,0,13000,0,0,0),(975,411,13,1,1,35000,0,35000,0,35000,0,0,0),(976,412,3,1,3,23000,0,69000,0,69000,0,0,0),(977,412,8,1,3,16000,0,48000,0,48000,0,0,0),(978,412,1,1,3,11000,0,33000,0,33000,0,0,0),(979,413,3,1,1,18000,0,18000,0,18000,0,0,0),(980,413,9,1,1,12000,0,12000,0,12000,0,0,0),(981,413,13,1,1,33000,0,33000,0,33000,0,0,0),(982,413,10,1,1,15000,0,15000,0,15000,0,0,0),(983,413,8,1,1,12000,0,12000,0,12000,0,0,0),(984,414,1,1,1,11000,0,11000,0,11000,0,0,0),(985,415,3,1,1,20000,0,20000,0,20000,0,0,0),(986,416,3,1,1,20000,0,20000,0,20000,0,0,0),(987,417,3,1,1,20000,0,20000,0,20000,0,0,0),(988,409,3,1,1,18000,0,18000,0,18000,0,0,0),(989,409,9,1,1,13000,0,13000,0,13000,0,0,0),(990,409,13,1,1,35000,0,35000,0,35000,0,0,0),(991,419,3,1,1,20000,0,20000,0,20000,0,0,0),(992,418,3,1,1,20000,0,20000,0,20000,0,0,0),(993,420,3,1,1,23000,0,23000,0,23000,0,0,0),(994,421,3,1,1,20000,0,20000,0,20000,0,0,0),(996,422,3,1,1,18000,0,18000,0,18000,0,0,0),(997,422,9,1,1,13000,0,13000,0,13000,0,0,0),(998,422,13,1,1,35000,0,35000,0,35000,0,0,0),(999,423,3,1,60,17500,0,1050000,0,1050000,0,0,0),(1000,423,1,1,23,11000,0,253000,0,253000,0,0,0),(1001,423,13,1,16,37900,0,606400,0,606400,0,0,0),(1002,423,8,1,5,17000,0,85000,0,85000,0,0,0),(1003,423,9,1,5,15000,0,75000,0,75000,0,0,0),(1004,394,3,1,1,12000,0,12000,0,12000,0,0,0),(1005,394,21,1,1,6500,0,6500,0,6500,0,0,0),(1006,394,37,1,1,5000,0,5000,0,5000,0,0,0),(1007,394,41,1,1,5200,0,5200,0,5200,0,0,0),(1009,394,42,1,1,3300,0,3300,0,3300,0,0,0),(1010,424,3,1,24,18000,0,432000,0,432000,0,0,0),(1011,424,1,1,3,11000,0,33000,0,33000,0,0,0),(1012,425,3,1,1,23000,0,23000,0,23000,0,0,0),(1013,428,3,1,1,23000,0,23000,0,23000,0,0,0),(1014,426,3,1,1,20000,0,20000,0,20000,0,0,0),(1015,427,3,1,1,20000,0,20000,0,20000,0,0,0),(1016,429,3,1,1,20000,0,20000,0,20000,0,0,0),(1018,431,1,1,1,11000,0,11000,0,11000,0,0,0),(1019,431,3,1,1,20000,0,20000,0,20000,0,0,0),(1020,430,8,1,1,16000,0,16000,0,16000,0,0,0),(1021,430,9,1,1,16000,0,16000,0,16000,0,0,0),(1022,430,13,1,1,39000,0,39000,0,39000,0,0,0),(1023,432,3,1,1,19000,0,19000,0,19000,0,0,0),(1024,432,1,1,1,11000,0,11000,0,11000,0,0,0),(1025,433,1,1,1,11000,0,11000,0,11000,0,0,0),(1026,433,3,1,1,19000,0,19000,0,19000,0,0,0),(1027,434,3,1,1,19000,0,19000,0,19000,0,0,0),(1028,434,1,1,1,11000,0,11000,0,11000,0,0,0),(1029,435,1,1,1,11000,0,11000,0,11000,0,0,0),(1030,435,3,1,1,19000,0,19000,0,19000,0,0,0),(1031,436,3,1,1,19000,0,19000,0,19000,0,0,0),(1032,436,1,1,1,11000,0,11000,0,11000,0,0,0),(1033,437,1,1,1,11000,0,11000,0,11000,0,0,0),(1034,437,3,1,1,19000,0,19000,0,19000,0,0,0),(1035,438,3,1,1,19000,0,19000,0,19000,0,0,0),(1036,438,1,1,1,11000,0,11000,0,11000,0,0,0),(1037,439,3,1,1,18000,0,18000,0,18000,0,0,0),(1038,439,13,1,1,33000,0,33000,0,33000,0,0,0),(1041,439,10,1,1,15000,0,15000,0,15000,0,0,0),(1042,439,8,1,1,12000,0,12000,0,12000,0,0,0),(1043,439,9,1,1,12000,0,12000,0,12000,0,0,0),(1044,442,13,1,1,20000,0,20000,0,20000,0,0,0),(1045,440,13,1,1,33000,0,33000,0,33000,0,0,0),(1046,440,3,1,1,18000,0,18000,0,18000,0,0,0),(1047,440,9,1,1,12000,0,12000,0,12000,0,0,0),(1048,440,8,1,1,12000,0,12000,0,12000,0,0,0),(1049,440,10,1,1,15000,0,15000,0,15000,0,0,0),(1050,441,9,1,1,13000,0,13000,0,13000,0,0,0),(1051,441,13,1,1,35000,0,35000,0,35000,0,0,0),(1052,441,3,1,1,18000,0,18000,0,18000,0,0,0),(1053,443,3,1,1,20000,0,20000,0,20000,0,0,0),(1054,444,3,1,1,20000,0,20000,0,20000,0,0,0),(1055,445,3,1,2,18000,0,36000,0,36000,0,0,0),(1057,445,8,1,2,12000,0,24000,0,24000,0,0,0),(1060,445,10,1,2,15000,0,30000,0,30000,0,0,0),(1062,445,13,1,2,33000,0,66000,0,66000,0,0,0),(1063,445,9,1,2,12000,0,24000,0,24000,0,0,0),(1064,446,3,1,1,20000,0,20000,0,20000,0,0,0),(1067,449,3,1,1,20000,0,20000,0,20000,0,0,0),(1068,449,1,1,1,11000,0,11000,0,11000,0,0,0),(1070,450,3,1,1,20000,0,20000,0,20000,0,0,0),(1071,451,3,1,1,18000,0,18000,0,18000,0,0,0),(1072,451,9,1,1,13000,0,13000,0,13000,0,0,0),(1073,451,13,1,1,35000,0,35000,0,35000,0,0,0),(1074,452,13,1,1,35000,0,35000,0,35000,0,0,0),(1075,452,9,1,1,13000,0,13000,0,13000,0,0,0),(1076,452,3,1,1,18000,0,18000,0,18000,0,0,0),(1077,453,3,1,8,18000,0,144000,0,144000,0,0,0),(1078,453,8,1,8,13000,0,104000,0,104000,0,0,0),(1079,453,9,1,8,13000,0,104000,0,104000,0,0,0),(1080,453,13,1,8,36000,0,288000,0,288000,0,0,0),(1088,455,3,1,1,20000,0,20000,0,20000,0,0,0),(1089,455,1,1,1,14000,0,14000,0,14000,0,0,0),(1090,456,3,1,1,23000,0,23000,0,23000,0,0,0),(1091,457,3,1,1,20000,0,20000,0,20000,0,0,0),(1092,457,1,1,1,14000,0,14000,0,14000,0,0,0),(1093,458,3,1,1,18000,0,18000,0,18000,0,0,0),(1094,458,9,1,1,12000,0,12000,0,12000,0,0,0),(1095,458,10,1,1,15000,0,15000,0,15000,0,0,0),(1096,458,8,1,1,12000,0,12000,0,12000,0,0,0),(1097,458,13,1,1,33000,0,33000,0,33000,0,0,0),(1098,459,3,1,1,18000,0,18000,0,18000,0,0,0),(1099,459,9,1,1,13000,0,13000,0,13000,0,0,0),(1100,459,13,1,1,35000,0,35000,0,35000,0,0,0),(1103,461,3,1,1,23000,0,23000,0,23000,0,0,0),(1104,462,3,1,1,23000,0,23000,0,23000,0,0,0),(1105,462,1,1,1,11000,0,11000,0,11000,0,0,0),(1110,463,3,1,1,20000,0,20000,0,20000,0,0,0),(1111,464,3,1,1,20000,0,20000,0,20000,0,0,0),(1112,464,1,1,1,10000,0,10000,0,10000,0,0,0),(1113,465,3,1,1,20000,0,20000,0,20000,0,0,0),(1114,465,1,1,1,10000,0,10000,0,10000,0,0,0),(1115,466,3,1,1,20000,0,20000,0,20000,0,0,0),(1116,466,1,1,1,10000,0,10000,0,10000,0,0,0),(1117,467,3,1,1,23000,0,23000,0,23000,0,0,0),(1118,468,3,1,1,18000,0,18000,0,18000,0,0,0),(1119,468,9,1,1,13000,0,13000,0,13000,0,0,0),(1120,468,13,1,1,35000,0,35000,0,35000,0,0,0),(1121,469,3,1,1,18000,0,18000,0,18000,0,0,0),(1122,469,9,1,1,13000,0,13000,0,13000,0,0,0),(1123,469,13,1,1,35000,0,35000,0,35000,0,0,0),(1124,470,3,1,1,18000,0,18000,0,18000,0,0,0),(1125,470,9,1,1,13000,0,13000,0,13000,0,0,0),(1126,470,13,1,1,35000,0,35000,0,35000,0,0,0),(1127,471,3,1,1,18000,0,18000,0,18000,0,0,0),(1128,471,9,1,1,13000,0,13000,0,13000,0,0,0),(1129,471,13,1,1,35000,0,35000,0,35000,0,0,0),(1132,473,3,1,2,18000,0,36000,0,36000,0,0,0),(1133,473,13,1,2,36000,0,72000,0,72000,0,0,0),(1134,473,9,1,2,15000,0,30000,0,30000,0,0,0),(1135,473,8,1,2,15000,0,30000,0,30000,0,0,0),(1136,473,10,1,2,15000,0,30000,0,30000,0,0,0),(1137,474,3,1,1,20000,0,20000,0,20000,0,0,0),(1138,474,1,1,1,10000,0,10000,0,10000,0,0,0),(1139,475,13,1,1,33000,0,33000,0,33000,0,0,0),(1140,472,3,1,140,17500,0,2450000,0,2450000,0,0,0),(1141,472,8,1,3,17000,0,51000,0,51000,0,0,0),(1142,472,10,1,2,12000,0,24000,0,24000,0,0,0),(1143,472,9,1,1,15000,0,15000,0,15000,0,0,0),(1144,472,13,1,12,37900,0,454800,0,454800,0,0,0),(1145,472,13,1,1,18950,0,18950,0,18950,0,0,0),(1146,472,1,1,62,11000,0,682000,0,682000,0,0,0),(1147,477,1,1,2,8000,0,16000,0,16000,0,0,0),(1148,477,39,1,1,10000,0,10000,0,10000,0,0,0),(1149,477,3,1,3,18500,0,55500,0,55500,0,0,0),(1150,478,3,1,2,19000,0,38000,0,38000,0,0,0),(1151,479,3,1,3,18000,0,54000,0,54000,0,0,0),(1152,479,8,1,3,13000,0,39000,0,39000,0,0,0),(1153,479,9,1,3,13000,0,39000,0,39000,0,0,0),(1154,479,13,1,3,37000,0,111000,0,111000,0,0,0),(1155,476,3,1,4,19000,0,76000,0,76000,0,0,0),(1156,480,3,1,45,19000,0,855000,0,855000,0,0,0),(1157,481,3,1,1,20000,0,20000,0,20000,0,0,0),(1158,482,3,1,26,19000,0,494000,0,494000,0,0,0),(1159,482,39,1,19,10000,0,190000,0,190000,0,0,0),(1160,482,36,1,1,90000,0,90000,0,90000,0,0,0),(1161,482,38,1,1,11000,0,11000,0,11000,0,0,0),(1162,482,10,1,1,15000,0,15000,0,15000,0,0,0),(1163,483,3,1,1,19000,0,19000,0,19000,0,0,0),(1164,483,8,1,1,15000,0,15000,0,15000,0,0,0),(1165,483,10,1,1,15000,0,15000,0,15000,0,0,0),(1166,483,4,1,1,11000,0,11000,0,11000,0,0,0),(1167,484,3,1,9,19000,0,171000,0,171000,0,0,0),(1168,484,39,1,8,10000,0,80000,0,80000,0,0,0),(1169,485,3,1,5,20000,0,100000,0,100000,0,0,0),(1170,485,1,1,1,11000,0,11000,0,11000,0,0,0),(1171,486,3,1,1,20000,0,20000,0,20000,0,0,0),(1172,486,1,1,1,11000,0,11000,0,11000,0,0,0),(1175,488,3,1,1,18000,0,18000,0,18000,0,0,0),(1176,488,9,1,1,13000,0,13000,0,13000,0,0,0),(1177,488,13,1,1,35000,0,35000,0,35000,0,0,0),(1178,489,3,1,1,23000,0,23000,0,23000,0,0,0),(1179,490,3,1,1,23000,0,23000,0,23000,0,0,0),(1181,491,3,1,1,20000,0,20000,0,20000,0,0,0),(1182,491,1,1,1,11000,0,11000,0,11000,0,0,0),(1183,492,3,1,1,20000,0,20000,0,20000,0,0,0),(1184,492,1,1,1,11000,0,11000,0,11000,0,0,0),(1185,493,3,1,1,20000,0,20000,0,20000,0,0,0),(1186,493,1,1,1,11000,0,11000,0,11000,0,0,0),(1187,494,3,1,1,20000,0,20000,0,20000,0,0,0),(1188,494,1,1,1,11000,0,11000,0,11000,0,0,0),(1189,495,3,1,1,23000,0,23000,0,23000,0,0,0),(1190,496,13,1,1,39000,0,39000,0,39000,0,0,0),(1191,497,13,1,1,39000,0,39000,0,39000,0,0,0),(1192,498,3,1,1,20000,0,20000,0,20000,0,0,0),(1193,498,1,1,1,11000,0,11000,0,11000,0,0,0),(1194,499,3,1,83,17500,0,1452500,0,1452500,0,0,0),(1195,499,1,1,31,11000,0,341000,0,341000,0,0,0),(1197,499,13,1,22,37900,0,833800,0,833800,0,0,0),(1198,499,8,1,1,17000,0,17000,0,17000,0,0,0),(1199,499,10,1,1,12000,0,12000,0,12000,0,0,0),(1200,500,3,1,18,18000,0,324000,0,324000,0,0,0),(1201,500,1,1,8,11000,0,88000,0,88000,0,0,0),(1202,501,3,1,1,23000,0,23000,0,23000,0,0,0),(1203,501,1,1,1,11000,0,11000,0,11000,0,0,0),(1204,501,10,1,1,16000,0,16000,0,16000,0,0,0),(1205,502,13,1,1,39000,0,39000,0,39000,0,0,0),(1206,503,9,1,1,16000,0,16000,0,16000,0,0,0),(1208,487,17,1,6,40000,0,240000,0,240000,0,0,0),(1209,487,16,1,2,20000,0,40000,0,40000,0,0,0),(1210,505,3,1,1,23000,0,23000,0,23000,0,0,0),(1211,506,3,1,1,23000,0,23000,0,23000,0,0,0),(1212,507,17,1,1,40000,0,40000,0,40000,0,0,0),(1213,508,3,1,1,18000,0,18000,0,18000,0,0,0),(1214,508,9,1,1,12000,0,12000,0,12000,0,0,0),(1215,508,13,1,1,33000,0,33000,0,33000,0,0,0),(1216,508,10,1,1,15000,0,15000,0,15000,0,0,0),(1217,508,8,1,1,12000,0,12000,0,12000,0,0,0),(1218,509,13,1,1,39000,0,39000,0,39000,0,0,0),(1219,510,3,1,1,18000,0,18000,0,18000,0,0,0),(1220,510,9,1,1,12000,0,12000,0,12000,0,0,0),(1221,510,13,1,1,33000,0,33000,0,33000,0,0,0),(1222,510,10,1,1,15000,0,15000,0,15000,0,0,0),(1223,510,8,1,1,12000,0,12000,0,12000,0,0,0),(1224,511,3,1,8,18000,0,144000,0,144000,0,0,0),(1225,511,1,1,2,11000,0,22000,0,22000,0,0,0),(1226,512,3,1,1,23000,0,23000,0,23000,0,0,0),(1227,512,1,1,1,11000,0,11000,0,11000,0,0,0),(1229,513,3,1,1,20000,0,20000,0,20000,0,0,0),(1230,513,1,1,1,11000,0,11000,0,11000,0,0,0),(1231,514,3,1,1,23000,0,23000,0,23000,0,0,0),(1232,515,3,1,1,20000,0,20000,0,20000,0,0,0),(1233,515,1,1,1,11000,0,11000,0,11000,0,0,0),(1234,516,3,1,1,23000,0,23000,0,23000,0,0,0),(1235,516,1,1,1,11000,0,11000,0,11000,0,0,0),(1236,516,16,1,1,27000,0,27000,0,27000,0,0,0),(1239,517,3,1,1,20000,0,20000,0,20000,0,0,0),(1240,517,1,1,1,11000,0,11000,0,11000,0,0,0),(1241,518,13,1,1,39000,0,39000,0,39000,0,0,0),(1247,520,3,1,5,18000,0,90000,0,90000,0,0,0),(1248,520,13,1,5,37000,0,185000,0,185000,0,0,0),(1249,520,8,1,5,13000,0,65000,0,65000,0,0,0),(1250,520,9,1,4,13000,0,52000,0,52000,0,0,0),(1251,520,10,1,1,15000,0,15000,0,15000,0,0,0),(1252,520,36,1,1,95000,0,95000,0,95000,0,0,0),(1253,521,3,1,4,18000,0,72000,0,72000,0,0,0),(1254,521,13,1,2,36000,0,72000,0,72000,0,0,0),(1255,521,8,1,2,15000,0,30000,0,30000,0,0,0),(1256,521,9,1,2,15000,0,30000,0,30000,0,0,0),(1257,521,10,1,2,15000,0,30000,0,30000,0,0,0),(1258,522,3,1,2,18000,0,36000,0,36000,0,0,0),(1259,522,8,1,2,15000,0,30000,0,30000,0,0,0),(1260,522,9,1,2,15000,0,30000,0,30000,0,0,0),(1261,522,10,1,2,15000,0,30000,0,30000,0,0,0),(1262,522,21,1,2,10000,0,20000,0,20000,0,0,0),(1263,522,22,1,2,8000,0,16000,0,16000,0,0,0),(1264,522,35,1,2,32000,0,64000,0,64000,0,0,0),(1265,522,36,1,1,15000,0,15000,0,15000,0,0,0),(1267,524,3,1,2,18500,0,37000,0,37000,0,0,0),(1268,524,1,1,2,10000,0,20000,0,20000,0,0,0),(1272,525,3,1,1,23000,0,23000,0,23000,0,0,0),(1273,526,13,1,1,39000,0,39000,0,39000,0,0,0),(1274,523,3,1,4,18000,0,72000,0,72000,0,0,0),(1275,523,10,1,4,15000,0,60000,0,60000,0,0,0),(1276,527,3,1,8,19000,0,152000,0,152000,0,0,0),(1277,528,3,1,1,23000,0,23000,0,23000,0,0,0),(1278,529,3,1,1,23000,0,23000,0,23000,0,0,0),(1279,530,3,1,1,23000,0,23000,0,23000,0,0,0),(1280,531,3,1,1,18000,0,18000,0,18000,0,0,0),(1281,531,9,1,1,13000,0,13000,0,13000,0,0,0),(1282,531,13,1,1,35000,0,35000,0,35000,0,0,0),(1283,504,3,1,3,19000,0,57000,0,57000,0,0,0),(1284,504,43,1,4,19000,0,76000,0,76000,0,0,0),(1285,533,3,1,150,17500,0,2625000,0,2625000,0,0,0),(1286,533,1,1,87,11000,0,957000,0,957000,0,0,0),(1287,533,13,1,30,37900,0,1137000,0,1137000,0,0,0),(1288,533,8,1,19,17000,0,323000,0,323000,0,0,0),(1289,533,9,1,15,15000,0,225000,0,225000,0,0,0),(1290,533,10,1,2,12000,0,24000,0,24000,0,0,0),(1291,532,13,1,1,39000,0,39000,0,39000,0,0,0),(1292,534,3,1,1,23000,0,23000,0,23000,0,0,0),(1293,535,13,1,1,39000,0,39000,0,39000,0,0,0),(1294,536,3,1,1,23000,0,23000,0,23000,0,0,0),(1295,537,3,1,17,19000,0,323000,0,323000,0,0,0),(1296,537,36,1,2,95000,0,190000,0,190000,0,0,0),(1297,538,3,1,7,19000,0,133000,0,133000,0,0,0),(1298,538,39,1,3,10000,0,30000,0,30000,0,0,0),(1299,539,3,1,1,18000,0,18000,0,18000,0,0,0),(1300,539,9,1,1,13000,0,13000,0,13000,0,0,0),(1301,539,13,1,1,35000,0,35000,0,35000,0,0,0),(1302,540,3,1,26,19000,0,494000,0,494000,0,0,0),(1303,540,39,1,17,10000,0,170000,0,170000,0,0,0),(1304,540,1,1,1,10000,0,10000,0,10000,0,0,0),(1305,540,38,1,2,11000,0,22000,0,22000,0,0,0),(1306,541,38,1,1,11000,0,11000,0,11000,0,0,0),(1307,541,3,1,1,19000,0,19000,0,19000,0,0,0),(1308,541,8,1,1,15000,0,15000,0,15000,0,0,0),(1309,541,10,1,1,15000,0,15000,0,15000,0,0,0),(1310,542,3,1,1,23000,0,23000,0,23000,0,0,0),(1311,543,3,1,1,23000,0,23000,0,23000,0,0,0),(1312,543,8,1,1,16000,0,16000,0,16000,0,0,0),(1313,543,10,1,1,16000,0,16000,0,16000,0,0,0),(1314,544,3,1,1,23000,0,23000,0,23000,0,0,0),(1315,545,3,1,1,18000,0,18000,0,18000,0,0,0),(1316,545,9,1,1,12000,0,12000,0,12000,0,0,0),(1317,545,10,1,1,15000,0,15000,0,15000,0,0,0),(1318,545,8,1,1,12000,0,12000,0,12000,0,0,0),(1319,545,13,1,1,33000,0,33000,0,33000,0,0,0),(1320,546,33,1,1,5000,0,5000,0,5000,0,0,0),(1321,546,37,1,1,8000,0,8000,0,8000,0,0,0),(1322,546,19,1,1,4000,0,4000,0,4000,0,0,0),(1323,546,32,1,1,4000,0,4000,0,4000,0,0,0),(1324,547,13,1,1,39000,0,39000,0,39000,0,0,0),(1325,548,13,1,1,19500,0,19500,0,19500,0,0,0),(1326,549,13,1,1,33000,0,33000,0,33000,0,0,0),(1327,550,3,1,1,18000,0,18000,0,18000,0,0,0),(1328,550,9,1,1,13000,0,13000,0,13000,0,0,0),(1329,550,13,1,1,35000,0,35000,0,35000,0,0,0),(1330,551,3,1,1,23000,0,23000,0,23000,0,0,0),(1331,552,3,1,1,18000,0,18000,0,18000,0,0,0),(1332,552,9,1,1,12000,0,12000,0,12000,0,0,0),(1333,552,10,1,1,15000,0,15000,0,15000,0,0,0),(1334,552,8,1,1,12000,0,12000,0,12000,0,0,0),(1335,552,13,1,1,33000,0,33000,0,33000,0,0,0),(1336,553,3,1,1,23000,0,23000,0,23000,0,0,0),(1337,554,3,1,11,20000,0,220000,0,220000,0,0,0),(1338,554,1,1,11,11000,0,121000,0,121000,0,0,0),(1339,554,8,1,2,15000,0,30000,0,30000,0,0,0),(1340,554,10,1,2,15000,0,30000,0,30000,0,0,0),(1342,554,36,1,2,75000,0,150000,0,150000,0,0,0),(1343,555,3,1,1,20000,0,20000,0,20000,0,0,0),(1344,556,34,1,1,10000,0,10000,0,10000,0,0,0),(1345,557,34,1,1,10000,0,10000,0,10000,0,0,0),(1346,557,44,1,1,29000,0,29000,0,29000,0,0,0),(1347,558,44,1,1,29000,0,29000,0,29000,0,0,0),(1348,558,34,1,1,10000,0,10000,0,10000,0,0,0),(1349,559,34,1,1,10000,0,10000,0,10000,0,0,0),(1350,560,34,1,1,10000,0,10000,0,10000,0,0,0),(1352,562,13,1,1,39000,0,39000,0,39000,0,0,0),(1353,563,9,1,1,13000,0,13000,0,13000,0,0,0),(1354,563,3,1,1,18000,0,18000,0,18000,0,0,0),(1355,563,13,1,1,35000,0,35000,0,35000,0,0,0),(1356,564,3,1,1,18000,0,18000,0,18000,0,0,0),(1357,564,9,1,1,13000,0,13000,0,13000,0,0,0),(1358,564,13,1,1,35000,0,35000,0,35000,0,0,0),(1359,561,3,1,1,18000,0,18000,0,18000,0,0,0),(1360,561,9,1,1,13000,0,13000,0,13000,0,0,0),(1361,561,13,1,1,35000,0,35000,0,35000,0,0,0),(1362,565,3,1,1,23000,0,23000,0,23000,0,0,0),(1363,565,1,1,1,10000,0,10000,0,10000,0,0,0),(1364,566,3,1,1,23000,0,23000,0,23000,0,0,0),(1365,566,1,1,1,10000,0,10000,0,10000,0,0,0),(1366,567,3,1,1,23000,0,23000,0,23000,0,0,0),(1367,568,3,1,1,20000,0,20000,0,20000,0,0,0),(1368,568,1,1,1,11000,0,11000,0,11000,0,0,0),(1369,569,10,1,1,16000,0,16000,0,16000,0,0,0),(1370,570,3,1,1,18000,0,18000,0,18000,0,0,0),(1371,570,9,1,1,13000,0,13000,0,13000,0,0,0),(1372,570,13,1,1,35000,0,35000,0,35000,0,0,0),(1373,571,3,1,115,17500,0,2012500,0,2012500,0,0,0),(1374,571,1,1,65,11000,0,715000,0,715000,0,0,0),(1375,571,13,1,15,37900,0,568500,0,568500,0,0,0),(1376,571,13,1,1,18950,0,18950,0,18950,0,0,0),(1377,571,8,1,5,17000,0,85000,0,85000,0,0,0),(1378,571,9,1,3,15000,0,45000,0,45000,0,0,0),(1379,571,10,1,1,12000,0,12000,0,12000,0,0,0),(1380,571,17,1,1,40000,0,40000,0,40000,0,0,0),(1381,572,3,1,1,18000,0,18000,0,18000,0,0,0),(1382,572,9,1,1,13000,0,13000,0,13000,0,0,0),(1383,572,13,1,1,35000,0,35000,0,35000,0,0,0),(1384,574,17,1,1,42000,0,42000,0,42000,0,0,0),(1385,575,3,1,1,23000,0,23000,0,23000,0,0,0),(1386,576,3,1,1,23000,0,23000,0,23000,0,0,0),(1387,577,13,1,1,39000,0,39000,0,39000,0,0,0),(1388,578,13,1,1,35000,0,35000,0,35000,0,0,0),(1389,578,9,1,1,13000,0,13000,0,13000,0,0,0),(1391,578,3,1,1,18000,0,18000,0,18000,0,0,0),(1392,579,3,1,1,18000,0,18000,0,18000,0,0,0),(1393,579,9,1,1,13000,0,13000,0,13000,0,0,0),(1394,579,13,1,1,35000,0,35000,0,35000,0,0,0),(1395,580,3,1,1,23000,0,23000,0,23000,0,0,0),(1396,581,3,1,1,18000,0,18000,0,18000,0,0,0),(1397,581,9,1,1,13000,0,13000,0,13000,0,0,0),(1398,581,13,1,1,35000,0,35000,0,35000,0,0,0),(1399,582,13,1,1,39000,0,39000,0,39000,0,0,0),(1404,583,3,1,1,23000,0,23000,0,23000,0,0,0),(1405,583,10,1,1,16000,0,16000,0,16000,0,0,0),(1406,583,19,1,1,10000,0,10000,0,10000,0,0,0),(1408,583,39,1,1,12000,0,12000,0,12000,0,0,0),(1409,584,13,1,1,39000,0,39000,0,39000,0,0,0),(1410,585,3,1,19,18000,0,342000,0,342000,0,0,0),(1411,585,1,1,1,11000,0,11000,0,11000,0,0,0),(1412,573,3,1,3,18000,0,54000,0,54000,0,0,0),(1413,573,8,1,3,12000,0,36000,0,36000,0,0,0),(1415,573,9,1,2,12000,0,24000,0,24000,0,0,0),(1416,573,10,1,3,12000,0,36000,0,36000,0,0,0),(1417,586,3,1,1,18000,0,18000,0,18000,0,0,0),(1418,586,9,1,1,12000,0,12000,0,12000,0,0,0),(1419,586,10,1,1,15000,0,15000,0,15000,0,0,0),(1420,586,8,1,1,12000,0,12000,0,12000,0,0,0),(1421,586,13,1,1,33000,0,33000,0,33000,0,0,0),(1422,587,3,1,1,18000,0,18000,0,18000,0,0,0),(1423,587,9,1,1,13000,0,13000,0,13000,0,0,0),(1424,587,13,1,1,35000,0,35000,0,35000,0,0,0),(1425,588,3,1,1,18000,0,18000,0,18000,0,0,0),(1429,588,13,1,1,35000,0,35000,0,35000,0,0,0),(1430,588,9,1,1,13000,0,13000,0,13000,0,0,0),(1431,589,3,1,1,23000,0,23000,0,23000,0,0,0),(1432,590,3,1,1,23000,0,23000,0,23000,0,0,0),(1433,591,3,1,115,17500,0,2012500,0,2012500,0,0,0),(1434,591,1,1,57,11000,0,627000,0,627000,0,0,0),(1435,591,8,1,1,17000,0,17000,0,17000,0,0,0),(1436,591,13,1,18,37900,0,682200,0,682200,0,0,0),(1437,592,3,1,1,18000,0,18000,0,18000,0,0,0),(1438,592,9,1,1,13000,0,13000,0,13000,0,0,0),(1439,592,13,1,1,35000,0,35000,0,35000,0,0,0),(1440,593,13,1,1,35000,0,35000,0,35000,0,0,0),(1443,593,3,1,1,18000,0,18000,0,18000,0,0,0),(1444,593,9,1,1,13000,0,13000,0,13000,0,0,0),(1446,594,3,1,1,18000,0,18000,0,18000,0,0,0),(1447,594,9,1,1,13000,0,13000,0,13000,0,0,0),(1448,594,13,1,1,35000,0,35000,0,35000,0,0,0),(1449,595,3,1,1,23000,0,23000,0,23000,0,0,0),(1450,595,1,1,1,11000,0,11000,0,11000,0,0,0),(1451,595,13,1,1,39000,0,39000,0,39000,0,0,0),(1452,596,3,1,4,20000,0,80000,0,80000,0,0,0),(1453,596,1,1,5,11000,0,55000,0,55000,0,0,0),(1454,597,13,1,1,39000,0,39000,0,39000,0,0,0),(1455,598,3,1,1,23000,0,23000,0,23000,0,0,0),(1463,606,3,1,1,23000,0,23000,0,23000,0,0,0),(1464,607,3,1,1,23000,0,23000,0,23000,0,0,0),(1465,607,8,1,1,16000,0,16000,0,16000,0,0,0),(1466,607,10,1,1,16000,0,16000,0,16000,0,0,0),(1467,608,3,1,1,18000,0,18000,0,18000,0,0,0),(1468,608,9,1,1,13000,0,13000,0,13000,0,0,0),(1469,608,13,1,1,35000,0,35000,0,35000,0,0,0),(1470,609,13,1,1,39000,0,39000,0,39000,0,0,0),(1471,605,3,1,4,18000,0,72000,0,72000,0,0,0),(1472,605,8,1,3,15000,0,45000,0,45000,0,0,0),(1473,605,10,1,3,15000,0,45000,0,45000,0,0,0),(1474,605,9,1,3,15000,0,45000,0,45000,0,0,0),(1475,605,21,1,3,10000,0,30000,0,30000,0,0,0),(1476,605,22,1,3,8000,0,24000,0,24000,0,0,0),(1477,605,35,1,3,32000,0,96000,0,96000,0,0,0),(1478,605,36,1,3,15000,0,45000,0,45000,0,0,0),(1479,602,3,1,2,19000,0,38000,0,38000,0,0,0),(1480,601,3,1,2,19000,0,38000,0,38000,0,0,0),(1481,604,3,1,5,19000,0,95000,0,95000,0,0,0),(1482,603,3,1,2,18000,0,36000,0,36000,0,0,0),(1483,603,10,1,2,15000,0,30000,0,30000,0,0,0),(1484,610,3,1,9,19000,0,171000,0,171000,0,0,0),(1485,610,33,1,1,8000,0,8000,0,8000,0,0,0),(1486,611,28,1,1,42000,0,42000,0,42000,0,0,0),(1488,612,10,1,1,15000,0,15000,0,15000,0,0,0),(1489,612,35,1,1,30000,0,30000,0,30000,0,0,0),(1490,612,22,1,1,10000,0,10000,0,10000,0,0,0),(1491,612,8,1,1,10000,0,10000,0,10000,0,0,0),(1492,613,17,1,1,40000,0,40000,0,40000,0,0,0),(1493,614,3,1,1,23000,0,23000,0,23000,0,0,0),(1494,615,3,1,1,23000,0,23000,0,23000,0,0,0),(1495,616,3,1,47,19000,0,893000,0,893000,0,0,0),(1496,616,43,1,1,19000,0,19000,0,19000,0,0,0),(1497,616,39,1,15,10000,0,150000,0,150000,0,0,0),(1498,616,38,1,6,11000,0,66000,0,66000,0,0,0),(1499,616,17,1,1,40000,0,40000,0,40000,0,0,0),(1500,617,3,1,5,19000,0,95000,0,95000,0,0,0),(1501,617,39,1,5,10000,0,50000,0,50000,0,0,0),(1502,618,3,1,1,19000,0,19000,0,19000,0,0,0),(1509,621,3,1,1,23000,0,23000,0,23000,0,0,23),(1510,621,8,1,1,16000,0,16000,0,16000,0,0,60),(1511,621,9,1,1,16000,0,16000,0,16000,0,0,59),(1512,621,10,1,1,16000,0,16000,0,16000,0,0,64),(1513,621,36,1,1,95000,0,95000,0,95000,0,0,23),(1514,621,38,1,1,20000,0,20000,0,20000,0,0,23),(1515,622,36,1,1,85000,0,85000,0,85000,0,0,0),(1516,623,36,1,1,85000,0,85000,0,85000,0,0,0),(1517,624,36,1,1,85000,0,85000,0,85000,0,0,0),(1518,625,36,1,1,85000,0,85000,0,85000,0,0,0),(1519,626,30,1,1,32000,0,32000,0,32000,0,0,0),(1520,627,3,1,1,17500,0,17500,0,17500,0,0,23),(1521,627,13,1,1,37900,0,37900,0,37900,0,0,62),(1522,628,3,1,1,17500,0,17500,0,17500,0,0,21),(1523,628,13,1,1,37900,0,37900,0,37900,0,0,62),(1524,629,3,1,1,17500,0,17500,0,17500,0,0,23),(1525,629,13,1,1,37900,0,37900,0,37900,0,0,62),(1526,630,3,1,1,17500,0,17500,0,17500,0,0,23),(1527,630,13,1,1,37900,0,37900,0,37900,0,0,62),(1528,631,3,1,1,20000,0,20000,0,20000,0,0,23),(1529,632,36,1,1,90000,0,90000,0,90000,0,0,0),(1530,633,36,1,1,90000,0,90000,0,90000,0,0,0),(1531,634,3,1,1,23000,0,23000,0,23000,0,0,0),(1532,635,3,1,1,19000,0,19000,0,19000,0,0,23),(1533,636,3,1,1,19000,0,19000,0,19000,0,0,23),(1534,637,3,1,1,20000,0,20000,0,20000,0,0,20);
/*!40000 ALTER TABLE `dedocumentos` ENABLE KEYS */;
UNLOCK TABLES;

/*!50003 SET @SAVE_SQL_MODE=@@SQL_MODE*/;

DELIMITER ;;
/*!50003 SET SESSION SQL_MODE="NO_AUTO_CREATE_USER,NO_ENGINE_SUBSTITUTION" */;;
/*!50003 CREATE */ /*!50017 DEFINER=`root`@`localhost` */ /*!50003 TRIGGER `dedocumentos_before_ins_tr` BEFORE INSERT ON `dedocumentos` FOR EACH ROW BEGIN
   SET NEW.valparcial = ( NEW.cantidad * NEW.valunitario) - NEW.valdescuento;
   
   SET NEW.valbase = NEW.valparcial / ( 1 + ( NEW.porciva / 100));
   
   SET NEW.valiva = NEW.valparcial - NEW.valbase;
   
   UPDATE documentos SET base = ( base + NEW.valbase ) , iva = ( iva + NEW.valiva) , total = ( total + NEW.valparcial) , totalitems = ( totalitems + NEW.cantidad) WHERE docuid = NEW.docuid; 
END */;;

/*!50003 SET SESSION SQL_MODE="NO_AUTO_CREATE_USER,NO_ENGINE_SUBSTITUTION" */;;
/*!50003 CREATE */ /*!50017 DEFINER=`root`@`localhost` */ /*!50003 TRIGGER `dedocumentos_before_upd_tr` BEFORE UPDATE ON `dedocumentos` FOR EACH ROW BEGIN
   SET NEW.valparcial = ( NEW.cantidad * NEW.valunitario) - NEW.valdescuento;
   
   SET NEW.valbase = NEW.valparcial / ( 1 + ( NEW.porciva / 100));
   
   SET NEW.valiva = NEW.valparcial - NEW.valbase;
END */;;

/*!50003 SET SESSION SQL_MODE="NO_AUTO_CREATE_USER,NO_ENGINE_SUBSTITUTION" */;;
/*!50003 CREATE */ /*!50017 DEFINER=`root`@`localhost` */ /*!50003 TRIGGER `dedocumentos_before_del_tr` BEFORE DELETE ON `dedocumentos` FOR EACH ROW BEGIN
   UPDATE documentos SET base = ( base - OLD.valbase ) , iva = ( iva - OLD.valiva) , total = ( total - OLD.valparcial) , totalitems = (totalitems - OLD.cantidad) WHERE docuid = OLD.docuid;
END */;;

DELIMITER ;
/*!50003 SET SESSION SQL_MODE=@SAVE_SQL_MODE*/;

--
-- Table structure for table `depromociones`
--

DROP TABLE IF EXISTS `depromociones`;
SET @saved_cs_client     = @@character_set_client;
SET character_set_client = utf8;
CREATE TABLE `depromociones` (
  `depromoid` int(11) NOT NULL auto_increment,
  `promoid` int(11) NOT NULL,
  `tipo` varchar(1) NOT NULL,
  `cantidad` double NOT NULL,
  `itemid` bigint(20) NOT NULL,
  `creador` varchar(20) NOT NULL,
  `momento` timestamp NOT NULL default CURRENT_TIMESTAMP,
  PRIMARY KEY  (`depromoid`),
  KEY `promoid` (`promoid`),
  CONSTRAINT `depromociones_ibfk_1` FOREIGN KEY (`promoid`) REFERENCES `promociones` (`promoid`)
) ENGINE=InnoDB AUTO_INCREMENT=22 DEFAULT CHARSET=utf8 COMMENT='Detalle de la Promocion';
SET character_set_client = @saved_cs_client;

--
-- Dumping data for table `depromociones`
--

LOCK TABLES `depromociones` WRITE;
/*!40000 ALTER TABLE `depromociones` DISABLE KEYS */;
INSERT INTO `depromociones` VALUES (10,8,'F',1,93,'ADMINISTRADOR','2012-01-11 20:52:57'),(11,8,'V',1,100,'ADMINISTRADOR','2012-01-11 20:53:03'),(12,9,'F',2,93,'ADMINISTRADOR','2012-01-11 20:56:46'),(13,9,'V',1,100,'ADMINISTRADOR','2012-01-11 20:56:57'),(14,10,'F',1,93,'ADMINISTRADOR','2012-01-11 20:58:51'),(16,10,'V',1,100,'ADMINISTRADOR','2012-01-11 21:03:20'),(18,11,'V',1,100,'ADMINISTRADOR','2012-01-11 21:06:07'),(21,11,'V',0.5,100,'ADMINISTRADOR','2012-01-11 21:10:00');
/*!40000 ALTER TABLE `depromociones` ENABLE KEYS */;
UNLOCK TABLES;

--
-- Table structure for table `documentos`
--

DROP TABLE IF EXISTS `documentos`;
SET @saved_cs_client     = @@character_set_client;
SET character_set_client = utf8;
CREATE TABLE `documentos` (
  `docuid` bigint(20) NOT NULL auto_increment,
  `tipoexamen` varchar(25) NOT NULL,
  `nitempresa` varchar(25) NOT NULL,
  `cargo` varchar(100) NOT NULL,
  `tipodoc` varchar(3) NOT NULL,
  `prefijo` varchar(5) NOT NULL,
  `numero` varchar(8) NOT NULL,
  `fechadoc` timestamp NOT NULL default '0000-00-00 00:00:00',
  `fecasentado` timestamp NOT NULL default '0000-00-00 00:00:00',
  `fecanulado` timestamp NOT NULL default '0000-00-00 00:00:00',
  `terid1` bigint(20) NOT NULL,
  `terid2` bigint(20) NOT NULL,
  `observacion` text NOT NULL,
  `base` double NOT NULL default '0',
  `iva` double NOT NULL default '0',
  `total` double NOT NULL,
  `impreso` varchar(1) NOT NULL,
  `totalitems` double NOT NULL default '0',
  `creador` varchar(20) NOT NULL,
  `momento` timestamp NOT NULL default CURRENT_TIMESTAMP on update CURRENT_TIMESTAMP,
  `contratoid` int(11) NOT NULL,
  PRIMARY KEY  (`docuid`),
  KEY `tipodoc` (`tipodoc`,`prefijo`,`numero`,`creador`,`terid1`),
  KEY `terid1` (`terid1`),
  CONSTRAINT `documentos_ibfk_1` FOREIGN KEY (`tipodoc`) REFERENCES `tipodoc` (`codigo`),
  CONSTRAINT `documentos_ibfk_2` FOREIGN KEY (`terid1`) REFERENCES `terceros` (`terid`)
) ENGINE=InnoDB AUTO_INCREMENT=638 DEFAULT CHARSET=utf8 COMMENT='Documentos del Sistema';
SET character_set_client = @saved_cs_client;

--
-- Dumping data for table `documentos`
--

LOCK TABLES `documentos` WRITE;
/*!40000 ALTER TABLE `documentos` DISABLE KEYS */;
INSERT INTO `documentos` VALUES (6,'','','','FVE','00','0307','2012-01-30 20:47:50','2012-01-30 05:00:00','0000-00-00 00:00:00',17,1,'PARTICULAR-LOS VADOS',66000,0,66000,'',3,'JORGE','2012-01-31 15:23:57',6),(7,'','','','FVE','00','0308','2012-01-30 21:02:50','2012-01-30 05:00:00','0000-00-00 00:00:00',18,1,'GIOVANNY SIERRA  CC. 91.515.980',20000,0,20000,'',1,'JORGE','2012-01-31 15:23:57',6),(8,'','','','FVE','00','0309','2012-01-31 13:51:24','2012-01-31 05:00:00','0000-00-00 00:00:00',24,1,'PARTICULAR-LOS VADOS',66000,0,66000,'',3,'JORGE','2012-01-31 15:23:57',6),(9,'','','','FVE','00','0310','2012-01-31 14:27:35','2012-01-31 05:00:00','0000-00-00 00:00:00',25,1,'PARTICULAR-LOS VADOS',66000,0,66000,'',3,'JORGE','2012-01-31 15:23:57',6),(15,'','','','FVE','00','0311','2012-01-31 15:39:14','2012-01-31 05:00:00','0000-00-00 00:00:00',26,1,'EL BALCONCITO OCAÑERO',360000,0,360000,'',9,'JORGE','2012-01-31 15:39:16',6),(34,'','','','FVE','00','0312','2012-01-31 16:12:44','2012-01-31 05:00:00','0000-00-00 00:00:00',27,1,'PARA INGRESAR A LABORAL',4050000,0,4050000,'',200,'JORGE','2012-01-31 16:24:00',0),(38,'','','','FVE','00','0313','2012-01-31 16:31:20','2012-01-31 05:00:00','0000-00-00 00:00:00',28,1,'PARTICULAR-RAMA JUDICIAL',23000,0,23000,'',1,'JORGE','2012-01-31 16:31:28',6),(41,'','','','FVE','00','0317','2012-01-31 15:50:04','2012-02-01 05:00:00','0000-00-00 00:00:00',29,1,'PACIENTES VISTOS 13/01/2012 AL 31/01/2012',5725500,0,5725500,'',349,'JORGE','2012-02-01 15:50:15',6),(42,'','','','FVE','00','0314','2012-01-31 21:50:05','2012-01-31 05:00:00','0000-00-00 00:00:00',30,1,'PACIENTES DE CUCUTA',152000,0,152000,'',8,'JORGE','2012-01-31 21:53:06',6),(43,'','','','FVE','00','0315','2012-01-31 22:18:26','2012-01-31 05:00:00','0000-00-00 00:00:00',31,1,'PACIENTES VISTOS EN EL MES DE ENERO DE 2012',54000,0,54000,'',3,'JORGE','2012-01-31 22:18:41',6),(44,'','','','FVE','00','0316','2012-01-31 22:51:54','2012-01-31 05:00:00','0000-00-00 00:00:00',32,1,'PACIENTES VALORADOS EN EL MES DE ENERO DE 2012',108000,0,108000,'',6,'JORGE ','2012-01-31 22:52:14',6),(45,'','','','FVE','00','0318','2012-01-31 20:51:34','2012-02-01 05:00:00','0000-00-00 00:00:00',33,1,'PARTICULAR-RAMA JUDICIAL',23000,0,23000,'',1,'JORGE','2012-02-01 20:51:44',6),(46,'','','','FVE','00','0319','2012-01-31 21:37:25','2012-02-01 05:00:00','0000-00-00 00:00:00',34,1,'PACIENTES VISTOS EN EL MES DE ENERO DE 2012',132000,0,132000,'',6,'JORGE','2012-02-01 21:37:32',6),(48,'','','','FVE','00','0320','2012-01-31 14:39:35','2012-02-02 05:00:00','0000-00-00 00:00:00',35,1,'PACIENTES VALORADOS EN EL MES DE ENERO DE 2012',571000,0,571000,'',30,'JORGE','2012-02-02 14:39:38',6),(49,'','','','FVE','00','0321','2012-01-31 15:19:25','2012-02-02 05:00:00','0000-00-00 00:00:00',13,1,'PACIENTES VISTOS EN EL MES DE ENERO DE 2012',871000,0,871000,'',39,'JORGE','2012-02-02 15:43:40',6),(50,'','','','FVE','00','0322','2012-02-01 20:31:45','2012-02-02 05:00:00','0000-00-00 00:00:00',36,1,'PARTICULAR-RAMA JUDICIAL',23000,0,23000,'',1,'ADMINISTRADOR','2012-02-02 20:31:50',6),(51,'','','','FVE','00','0323','2012-02-02 20:37:57','2012-02-02 05:00:00','0000-00-00 00:00:00',37,1,'PARTICULAR',30000,0,30000,'',2,'JORGE','2012-02-02 20:38:22',6),(52,'','','','FVE','00','0324','2012-02-02 15:35:32','2012-02-06 05:00:00','2012-02-06 05:00:00',40,1,'PACIENTES VISTOS EN EL MES DE ENERO DE 2012. HS',0,0,0,'',0,'JORGE','2012-02-06 21:12:11',6),(53,'','','','FVE','00','0325','2012-02-03 14:14:46','2012-02-03 05:00:00','0000-00-00 00:00:00',38,1,'PARTICULAR-MULTIEMPLEOS',31000,0,31000,'',2,'JORGE','2012-02-03 14:15:20',6),(54,'','','','FVE','00','0326','2012-02-03 14:23:22','2012-02-03 05:00:00','0000-00-00 00:00:00',39,1,'PARTICULAR-FMP',28000,0,28000,'',2,'JORGE','2012-02-03 14:26:27',6),(55,'','','','FVE','00','0327','2012-02-03 15:47:50','2012-02-03 05:00:00','0000-00-00 00:00:00',41,1,'PARTICULAR-RAMA JUDICIAL',23000,0,23000,'',1,'JORGE','2012-02-03 15:47:59',6),(56,'','','','FVE','00','0328','2012-02-03 21:36:53','2012-02-16 05:00:00','0000-00-00 00:00:00',42,1,'PARTICULAR-GOBERNACION',19000,0,19000,'',1,'JORGE','2012-02-16 21:45:38',6),(57,'','','','FVE','00','0329','2012-02-03 14:02:25','2012-02-04 05:00:00','0000-00-00 00:00:00',12,1,'REINALDO RUIZ C.C 88.132.579',90000,0,90000,'',5,'JORGE','2012-02-04 14:04:26',6),(69,'','','','FVE','00','0330','2012-02-06 15:37:59','2012-02-06 05:00:00','0000-00-00 00:00:00',44,1,'PARTICULAR-GOBERNACION',23000,0,23000,'',1,'JORGE','2012-02-06 15:38:08',6),(72,'','','','FVE','00','0332','2012-02-06 14:55:45','2012-02-07 05:00:00','0000-00-00 00:00:00',45,1,'PARTICULAR-LOS VADOS',66000,0,66000,'',3,'JORGE','2012-02-07 14:55:48',6),(73,'','','','FVE','00','0333','2012-02-07 14:21:27','2012-02-07 05:00:00','0000-00-00 00:00:00',46,1,'YORMAN QUINTERO C.C. 1.090.388.074',20000,0,20000,'',1,'JORGE','2012-02-07 14:21:36',6),(74,'','','','FVE','00','0334','2012-02-07 14:57:08','2012-02-07 05:00:00','0000-00-00 00:00:00',47,1,'PARTICULAR-RAMA JUDICIAL',23000,0,23000,'',1,'JORGE','2012-02-07 14:57:21',6),(75,'','','','FVE','00','0335','2012-02-07 16:03:11','2012-02-07 05:00:00','0000-00-00 00:00:00',48,1,'PACIEENTES VISTOS EN EL MES DE ENERO DE 2012.',756000,0,756000,'',28,'JORGE','2012-02-07 17:17:01',6),(76,'','','','FVE','00','0336','2012-02-07 22:15:00','2012-02-07 05:00:00','0000-00-00 00:00:00',49,1,'PARTICULAR-RAMA JUDICIAL',23000,0,23000,'',1,'JORGE','2012-02-07 22:15:07',6),(77,'','','','FVE','00','0337','2012-02-07 22:19:28','2012-02-07 05:00:00','0000-00-00 00:00:00',50,1,'PARTICULAR-LOS VADOS',66000,0,66000,'',3,'JORGE','2012-02-07 22:20:01',6),(78,'','','','FVE','00','0338','2012-02-07 22:22:38','2012-02-07 05:00:00','0000-00-00 00:00:00',51,1,'PARTICULAR-LOS VADOS',66000,0,66000,'',3,'JORGE','2012-02-07 22:23:07',6),(79,'','','','FVE','00','0339','2012-02-07 22:28:45','2012-02-07 05:00:00','0000-00-00 00:00:00',52,1,'',66000,0,66000,'',3,'JORGE','2012-02-07 22:28:49',6),(80,'','','','FVE','00','0340','2012-02-07 22:35:59','2012-02-07 05:00:00','0000-00-00 00:00:00',53,1,'PARTICULAR-RAMA  JUDICIAL',23000,0,23000,'',1,'JORGE','2012-02-07 22:36:26',6),(81,'','','','FVE','00','0341','2012-02-07 22:41:52','2012-02-08 05:00:00','0000-00-00 00:00:00',54,1,'PARTICULAR-LOS VADOS',66000,0,66000,'',3,'JORGE','2012-02-08 14:31:21',6),(83,'','','','FVE','00','0342','2012-02-07 14:32:02','2012-02-08 05:00:00','0000-00-00 00:00:00',12,1,'WLADIMIR CONTRERAS C.C 1.092.344.540',90000,0,90000,'',5,'JORGE','2012-02-08 14:33:05',6),(84,'','','','FVE','00','0343','2012-02-08 14:42:17','2012-02-08 05:00:00','0000-00-00 00:00:00',55,1,'PARTICULAR-RAMA JUDICIAL',23000,0,23000,'',1,'JORGE','2012-02-08 14:42:52',6),(85,'','','','FVE','00','0344','2012-02-08 14:48:59','2012-02-08 05:00:00','0000-00-00 00:00:00',56,1,'PARTICULAR-LOS VADOS',66000,0,66000,'',3,'JORGE','2012-02-08 14:49:51',6),(86,'','','','FVE','00','0345','2012-02-08 14:53:34','2012-02-08 05:00:00','0000-00-00 00:00:00',57,1,'PARTICULAR-LOS VADOS',66000,0,66000,'',3,'JORGE','2012-02-08 14:54:34',6),(87,'','','','FVE','00','0346','2012-02-08 14:57:47','2012-02-08 05:00:00','0000-00-00 00:00:00',58,1,'PARTICULAR-LOS VADOS ',66000,0,66000,'',3,'JORGE','2012-02-08 14:59:21',6),(89,'','','','FVE','00','0347','2012-02-08 20:07:26','2012-02-08 05:00:00','0000-00-00 00:00:00',66,1,'PARTICULAR-RAMA JUDICIAL',23000,0,23000,'',1,'LISSETH','2012-02-08 20:07:42',6),(91,'','','','FVE','00','0348','2012-02-08 22:27:08','2012-02-08 05:00:00','0000-00-00 00:00:00',67,1,'PARTICULAR-RAMA JUDICIAL',23000,0,23000,'',1,'LISSETH','2012-02-08 22:27:11',6),(92,'','','','FVE','00','0349','2012-02-09 15:45:31','2012-02-09 05:00:00','0000-00-00 00:00:00',68,1,'PARTICULAR-RAMA JUDICIAL',23000,0,23000,'',1,'LISSETH','2012-02-09 15:45:39',6),(93,'','','','FVE','00','0350','2012-02-09 20:20:49','2012-02-09 05:00:00','0000-00-00 00:00:00',12,1,'JACINTO SILVA- 91239850',90000,0,90000,'',5,'ADMINISTRADOR','2012-02-09 20:22:01',6),(94,'','','','FVE','00','0351','2012-02-09 21:27:20','2012-02-09 05:00:00','0000-00-00 00:00:00',69,1,'PARTICULAR-MULTIEMPLEOS',20000,0,20000,'',1,'LISSETH','2012-02-09 21:27:34',6),(95,'','','','FVE','00','0352','2012-02-09 21:37:13','2012-02-09 05:00:00','0000-00-00 00:00:00',70,1,'PARTICULAR-MULTIEMPLEOS',20000,0,20000,'',1,'LISSETH','2012-02-09 21:37:27',6),(96,'','','','FVE','00','0353','2012-02-09 21:50:43','2012-02-09 05:00:00','0000-00-00 00:00:00',71,1,'PARTICULAR - MULTIEMPLEOS',31000,0,31000,'',2,'LISSETH','2012-02-09 21:51:08',6),(97,'','','','FVE','00','0354','2012-02-10 13:06:28','2012-02-10 05:00:00','0000-00-00 00:00:00',72,1,'PARTICULAR-GOBERNACION',23000,0,23000,'',1,'JORGE','2012-02-10 13:06:35',6),(98,'','','','FVE','00','0355','2012-02-10 15:51:56','2012-02-10 05:00:00','0000-00-00 00:00:00',73,1,'PARTICULAR-LOS VADOS',66000,0,66000,'',3,'LISSETH','2012-02-10 15:53:18',6),(99,'','','','FVE','00','0356','2012-02-10 16:50:07','2012-02-10 05:00:00','0000-00-00 00:00:00',74,1,'PARTICULAR-LOS VADOS',66000,0,66000,'',3,'JORGE','2012-02-10 16:50:34',6),(100,'','','','FVE','00','0357','2012-02-10 19:27:52','2012-02-10 05:00:00','0000-00-00 00:00:00',75,1,'PARTICULAR-MULTIEMPLEOS',31000,0,31000,'',2,'LISSETH','2012-02-10 19:28:20',6),(101,'','','','FVE','00','0358','2012-02-10 19:37:30','2012-02-10 05:00:00','0000-00-00 00:00:00',76,1,'PARTICULAR- RAMA JUDICIAL',23000,0,23000,'',1,'LISSETH','2012-02-10 19:37:42',6),(102,'','','','FVE','00','0359','2012-02-10 22:23:01','2012-02-10 05:00:00','0000-00-00 00:00:00',77,1,'PARTICULAR-RAMA JUDICIAL',23000,0,23000,'',1,'LISSETH','2012-02-10 22:23:10',6),(103,'','','','FVE','00','0360','2012-02-10 22:53:19','2012-02-10 05:00:00','0000-00-00 00:00:00',78,1,'PARTICULAR - DINGE LTDA',20000,0,20000,'',1,'LISSETH','2012-02-10 22:53:29',6),(104,'','','','FVE','00','0361','2012-02-10 23:09:26','2012-02-10 05:00:00','0000-00-00 00:00:00',12,1,'JOHN AMAYA CC 1.094.347.152',90000,0,90000,'',5,'LISSETH','2012-02-10 23:09:29',6),(105,'','','','FVE','00','0362','2012-02-11 13:31:13','2012-02-11 05:00:00','0000-00-00 00:00:00',79,1,'PARTICULAR',15000,0,15000,'',1,'JORGE','2012-02-11 13:31:25',6),(106,'','','','FVE','00','0363','2012-02-11 14:24:03','2012-02-11 05:00:00','0000-00-00 00:00:00',80,1,'PARTICULAR',15000,0,15000,'',1,'JORGE','2012-02-11 14:24:13',6),(107,'','','','FVE','00','0364','2012-02-11 15:22:33','2012-02-11 05:00:00','0000-00-00 00:00:00',12,1,'JESUS EMILIO MARIN C.C 88.270.782',90000,0,90000,'',5,'JORGE','2012-02-11 15:23:27',6),(108,'','','','FVE','00','0365','2012-02-13 14:27:23','2012-02-13 05:00:00','0000-00-00 00:00:00',81,1,'PAETICULAR-ERASMO MEOZ',60000,0,60000,'',2,'LISSETH','2012-02-13 14:29:28',6),(109,'','','','FVE','00','0366','2012-02-13 16:38:55','2012-02-13 05:00:00','0000-00-00 00:00:00',82,1,'PARTICULAR-RAMA JUDICIAL',23000,0,23000,'',1,'JORGE','2012-02-13 16:39:01',6),(110,'','','','FVE','00','0367','2012-02-13 21:04:49','2012-02-13 05:00:00','0000-00-00 00:00:00',83,1,'PARTICUALR-JC DISTRIBUCIONES',32000,0,32000,'',2,'LISSETH','2012-02-13 21:05:35',6),(111,'','','','FVE','00','0368','2012-02-13 21:53:52','2012-02-13 05:00:00','0000-00-00 00:00:00',29,1,'PACIENTES VISTOS DEL 01/02/2012 AL 11/02/2012',3576700,0,3576700,'',215,'JORGE','2012-02-13 21:59:47',6),(112,'','','','FVE','00','0369','2012-02-14 12:33:10','2012-02-14 05:00:00','0000-00-00 00:00:00',84,1,'PARTICULAR-LOS VADOS',66000,0,66000,'',3,'JORGE','2012-02-14 12:34:01',6),(113,'','','','FVE','00','0370','2012-02-14 14:05:39','2012-02-14 05:00:00','0000-00-00 00:00:00',85,1,'PARTICULAR-LOS VADOS',35000,0,35000,'',1,'JORGE','2012-02-14 14:05:54',6),(114,'','','','FVE','00','0371','2012-02-14 15:18:55','2012-02-14 05:00:00','0000-00-00 00:00:00',86,1,'PARTICULAR-RAMA JUDICIAL',23000,0,23000,'',1,'LISSETH','2012-02-14 15:19:05',6),(115,'','','','FVE','00','0372','2012-02-14 15:47:54','2012-02-14 05:00:00','0000-00-00 00:00:00',87,1,'PARTICULAR-LOS VADOS',66000,0,66000,'',3,'LISSETH','2012-02-14 15:49:35',6),(116,'','','','FVE','00','0373','2012-02-14 17:10:17','2012-02-14 05:00:00','0000-00-00 00:00:00',88,1,'PARTICULAR',59000,0,59000,'',2,'JORGE','2012-02-14 17:10:47',6),(117,'','','','FVE','00','0374','2012-02-14 19:40:33','2012-02-14 05:00:00','0000-00-00 00:00:00',89,1,'PARTICULAR-RAMA JUDUCIAL',23000,0,23000,'',1,'LISSETH','2012-02-14 19:40:40',6),(118,'','','','FVE','00','0375','2012-02-14 21:17:41','2012-02-14 05:00:00','0000-00-00 00:00:00',18,1,'PACIENTES VISTOS EL 13/02/2012',60000,0,60000,'',3,'JORGE','2012-02-14 21:17:51',6),(119,'','','','FVE','00','0376','2012-02-14 21:48:40','2012-02-14 05:00:00','0000-00-00 00:00:00',90,1,'PARTICULAR-SEROLOGIA 1',12000,0,12000,'',1,'LISSETH','2012-02-14 21:48:55',6),(120,'','','','FVE','00','0377','2012-02-15 12:35:55','2012-02-15 05:00:00','0000-00-00 00:00:00',91,1,'PARTICULAR-LOS VADOS',66000,0,66000,'',3,'JORGE','2012-02-15 12:36:26',6),(121,'','','','FVE','00','0378','2012-02-15 13:45:40','2012-02-15 05:00:00','0000-00-00 00:00:00',85,1,'PARTICULAR-LOS VADOS',31000,0,31000,'',2,'JORGE','2012-02-15 13:46:45',6),(122,'','','','FVE','00','0379','2012-02-15 15:30:01','2012-02-15 05:00:00','0000-00-00 00:00:00',92,1,'PARTICULAR-LOS VADOS',66000,0,66000,'',3,'LISSETH','2012-02-15 15:31:12',6),(123,'','','','FVE','00','0380','2012-02-15 17:49:39','2012-02-15 05:00:00','0000-00-00 00:00:00',93,1,'PARTICULAR-LOS VADOS',66000,0,66000,'',3,'JORGE','2012-02-15 17:50:05',6),(124,'','','','FVE','00','0381','2012-02-15 19:43:44','2012-02-15 05:00:00','0000-00-00 00:00:00',94,1,'PARTICULAR-LOS VADOS',66000,0,66000,'',3,'LISSETH','2012-02-15 19:44:25',6),(125,'','','','FVE','00','0382','2012-02-15 19:47:49','2012-02-15 05:00:00','0000-00-00 00:00:00',95,1,'PARTICULAR-LOS VADOS',66000,0,66000,'',3,'LISSETH','2012-02-15 19:48:26',6),(126,'','','','FVE','00','0383','2012-02-15 21:31:03','2012-02-15 05:00:00','0000-00-00 00:00:00',12,1,'LEUDIEN CARRASCAL CC. 91107896',90000,0,90000,'',5,'LISSETH','2012-02-15 21:31:06',6),(127,'','','','FVE','00','0384','2012-02-15 21:35:44','2012-02-15 05:00:00','0000-00-00 00:00:00',97,1,'PARTICULAR - LOS VADOS',66000,0,66000,'',3,'LISSETH','2012-02-15 21:36:20',6),(128,'','','','FVE','00','0385','2012-02-15 22:21:39','2012-02-15 05:00:00','0000-00-00 00:00:00',96,1,'LAVADO DE OIDOS',15000,0,15000,'',1,'LISSETH','2012-02-15 22:21:48',6),(129,'','','','FVE','00','0386','2012-02-16 12:40:27','2012-02-16 05:00:00','0000-00-00 00:00:00',98,1,'PARTICULAR-LOS VADOS',66000,0,66000,'',3,'JORGE','2012-02-16 12:40:53',6),(130,'','','','FVE','00','0387','2012-02-16 20:18:39','2012-02-16 05:00:00','0000-00-00 00:00:00',27,1,'PACIENTES VALORADOS 01/02/2012 AL 16/02/2012',1293000,0,1293000,'',66,'JORGE','2012-02-16 20:18:43',6),(131,'','','','FVE','00','0388','2012-02-16 20:34:44','2012-02-16 05:00:00','0000-00-00 00:00:00',99,1,'PARTICULAR-RX TEMPORAL DAVID RODRIGUIEZ',39000,0,39000,'',1,'LISSETH','2012-02-16 20:34:56',6),(132,'','','','FVE','00','0389','2012-02-16 20:42:52','2012-02-16 05:00:00','0000-00-00 00:00:00',40,1,'PACIENTES VALORADOS EN EL MES DE ENERO DE 2012.HS',649000,0,649000,'',35,'JORGE','2012-02-16 20:56:07',6),(133,'','','','FVE','00','0390','2012-02-16 22:31:53','2012-02-16 05:00:00','0000-00-00 00:00:00',12,1,'ADENAWER GONZALEZ- CC. 14893459',90000,0,90000,'',5,'LISSETH','2012-02-16 22:36:17',6),(134,'','','','FVE','00','0391','2012-02-17 12:10:11','2012-02-17 05:00:00','0000-00-00 00:00:00',100,1,'PARTICULAR-TEMPORAL',39000,0,39000,'',1,'JORGE','2012-02-17 12:10:22',6),(135,'','','','FVE','00','0392','2012-02-17 12:15:46','2012-02-17 05:00:00','0000-00-00 00:00:00',101,1,'PARTICULAR-TEMPORAL',39000,0,39000,'',1,'JORGE','2012-02-17 12:15:54',6),(136,'','','','FVE','00','0393','2012-02-17 12:19:36','2012-02-17 05:00:00','0000-00-00 00:00:00',102,1,'PARTICULAR-TEMPÒRAL',39000,0,39000,'',1,'JORGE','2012-02-17 12:19:42',6),(137,'','','','FVE','00','0394','2012-02-17 12:41:01','2012-02-17 05:00:00','0000-00-00 00:00:00',103,1,'PARTICULAR-RAMA JUDICIAL',23000,0,23000,'',1,'JORGE','2012-02-17 12:41:11',6),(138,'','','','FVE','00','0395','2012-02-17 16:10:21','2012-02-17 05:00:00','0000-00-00 00:00:00',104,1,'PARTICULAR-RAMA JUDICIAL',23000,0,23000,'',1,'LISSETH','2012-02-17 16:10:36',6),(139,'','','','FVE','00','0396','2012-02-17 20:18:13','2012-02-17 05:00:00','0000-00-00 00:00:00',105,1,'PARTICULAR - RX LUMBOSACRA',39000,0,39000,'',1,'LISSETH','2012-02-17 20:18:49',6),(140,'','','','FVE','00','0397','2012-02-17 21:59:43','2012-02-17 05:00:00','0000-00-00 00:00:00',12,1,'JACINTO SILVA - RX ',33000,0,33000,'',1,'LISSETH','2012-02-17 22:00:02',6),(141,'','','','FVE','00','0398','2012-02-18 14:12:31','2012-02-18 05:00:00','0000-00-00 00:00:00',106,1,'PARTICULAR-TEMPORAL',39000,0,39000,'',1,'JORGE','2012-02-18 14:12:41',6),(142,'','','','FVE','00','0399','2012-02-20 16:56:59','2012-02-21 05:00:00','0000-00-00 00:00:00',107,1,'PARTICULAR-LOS VADOS',66000,0,66000,'',3,'JORGE','2012-02-21 16:57:01',6),(143,'','','','FVE','00','0400','2012-02-20 16:56:34','2012-02-21 05:00:00','0000-00-00 00:00:00',37,1,'LUZ GOMEZ C.C 60.279.831',23000,0,23000,'',1,'JORGE','2012-02-21 16:56:36',6),(144,'','','','FVE','00','0401','2012-02-21 17:03:03','2012-02-21 05:00:00','0000-00-00 00:00:00',108,1,'PARTICULAR-LOS VADOS',66000,0,66000,'',3,'JORGE','2012-02-21 17:03:30',6),(145,'','','','FVE','00','0402','2012-02-21 22:01:32','2012-02-21 05:00:00','0000-00-00 00:00:00',109,1,'PARTICULAR-RAMA JUDICIAL',23000,0,23000,'',1,'JORGE','2012-02-21 22:01:39',6),(146,'','','','FVE','00','0403','2012-02-21 22:03:22','2012-02-21 05:00:00','0000-00-00 00:00:00',110,1,'PARTICULAR-RAMA JUDICIAL',23000,0,23000,'',1,'JORGE','2012-02-21 22:03:26',6),(147,'','','','FVE','00','0404','2012-02-21 23:04:31','2012-02-21 05:00:00','0000-00-00 00:00:00',12,1,'ECNNY GAMBOA CC.1.094.245.301',90000,0,90000,'',5,'JORGE','2012-02-21 23:05:09',6),(148,'','','','FVE','00','0405','2012-02-22 14:41:08','2012-02-22 05:00:00','0000-00-00 00:00:00',111,1,'PARTICULAR-RAMA JUDICIAL',23000,0,23000,'',1,'JORGE','2012-02-22 14:41:14',6),(149,'','','','FVE','00','0406','2012-02-22 20:02:54','2012-02-22 05:00:00','0000-00-00 00:00:00',112,1,'PARTICULAR-CCP S.A.S',15000,0,15000,'',1,'JORGE','2012-02-22 20:03:08',6),(150,'','','','FVE','00','0407','2012-02-22 22:57:07','2012-02-22 05:00:00','0000-00-00 00:00:00',12,1,'ELIO ROZO C.C 1.093.760.080',90000,0,90000,'',5,'JORGE','2012-02-22 22:58:00',6),(151,'','','','FVE','00','0408','2012-02-23 13:29:13','2012-02-23 05:00:00','0000-00-00 00:00:00',113,1,'PARTICULAR',30000,0,30000,'',2,'JORGE','2012-02-23 13:29:31',6),(152,'','','','FVE','00','0409','2012-02-23 13:32:31','2012-02-23 05:00:00','0000-00-00 00:00:00',114,1,'PARTICULAR-MULTIEMPLEOS',31000,0,31000,'',2,'JORGE','2012-02-23 13:33:16',6),(153,'','','','FVE','00','0410','2012-02-23 17:27:10','2012-02-23 05:00:00','0000-00-00 00:00:00',115,1,'PACIENTES VALORADOS DEL 30/01/2012 AL 22/02/2012',1653000,0,1653000,'',87,'JORGE','2012-02-23 17:27:27',6),(154,'','','','FVE','00','0411','2012-02-23 22:31:03','2012-02-23 05:00:00','0000-00-00 00:00:00',12,1,'JESUS MARIN CC.88.270.782',33000,0,33000,'',1,'JORGE','2012-02-23 22:31:15',6),(155,'','','','FVE','00','0412','2012-02-24 12:19:17','2012-02-24 05:00:00','0000-00-00 00:00:00',116,1,'PARTICULAR-LOS VADOS',66000,0,66000,'',3,'JORGE','2012-02-24 12:19:41',6),(156,'','','','FVE','00','0413','2012-02-24 13:39:31','2012-02-24 05:00:00','0000-00-00 00:00:00',117,1,'PARTICULAR-LOS VADOS',66000,0,66000,'',3,'JORGE','2012-02-24 13:39:56',6),(157,'','','','FVE','00','0414','2012-02-24 13:55:34','2012-02-24 05:00:00','0000-00-00 00:00:00',118,1,'PATICULAR-LOS VADOS',66000,0,66000,'',3,'JORGE','2012-02-24 13:56:05',6),(158,'','','','FVE','00','0415','2012-02-24 14:06:09','2012-02-24 05:00:00','0000-00-00 00:00:00',119,1,'PARTICULAR-TEMPORAL',39000,0,39000,'',1,'JORGE','2012-02-24 14:06:20',6),(159,'','','','FVE','00','0416','2012-02-24 15:43:38','2012-02-24 05:00:00','0000-00-00 00:00:00',120,1,'PACIENTES VALORADOS DEL 24/01/2012 AL 24/02/2012',430000,0,430000,'',27,'JORGE','2012-02-24 15:44:11',6),(160,'','','','FVE','00','0417','2012-02-24 20:15:57','2012-02-24 05:00:00','0000-00-00 00:00:00',12,1,'LUIS SANGUINO CC.88.260.122',90000,0,90000,'',5,'JORGE','2012-02-24 20:16:45',6),(161,'','','','FVE','00','0418','2012-02-24 20:17:58','2012-02-24 05:00:00','0000-00-00 00:00:00',121,1,'PARTICULAR-RAMA JUDICIAL',23000,0,23000,'',1,'JORGE','2012-02-24 20:18:09',6),(162,'','','','FVE','00','0419','2012-02-24 21:44:20','2012-02-24 05:00:00','0000-00-00 00:00:00',122,1,'PARTICULAR-RAMA JUDICIAL',23000,0,23000,'',1,'JORGE','2012-02-24 21:44:25',6),(163,'','','','FVE','00','0420','2012-02-25 14:02:36','2012-02-25 05:00:00','0000-00-00 00:00:00',123,1,'PARTICULAR-LOS VADOS',66000,0,66000,'',3,'JORGE','2012-02-25 14:02:58',6),(164,'','','','FVE','00','0421','2012-02-25 15:13:41','2012-02-25 05:00:00','0000-00-00 00:00:00',12,1,'JUVENAL CONDE CC.88.161.310',90000,0,90000,'',5,'JORGE','2012-02-25 15:14:17',6),(165,'','','','FVE','00','0422','2012-02-27 12:19:10','2012-02-27 05:00:00','0000-00-00 00:00:00',124,1,'PARTICULAR-LOS VADOS',66000,0,66000,'',3,'JORGE','2012-02-27 12:19:38',6),(166,'','','','FVE','00','0423','2012-02-27 13:03:41','2012-02-27 05:00:00','0000-00-00 00:00:00',125,1,'PARTICULAR-LOS VADOS',66000,0,66000,'',3,'JORGE','2012-02-27 13:04:02',6),(167,'','','','FVE','00','0424','2012-02-27 13:49:41','2012-02-27 05:00:00','0000-00-00 00:00:00',126,1,'PARTICULAR-LOS VADOS',62000,0,62000,'',3,'JORGE','2012-02-27 13:50:26',6),(168,'','','','FVE','00','0425','2012-02-27 14:17:57','2012-02-27 05:00:00','0000-00-00 00:00:00',127,1,'PARTICULAR-LOS VADOS',35000,0,35000,'',1,'JORGE','2012-02-27 14:18:10',6),(169,'','','','FVE','00','0426','2012-02-27 15:00:59','2012-02-27 05:00:00','0000-00-00 00:00:00',127,1,'PARICULARES-LOS VADOS',13000,0,13000,'',1,'JORGE','2012-02-27 15:01:11',6),(170,'','','','FVE','00','0427','2012-02-27 22:43:07','2012-02-27 05:00:00','0000-00-00 00:00:00',12,1,'MIGUEL URBINA CC. 88.262.981',90000,0,90000,'',5,'JORGE','2012-02-27 22:43:41',6),(171,'','','','FVE','00','0428','2012-02-28 12:55:41','2012-02-28 05:00:00','0000-00-00 00:00:00',128,1,'PARTICULAR-GOBERNACION',19000,0,19000,'',1,'JORGE','2012-02-28 12:55:50',6),(172,'','','','FVE','00','0429','2012-02-28 13:03:54','2012-02-28 05:00:00','0000-00-00 00:00:00',127,1,'PARTICULAR-LOS VADOS',18000,0,18000,'',1,'JORGE','2012-02-28 13:04:04',6),(173,'','','','FVE','00','0430','2012-02-28 14:57:42','2012-02-28 05:00:00','0000-00-00 00:00:00',129,1,'PARTICULAR-RAMA JUDICIAL',23000,0,23000,'',1,'JORGE','2012-02-28 14:57:48',6),(174,'','','','FVE','00','0431','2012-02-28 15:54:28','2012-02-28 05:00:00','0000-00-00 00:00:00',35,1,'PACIENTES VALORADOS EN EL MES DE FEBRERO HASTA EL 27/02/2012',200000,0,200000,'',13,'JORGE','2012-02-28 15:55:19',6),(175,'','','','FVE','00','0432','2012-02-28 15:59:54','2012-02-28 05:00:00','0000-00-00 00:00:00',130,1,'PARTICULAR-LOS VADOS',66000,0,66000,'',3,'JORGE','2012-02-28 16:00:23',6),(176,'','','','FVE','00','0433','2012-02-28 16:43:05','2012-02-28 05:00:00','0000-00-00 00:00:00',27,1,'PACIENTE  VALORADOS DEL 01/02/2012 AL 28/02/2012',649000,0,649000,'',34,'JORGE','2012-02-28 16:45:09',6),(177,'','','','FVE','00','0434','2012-02-28 17:03:17','2012-02-28 05:00:00','0000-00-00 00:00:00',131,1,'PACIENTES VALORADOS EN EL MES DE FEBRERO DE 2012.',218000,0,218000,'',16,'JORGE','2012-02-28 17:04:25',6),(178,'','','','FVE','00','0435','2012-02-28 21:16:51','2012-02-28 05:00:00','0000-00-00 00:00:00',35,1,'',38000,0,38000,'',1,'JORGE','2012-02-28 21:17:04',6),(179,'','','','FVE','00','0436','2012-02-28 21:59:34','2012-02-28 05:00:00','0000-00-00 00:00:00',132,1,'PACIENTES VISTOS EN EL MES DE FEBRERO DE 2012.',39000,0,39000,'',2,'JORGE','2012-02-28 22:00:20',6),(180,'','','','FVE','00','0437','2012-02-28 22:04:58','2012-02-28 05:00:00','0000-00-00 00:00:00',18,1,'TULIA PATERNINA CC.60.442.196',31000,0,31000,'',2,'JORGE','2012-02-28 22:05:17',6),(181,'','','','FVE','00','0438','2012-02-28 22:11:11','2012-04-02 05:00:00','2012-04-02 05:00:00',31,1,'CALIXTO BELTRAN CC. 13.506.360',0,0,0,'',0,'JORGE','2012-04-02 16:39:01',6),(182,'','','','FVE','00','0439','2012-02-28 22:51:32','2012-02-28 05:00:00','0000-00-00 00:00:00',133,1,'',722000,0,722000,'',38,'JORGE','2012-02-28 22:51:48',6),(183,'','','','FVE','00','0440','2012-02-29 12:22:22','2012-02-29 05:00:00','0000-00-00 00:00:00',134,1,'PARTICULAR-LOS VADOS',66000,0,66000,'',3,'JORGE','2012-02-29 12:22:46',6),(184,'','','','FVE','00','0441','2012-02-29 12:41:23','2012-02-29 05:00:00','0000-00-00 00:00:00',135,1,'PARTICULAR-RAMA JUDICIAL',23000,0,23000,'',1,'JORGE','2012-02-29 12:42:49',6),(185,'','','','FVE','00','0442','2012-02-29 14:58:10','2012-02-29 05:00:00','0000-00-00 00:00:00',120,1,'PACIENTES VALORADOS DEL 27/02/2012 AL 28/02/2012',2207000,0,2207000,'',151,'JORGE','2012-02-29 14:59:06',6),(186,'','','','FVE','00','0443','2012-02-29 15:16:28','2012-02-29 05:00:00','0000-00-00 00:00:00',48,1,'PACIENTES VALORADOS EN EL MES DE FEBRERO DE 2012',279000,0,279000,'',13,'JORGE','2012-02-29 15:19:10',6),(187,'','','','FVE','00','0444','2012-02-29 20:52:24','2012-02-29 05:00:00','0000-00-00 00:00:00',136,1,'MULTIEMPLEOS-PARTICULAR',31000,0,31000,'',2,'LISSETH','2012-02-29 20:52:46',6),(188,'','','','FVE','00','0445','2012-02-29 22:00:04','2012-02-29 05:00:00','0000-00-00 00:00:00',137,1,'PARTICULAR-RAMA JUDICIAL',23000,0,23000,'',1,'LISSETH','2012-02-29 22:00:13',6),(189,'','','','FVE','00','0446','2012-02-29 12:33:47','2012-03-06 05:00:00','2012-03-06 05:00:00',30,1,'PACIENTES VALORADOS EN EL MES DE FEBRERO DE 2012',0,0,0,'',0,'JORGE','2012-03-06 17:27:04',6),(190,'','','','FVE','00','0447','2012-02-29 15:38:06','2012-03-01 05:00:00','0000-00-00 00:00:00',32,1,'PACIENTES VALRADOS EN EL MES DE FEBRERO DE 2012',144000,0,144000,'',8,'JORGE','2012-03-01 15:38:09',6),(191,'','','','FVE','00','0448','2012-02-29 13:54:36','2012-03-03 05:00:00','0000-00-00 00:00:00',138,1,'PACIENTES VALORADOS EN EL MES DE FEBRERO DE 2012',69000,0,69000,'',4,'JORGE','2012-03-03 13:54:41',6),(193,'','','','FVE','00','0449','2012-02-29 14:17:41','2012-03-02 05:00:00','0000-00-00 00:00:00',29,1,'PACIENTES VALORADOS DEL 13/02/2012 AL 29/02/2012',5395100,0,5395100,'',279,'JORGE','2012-03-02 14:19:57',6),(194,'','','','FVE','00','0450','2012-02-29 15:26:25','2012-03-02 05:00:00','0000-00-00 00:00:00',46,1,'JOSE TORRES CC. 1.276.269',20000,0,20000,'',1,'JORGE','2012-03-02 15:26:49',6),(195,'','','','FVE','00','0451','2012-03-01 20:35:11','2012-03-05 05:00:00','0000-00-00 00:00:00',139,1,'PARTICULAR-RAMA JUDICIAL',23000,0,23000,'',1,'JORGE','2012-03-05 20:35:14',6),(196,'','','','FVE','00','0453','2012-03-01 20:45:25','2012-03-05 05:00:00','0000-00-00 00:00:00',12,1,'SERGIO LAZARO CC.88.229.596',90000,0,90000,'',5,'JORGE','2012-03-05 20:46:06',6),(197,'','','','FVE','00','0452','2012-03-01 20:37:59','2012-03-05 05:00:00','0000-00-00 00:00:00',140,1,'PARTICULAR-RAMA JUDICIAL',23000,0,23000,'',1,'JORGE','2012-03-05 20:38:05',6),(198,'','','','FVE','00','0454','2012-03-02 20:54:20','2012-03-05 05:00:00','0000-00-00 00:00:00',141,1,'PARTICULAR-RAMA JUDCIAL',23000,0,23000,'',1,'JORGE','2012-03-05 20:54:31',6),(199,'','','','FVE','00','0455','2012-03-03 21:01:24','2012-03-05 05:00:00','0000-00-00 00:00:00',142,1,'PARTICULAR-TEMPORAL',39000,0,39000,'',1,'JORGE','2012-03-05 21:01:35',6),(200,'','','','FVE','00','0456','2012-03-05 21:18:21','2012-03-05 05:00:00','0000-00-00 00:00:00',143,1,'PARTICULAR-LOS VADOS',66000,0,66000,'',3,'LISSETH','2012-03-05 21:20:10',6),(201,'','','','FVE','00','0457','2012-03-05 22:29:25','2012-03-05 05:00:00','0000-00-00 00:00:00',12,1,'FRANK CONTRERAS 1093759048 Y RX LEUDIEN CARRASCAL',123000,0,123000,'',6,'LISSETH','2012-03-05 22:29:40',6),(202,'','','','FVE','00','0458','2012-03-05 21:44:04','2012-03-05 05:00:00','0000-00-00 00:00:00',145,1,'PARTICULAR-RAMA JUDICIAL',23000,0,23000,'',1,'LISSETH','2012-03-05 21:44:30',6),(203,'','','','FVE','00','0459','2012-03-05 21:46:47','2012-03-05 05:00:00','0000-00-00 00:00:00',146,1,'PARTICULAR-RAMA JUDICIAL',23000,0,23000,'',1,'LISSETH','2012-03-05 21:46:56',6),(204,'','','','FVE','00','0460','2012-03-05 21:53:57','2012-03-05 05:00:00','0000-00-00 00:00:00',147,1,'PARTICULAR - RAMA JUDICIAL',23000,0,23000,'',1,'LISSETH','2012-03-05 21:54:07',6),(205,'','','','FVE','00','0461','2012-03-05 22:34:57','2012-03-05 05:00:00','0000-00-00 00:00:00',148,1,'PARTICULAR-RAMA JUDICIAL',23000,0,23000,'',1,'LISSETH','2012-03-05 22:35:06',6),(206,'','','','FVE','00','0462','2012-03-05 22:38:54','2012-03-05 05:00:00','0000-00-00 00:00:00',149,1,'PARTICULAR - COOMULTRASAN MULTIACTIVA',74000,0,74000,'',3,'LISSETH','2012-03-05 22:39:46',6),(207,'','','','FVE','00','0463','2012-03-06 13:19:51','2012-03-06 05:00:00','0000-00-00 00:00:00',151,1,'PARTICULAR-LOS VADOS',66000,0,66000,'',3,'JORGE','2012-03-06 13:20:11',6),(208,'','','','FVE','00','0464','2012-03-06 14:30:37','2012-03-06 05:00:00','0000-00-00 00:00:00',152,1,'PARTICULAR - TEMPORAL DINAMICOS',23000,0,23000,'',1,'LISSETH','2012-03-06 14:30:47',6),(209,'','','','FVE','00','0465','2012-03-06 17:23:45','2012-03-17 05:00:00','0000-00-00 00:00:00',30,1,'PACIENTES VALORADOS EN EL MES DE FEBRERO DE 2012',289000,0,289000,'',19,'JORGE','2012-03-17 16:04:28',6),(210,'','','','FVE','00','0466','2012-03-06 21:28:13','2012-03-06 05:00:00','0000-00-00 00:00:00',153,1,'PARTICULAR-RAMA JUDICIAL',23000,0,23000,'',1,'LISSETH','2012-03-06 21:28:25',6),(212,'','','','FVE','00','0467','2012-03-07 12:17:01','2012-03-07 05:00:00','0000-00-00 00:00:00',154,1,'PARTICULAR',10000,0,10000,'',1,'JORGE','2012-03-07 12:18:03',6),(213,'','','','FVE','00','0468','2012-03-07 12:22:07','2012-03-07 05:00:00','0000-00-00 00:00:00',155,1,'PARTICULAR-LOS VADOS',66000,0,66000,'',3,'JORGE','2012-03-07 12:22:36',6),(214,'','','','FVE','00','0469','2012-03-07 12:31:21','2012-03-07 05:00:00','0000-00-00 00:00:00',156,1,'PARTICULAR-LOS VADOS',66000,0,66000,'',3,'JORGE','2012-03-07 12:31:46',6),(215,'','','','FVE','00','0470','2012-03-07 12:34:24','2012-03-07 05:00:00','0000-00-00 00:00:00',157,1,'PARTICULAR-LOS VADOS',66000,0,66000,'',3,'JORGE','2012-03-07 12:34:47',6),(216,'','','','FVE','00','0471','2012-03-07 12:39:22','2012-03-07 05:00:00','0000-00-00 00:00:00',158,1,'PARTICULAR-LOS VADOS',66000,0,66000,'',3,'JORGE','2012-03-07 12:39:42',6),(217,'','','','FVE','00','0472','2012-03-07 12:47:06','2012-03-07 05:00:00','0000-00-00 00:00:00',159,1,'PARTICULAR-LOS VADOS',66000,0,66000,'',3,'JORGE','2012-03-07 12:47:35',6),(218,'','','','FVE','00','0473','2012-03-07 12:50:59','2012-03-07 05:00:00','0000-00-00 00:00:00',160,1,'PARTICULAR-LOS VADOS',66000,0,66000,'',3,'JORGE','2012-03-07 12:52:11',6),(219,'','','','FVE','00','0474','2012-03-07 13:22:10','2012-03-07 05:00:00','0000-00-00 00:00:00',161,1,'PARTICULAR-LOS VADOS',66000,0,66000,'',3,'JORGE','2012-03-07 13:22:12',6),(220,'','','','FVE','00','0475','2012-03-07 18:56:36','2012-03-07 05:00:00','2012-03-07 05:00:00',1,1,'',0,0,0,'',0,'LISSETH','2012-03-07 22:31:26',6),(221,'','','','FVE','00','0476','2012-03-07 19:00:27','2012-03-07 05:00:00','0000-00-00 00:00:00',162,1,'PARTICULAR - RX LUMBOSACRA',40000,0,40000,'',1,'LISSETH','2012-03-07 19:00:40',6),(223,'','','','FVE','00','0477','2012-03-07 19:04:36','2012-03-07 05:00:00','0000-00-00 00:00:00',12,1,'OLGER PICON CC. 1005063156',90000,0,90000,'',5,'LISSETH','2012-03-07 19:05:38',6),(224,'','','','FVE','00','0478','2012-03-07 22:25:27','2012-03-07 05:00:00','0000-00-00 00:00:00',163,1,'LAVADO DE OIDO- TEMPORAL',15000,0,15000,'',1,'LISSETH','2012-03-07 22:25:38',6),(225,'','','','FVE','00','0479','2012-03-08 12:10:22','2012-03-08 05:00:00','0000-00-00 00:00:00',164,1,'PARTICULAR-LOS VADOS',66000,0,66000,'',3,'JORGE','2012-03-08 12:10:45',6),(226,'','','','FVE','00','0480','2012-03-08 12:14:54','2012-03-08 05:00:00','0000-00-00 00:00:00',165,1,'PARTICULAR-LOS VADOS',66000,0,66000,'',3,'JORGE','2012-03-08 12:15:15',6),(227,'','','','FVE','00','0481','2012-03-08 13:20:06','2012-03-08 05:00:00','0000-00-00 00:00:00',166,1,'PARTICULAR-LOS VADOS',35000,0,35000,'',1,'JORGE','2012-03-08 13:20:19',6),(228,'','','','FVE','00','0482','2012-03-08 15:05:29','2012-03-08 05:00:00','0000-00-00 00:00:00',166,1,'PARTICULAR LOS VADOS',31000,0,31000,'',2,'LISSETH','2012-03-08 15:05:53',6),(229,'','','','FVE','00','0483','2012-03-08 15:51:29','2012-03-08 05:00:00','0000-00-00 00:00:00',162,1,'PARTICULAR EXAMEN MEDICO Y RX COLUMNA',23000,0,23000,'',1,'LISSETH','2012-03-08 15:51:38',6),(230,'','','','FVE','00','0484','2012-03-08 22:25:43','2012-03-08 05:00:00','0000-00-00 00:00:00',12,1,'HORACIO AREVALO 1090400789',90000,0,90000,'',5,'LISSETH','2012-03-08 22:26:44',6),(231,'','','','FVE','00','0485','2012-03-09 12:15:24','2012-03-09 05:00:00','0000-00-00 00:00:00',167,1,'PARTICULAR-LOS VADOS',66000,0,66000,'',3,'JORGE','2012-03-09 12:16:03',6),(232,'','','','FVE','00','0486','2012-03-09 12:17:08','2012-03-09 05:00:00','0000-00-00 00:00:00',168,1,'PARTICULAR-LOS VADOS',66000,0,66000,'',3,'JORGE','2012-03-09 12:17:38',6),(233,'','','','FVE','00','0487','2012-03-09 23:02:27','2012-03-12 05:00:00','0000-00-00 00:00:00',37,1,'ROSA FERNANDEZ CC.40798.867',30000,0,30000,'',2,'JORGE','2012-03-12 23:02:18',6),(234,'','','','FVE','00','0488','2012-03-12 20:20:31','2012-03-12 05:00:00','0000-00-00 00:00:00',169,1,'PARTICULAR-RAMA JUDICIAL',23000,0,23000,'',1,'LISSETH','2012-03-12 19:20:41',6),(235,'','','','FVE','00','0489','2012-03-12 22:25:56','2012-03-12 05:00:00','0000-00-00 00:00:00',170,1,'PARTICULAR RX TEMPORAL',39000,0,39000,'',1,'LISSETH','2012-03-12 21:26:10',6),(236,'','','','FVE','00','0490','2012-03-12 22:29:47','2012-03-12 05:00:00','0000-00-00 00:00:00',171,1,'PARTICULAR RX TEMPORAL',39000,0,39000,'',1,'LISSETH','2012-03-12 21:29:54',6),(237,'','','','FVE','00','0491','2012-03-12 22:32:27','2012-03-12 05:00:00','0000-00-00 00:00:00',172,1,'PARTICULAR RAMA JUDICIAL',23000,0,23000,'',1,'LISSETH','2012-03-12 21:32:36',6),(238,'','','','FVE','00','0492','2012-03-12 22:50:09','2012-03-12 05:00:00','0000-00-00 00:00:00',29,1,'PACIENTES VISTOS DEL 01/03/2012 AL 10/03/2012',3217300,0,3217300,'',183,'JORGE','2012-03-12 22:06:09',6),(239,'','','','FVE','00','0493','2012-03-12 22:49:30','2012-03-26 05:00:00','0000-00-00 00:00:00',173,1,'JOSE MONSALVE CC. 71.020.981',78000,0,78000,'',3,'JORGE','2012-03-26 21:49:33',6),(240,'','','','FVE','00','0494','2012-03-13 20:06:20','2012-03-13 05:00:00','0000-00-00 00:00:00',174,1,'PARTICULAR RAMA JUDICIAL',23000,0,23000,'',1,'LISSETH','2012-03-13 19:06:34',6),(241,'','','','FVE','00','0495','2012-03-13 21:45:27','2012-03-13 05:00:00','0000-00-00 00:00:00',175,1,'PARTIUCULAR RAMA JUDUCIAL',23000,0,23000,'',1,'LISSETH','2012-03-13 20:45:41',6),(242,'','','','FVE','00','0496','2012-03-13 23:03:56','2012-03-13 05:00:00','0000-00-00 00:00:00',176,1,'PARTICULAR CERTIFICAION MEDICA',16000,0,16000,'',1,'LISSETH','2012-03-13 22:05:48',6),(243,'','','','FVE','00','0497','2012-03-14 13:08:51','2012-03-14 05:00:00','0000-00-00 00:00:00',177,1,'PARTICULAR-LOS VADOS',66000,0,66000,'',3,'JORGE','2012-03-14 12:09:16',6),(244,'','','','FVE','00','0498','2012-03-14 13:56:32','2012-03-14 05:00:00','0000-00-00 00:00:00',178,1,'PARTICULAR-ACTIVOS',40000,0,40000,'',1,'JORGE','2012-03-14 12:58:37',6),(245,'','','','FVE','00','0499','2012-03-14 14:06:42','2012-03-14 05:00:00','0000-00-00 00:00:00',179,1,'PARTICULAR-ACTIVOS',40000,0,40000,'',1,'JORGE','2012-03-14 13:06:50',6),(246,'','','','FVE','00','0500','2012-03-14 14:14:02','2012-03-14 05:00:00','0000-00-00 00:00:00',180,1,'PARTICULAR-ACTIVOS',40000,0,40000,'',1,'JORGE','2012-03-14 13:14:10',6),(247,'','','','FVE','00','0501','2012-03-14 14:21:49','2012-03-14 05:00:00','0000-00-00 00:00:00',181,1,'PARTICULAR-ACTIVOS',40000,0,40000,'',1,'JORGE','2012-03-14 13:21:57',6),(248,'','','','FVE','00','0502','2012-03-14 14:30:10','2012-03-14 05:00:00','0000-00-00 00:00:00',182,1,'PARTICULAR-ACCCTIVOS',40000,0,40000,'',1,'JORGE','2012-03-14 13:30:18',6),(249,'','','','FVE','00','0503','2012-03-14 14:35:55','2012-03-14 05:00:00','0000-00-00 00:00:00',183,1,'PARTICULAR-ACTIVOS',40000,0,40000,'',1,'JORGE','2012-03-14 13:36:23',6),(250,'','','','FVE','00','0504','2012-03-14 14:40:49','2012-03-14 05:00:00','0000-00-00 00:00:00',184,1,'PARTICULAR-ACTIVOS',40000,0,40000,'',1,'JORGE','2012-03-14 13:40:58',6),(251,'','','','FVE','00','0505','2012-03-14 14:56:39','2012-03-14 05:00:00','0000-00-00 00:00:00',185,1,'ACTIVOS MANIPULACION ALIMENTOS',40000,0,40000,'',1,'JORGE','2012-03-14 13:56:56',6),(252,'','','','FVE','00','0506','2012-03-14 15:55:31','2012-03-14 05:00:00','0000-00-00 00:00:00',186,1,'ACTIVOS MANIPULACION ALIMENTOS',40000,0,40000,'',1,'LISSETH','2012-03-14 14:55:51',6),(253,'','','','FVE','00','0507','2012-03-15 13:12:17','2012-03-15 05:00:00','0000-00-00 00:00:00',187,1,'PARTICULAR-LOS VADOS',66000,0,66000,'',3,'JORGE','2012-03-15 12:12:37',6),(254,'','','','FVE','00','0508','2012-03-15 13:14:31','2012-03-15 05:00:00','0000-00-00 00:00:00',188,1,'PARTICULAR-LOS VADOS',66000,0,66000,'',3,'JORGE','2012-03-15 12:14:54',6),(255,'','','','FVE','00','0509','2012-03-15 13:24:31','2012-03-15 05:00:00','0000-00-00 00:00:00',189,1,'PARTICULAR-RAMA JUDICIAL',23000,0,23000,'',1,'JORGE','2012-03-15 12:24:38',6),(256,'','','','FVE','00','0510','2012-03-15 13:33:25','2012-03-15 05:00:00','0000-00-00 00:00:00',190,1,'PARTICULAR-LOS VADOS',66000,0,66000,'',3,'JORGE','2012-03-15 12:33:45',6),(257,'','','','FVE','00','0511','2012-03-15 17:50:11','2012-03-15 05:00:00','0000-00-00 00:00:00',191,1,'PARTICULAR-RAMA JUDICIAL',23000,0,23000,'',1,'JORGE','2012-03-15 16:50:15',6),(258,'','','','FVE','00','0512','2012-03-15 22:29:36','2012-03-15 05:00:00','0000-00-00 00:00:00',12,1,'RAMIRO ORTEGA 88238590',90000,0,90000,'',5,'LISSETH','2012-03-15 21:30:28',6),(259,'','','','FVE','00','0513','2012-03-16 14:10:24','2012-03-16 05:00:00','0000-00-00 00:00:00',192,1,'PARTICULAR-TEMPORAL',39000,0,39000,'',1,'JORGE','2012-03-16 13:10:41',6),(260,'','','','FVE','00','0514','2012-03-16 14:14:51','2012-03-16 05:00:00','0000-00-00 00:00:00',193,1,'PARTICULAR-TEMPORAL',39000,0,39000,'',1,'JORGE','2012-03-16 13:14:57',6),(261,'','','','FVE','00','0515','2012-03-16 14:17:33','2012-03-16 05:00:00','0000-00-00 00:00:00',194,1,'PARTICULAR-TEMPORAL',39000,0,39000,'',1,'JORGE','2012-03-16 13:17:37',6),(262,'','','','FVE','00','0516','2012-03-16 14:31:35','2012-03-16 05:00:00','0000-00-00 00:00:00',195,1,'PARTICULAR-LOS VADOS',66000,0,66000,'',3,'JORGE','2012-03-16 13:31:59',6),(263,'','','','FVE','00','0517','2012-03-16 14:41:48','2012-03-16 05:00:00','0000-00-00 00:00:00',196,1,'PARTICULAR-TEMPORAL',38000,0,38000,'',1,'JORGE','2012-03-16 13:42:00',6),(264,'','','','FVE','00','0525','2012-03-21 21:28:29','2012-03-21 05:00:00','0000-00-00 00:00:00',115,1,'PACIENTE VISTOS 01/03/2012 AL 21/03/2012',38000,0,38000,'',2,'JORGE','2012-03-21 20:28:44',6),(265,'','','','FVE','00','0518','2012-03-16 20:28:03','2012-03-16 05:00:00','0000-00-00 00:00:00',197,1,'LOS VADOS PARTICULAR',66000,0,66000,'',3,'LISSETH','2012-03-16 19:28:57',6),(266,'','','','FVE','00','0519','2012-03-17 13:17:41','2012-03-17 05:00:00','0000-00-00 00:00:00',198,1,'PARTICULAR-LOS VADOS',66000,0,66000,'',3,'JORGE','2012-03-17 12:18:03',6),(267,'','','','FVE','00','0520','2012-03-17 14:42:23','2012-03-17 05:00:00','0000-00-00 00:00:00',199,1,'PARTICULAR-COLEGIO LA SALLE',19000,0,19000,'',1,'JORGE','2012-03-17 13:42:32',6),(268,'','','','FVE','00','0521','2012-03-20 22:05:02','2012-03-20 05:00:00','0000-00-00 00:00:00',200,1,'PARTICULAR PRODUCTOS INFANTILES S.A',59000,0,59000,'',4,'LISSETH','2012-03-20 21:06:58',6),(269,'','','','FVE','00','0522','2012-03-20 23:21:39','2012-03-20 05:00:00','0000-00-00 00:00:00',201,1,'PARTICULAR',23000,0,23000,'',1,'LISSETH','2012-03-20 22:21:45',6),(270,'','','','FVE','00','0523','2012-03-20 23:27:54','2012-03-20 05:00:00','0000-00-00 00:00:00',12,1,'YUNNY GUERRERO CC. 88221681 Y ALEXANDER GONZALEZ CC 14897270',180000,0,180000,'',10,'LISSETH','2012-03-20 22:29:33',6),(271,'','','','FVE','00','0524','2012-03-21 17:00:41','2012-03-21 05:00:00','0000-00-00 00:00:00',202,1,'PARTICULAR COSPAS',23000,0,23000,'',1,'LISSETH','2012-03-21 16:01:01',6),(272,'','','','FVE','00','0526','2012-03-21 23:22:23','2012-03-21 05:00:00','0000-00-00 00:00:00',204,1,'PARTICULAR GOBERNACION',23000,0,23000,'',1,'LISSETH','2012-03-21 22:22:34',6),(273,'','','','FVE','00','0527','2012-03-22 13:39:53','2012-03-22 05:00:00','0000-00-00 00:00:00',205,1,'PARTICULAR-LOS VADOS',66000,0,66000,'',3,'JORGE','2012-03-22 12:40:17',6),(274,'','','','FVE','00','0528','2012-03-22 22:17:04','2012-03-22 05:00:00','0000-00-00 00:00:00',12,1,'CRISTIAN DIAZ CC. 1090414646',90000,0,90000,'',5,'LISSETH','2012-03-22 21:17:57',6),(275,'','','','FVE','00','0529','2012-03-23 21:20:51','2012-03-23 05:00:00','0000-00-00 00:00:00',12,1,'CRISTIAN DIAZ CC. 1090414646',15000,0,15000,'',1,'LISSETH','2012-03-23 20:21:03',6),(276,'','','','FVE','00','0530','2012-03-26 15:22:06','2012-03-26 05:00:00','0000-00-00 00:00:00',206,1,'PARTICULAR-LOS VADOS',66000,0,66000,'',3,'LISSETH','2012-03-26 14:22:59',6),(277,'','','','FVE','00','0531','2012-03-27 22:59:09','2012-03-27 05:00:00','0000-00-00 00:00:00',12,1,'JAIME CACERES CC. 13475091',90000,0,90000,'',5,'LISSETH','2012-03-27 21:59:56',6),(278,'','','','FVE','00','0532','2012-03-27 23:15:04','2012-03-27 05:00:00','0000-00-00 00:00:00',207,1,'PACIENTE VALORADOS EN EL MES DE MARZO DE 2012',209000,0,209000,'',13,'JORGE','2012-03-27 22:21:26',6),(279,'','','','FVE','00','0533','2012-03-27 23:23:24','2012-03-27 05:00:00','0000-00-00 00:00:00',18,1,'PACIENTE VALORADOS EN EL MES DE MARZO DE 2012',113000,0,113000,'',7,'JORGE','2012-03-27 22:25:09',6),(280,'','','','FVE','00','0534','2012-03-27 23:30:11','2012-03-27 05:00:00','0000-00-00 00:00:00',27,1,'PACIENTE VALORADOS EN EL MES DE MARZO DE 2012',648000,0,648000,'',32,'JORGE','2012-03-27 23:14:52',6),(281,'','','','FVE','00','0535','2012-03-27 23:44:22','2012-03-27 05:00:00','0000-00-00 00:00:00',120,1,'PACIENTES VALORADOS EN EL MES DE MARZO DE 2012',354000,0,354000,'',22,'JORGE','2012-03-27 22:44:25',6),(282,'','','','FVE','00','0536','2012-03-28 13:14:52','2012-03-28 05:00:00','0000-00-00 00:00:00',208,1,'PARTICULAR-LOS VADOS',66000,0,66000,'',3,'JORGE','2012-03-28 12:15:14',6),(283,'','','','FVE','00','0537','2012-03-28 13:19:04','2012-03-28 05:00:00','0000-00-00 00:00:00',209,1,'PARTICULAR-LOS VADOS',66000,0,66000,'',3,'JORGE','2012-03-28 12:19:42',6),(284,'','','','FVE','00','0538','2012-03-28 14:37:25','2012-03-28 05:00:00','0000-00-00 00:00:00',210,1,'PARTICULAR-LOS VADOS',66000,0,66000,'',3,'JORGE','2012-03-28 13:37:45',6),(285,'','','','FVE','00','0539','2012-03-28 16:29:11','2012-03-28 05:00:00','0000-00-00 00:00:00',211,1,'PARTICULAR LOS VADOS',66000,0,66000,'',3,'LISSETH','2012-03-28 15:29:37',6),(286,'','','','FVE','00','0540','2012-03-28 23:25:57','2012-04-13 05:00:00','2012-04-13 05:00:00',30,1,'PACIENTE VALORADOS EN EL MES DE MARZO DE 2012',0,0,0,'',0,'JORGE','2012-04-13 19:56:47',6),(287,'','','','FVE','00','0541','2012-03-29 13:30:21','2012-03-29 05:00:00','0000-00-00 00:00:00',212,1,'PARTICULAR-LOS VADOS',66000,0,66000,'',3,'JORGE','2012-03-29 12:30:43',6),(288,'','','','FVE','00','0542','2012-03-29 16:12:02','2012-03-29 05:00:00','0000-00-00 00:00:00',213,1,'PARTICULAR-RAMA JUDICIAL',23000,0,23000,'',1,'JORGE','2012-03-29 15:12:07',6),(289,'','','','FVE','00','0543','2012-03-30 13:18:47','2012-03-30 05:00:00','0000-00-00 00:00:00',214,1,'PARTICULAR-LOS VADOS',66000,0,66000,'',3,'JORGE','2012-03-30 12:19:11',6),(290,'','','','FVE','00','0544','2012-03-30 13:23:46','2012-03-30 05:00:00','0000-00-00 00:00:00',215,1,'PARTICULAR-LOS VADOS',66000,0,66000,'',3,'JORGE','2012-03-30 12:23:50',6),(291,'','','','FVE','00','0545','2012-03-30 13:27:33','2012-03-30 05:00:00','0000-00-00 00:00:00',216,1,'PARTICULAR-LOS VADOS',66000,0,66000,'',3,'JORGE','2012-03-30 12:27:54',6),(292,'','','','FVE','00','0546','2012-03-30 13:55:33','2012-03-30 05:00:00','0000-00-00 00:00:00',217,1,'PARTICULAR-LOS VADOS',66000,0,66000,'',3,'JORGE','2012-03-30 12:56:37',6),(293,'','','','FVE','00','0547','2012-03-30 16:22:13','2012-03-30 05:00:00','0000-00-00 00:00:00',218,1,'DANIEL HERNANDEZ C.C: 88.231.138',50000,0,50000,'',4,'JORGE','2012-03-30 15:24:14',6),(294,'','','','FVE','00','0548','2012-03-30 22:30:11','2012-03-30 05:00:00','0000-00-00 00:00:00',219,1,'PARTICULAR RAMA JUDICIAL',23000,0,23000,'',1,'LISSETH','2012-03-30 21:30:17',6),(295,'','','','FVE','00','0549','2012-03-30 23:23:28','2012-03-30 05:00:00','0000-00-00 00:00:00',12,1,'JHON CONTRERAS CC. 88235620',90000,0,90000,'',5,'LISSETH','2012-03-30 22:24:13',6),(296,'','','','FVE','00','0550','2012-03-31 13:50:25','2012-03-31 05:00:00','0000-00-00 00:00:00',220,1,'PARTICULAR-LOS BASTOS',66000,0,66000,'',3,'JORGE','2012-03-31 12:50:48',6),(297,'','','','FVE','00','0551','2012-03-31 16:41:47','2012-03-31 05:00:00','0000-00-00 00:00:00',221,1,'PARTICULAR-LOS VADOS',66000,0,66000,'',3,'JORGE','2012-03-31 15:42:10',6),(298,'','','','FVE','00','0552','2012-03-31 17:12:58','2012-03-31 05:00:00','0000-00-00 00:00:00',29,1,'PACIENTES VALORADOS DEL 11/03/2012 AL 31/03/2012',5641500,0,5641500,'',285,'JORGE','2012-03-31 16:13:02',6),(299,'','','','FVE','00','0553','2012-03-31 17:09:54','2012-04-25 05:00:00','0000-00-00 00:00:00',222,1,'PACIENTES VALORADOE EN EL MES DE MARZO DE 2012',0,0,0,'',0,'JORGE','2012-04-25 15:00:04',6),(300,'','','','FVE','00','0554','2012-03-31 16:38:56','2012-04-25 05:00:00','0000-00-00 00:00:00',222,1,'PACIENTES VALORADOS EN EL MES DE MARZO DE 2012\r\nSYNAPSIS',0,0,0,'',0,'JORGE','2012-04-25 14:58:32',6),(301,'','','','FVE','00','0555','2012-03-31 17:27:47','2012-04-25 05:00:00','0000-00-00 00:00:00',223,1,'PACIENTE VALORADOS EN EL MES DE MARZO DE 2012',0,0,0,'',0,'JORGE','2012-04-25 14:58:14',6),(302,'','','','FVE','00','0556','2012-03-31 17:24:55','2012-04-25 05:00:00','0000-00-00 00:00:00',224,1,'PACIENTE VALORADOS EN EL MES DE MARZO DE 2012',0,0,0,'',0,'JORGE','2012-04-25 14:57:54',6),(303,'','','','FVE','00','0557','2012-03-31 18:35:01','2012-04-02 05:00:00','0000-00-00 00:00:00',131,1,'PACIENTES VALORADOS EN EL MES DE MARZO DE 2012',187500,0,187500,'',14,'JORGE','2012-04-02 17:36:05',6),(304,'','','','FVE','00','0558','2012-03-31 17:41:18','2012-04-02 05:00:00','0000-00-00 00:00:00',31,1,'CALIXTO BELTRAN CC:13.506.360\r\nJAVIER OMAÑA    CC:1.090.463.113\r\n',36000,0,36000,'',2,'JORGE','2012-04-02 16:41:36',6),(305,'','','','FVE','00','0559','2012-03-31 17:50:49','2012-04-02 05:00:00','0000-00-00 00:00:00',225,1,'KAREN SERRANO CC: 60.449.687\r\nMARIA AGUDELO CC: 1.090.375.635',107000,0,107000,'',6,'JORGE','2012-04-02 16:50:53',6),(306,'','','','FVE','00','0560','2012-03-31 18:09:15','2012-04-02 05:00:00','0000-00-00 00:00:00',48,1,'PACIENTES VALORADOS EN EL MES DE MARZO DE 2012\r\n',103000,0,103000,'',5,'JORGE','2012-04-02 17:11:49',6),(307,'','','','FVE','00','0561','2012-03-31 18:43:26','2012-04-02 05:00:00','0000-00-00 00:00:00',133,1,'PACIENTE VALORADO EN EL MES DE MARZO DE 2012\r\nMARIA BOTELLO CC: 37.244.541',19000,0,19000,'',1,'JORGE','2012-04-02 17:43:55',6),(308,'','','','FVE','00','0562','2012-03-31 20:56:47','2012-04-02 05:00:00','0000-00-00 00:00:00',32,1,'VICTOR VANEGAS CC:5.594.341',19000,0,19000,'',1,'JORGE','2012-04-02 19:57:33',6),(309,'','','','FVE','00','0563','2012-03-31 21:02:47','2012-04-02 05:00:00','0000-00-00 00:00:00',138,1,'EDDY PEREZ CC: 37.441.623',18000,0,18000,'',1,'JORGE','2012-04-02 20:03:14',6),(310,'','','','FVE','00','0564','2012-04-02 18:26:48','2012-04-03 05:00:00','0000-00-00 00:00:00',226,1,'PARTICULAR-RAMA JUDICIAL\r\n',23000,0,23000,'',1,'JORGE','2012-04-03 17:26:53',6),(311,'','','','FVE','00','0565','2012-04-03 18:30:18','2012-04-03 05:00:00','0000-00-00 00:00:00',227,1,'PACIENTES VALORADOS EN EL MES DE ABRIL DE 2012',442500,0,442500,'',30,'JORGE','2012-04-03 17:30:20',6),(312,'','','','FVE','00','0566','2012-04-03 21:27:29','2012-04-03 05:00:00','0000-00-00 00:00:00',227,1,'YEISON FLOREZ CC: 1.092.155.840',29500,0,29500,'',2,'JORGE','2012-04-03 20:27:48',6),(313,'','','','FVE','00','0567','2012-04-03 23:25:03','2012-04-03 05:00:00','0000-00-00 00:00:00',12,1,'GONZALO CALDERON CC. 13930577',90000,0,90000,'',5,'LISSETH','2012-04-03 22:25:51',6),(314,'','','','FVE','00','0568','2012-04-04 15:00:26','2012-04-04 05:00:00','0000-00-00 00:00:00',228,1,'WILLIAM MORA CC: 13.277.350',23000,0,23000,'',1,'JORGE','2012-04-04 14:00:32',6),(315,'','','','FVE','00','0569','2012-04-04 17:19:56','2012-04-04 05:00:00','0000-00-00 00:00:00',37,1,'PACIENTES VISTOS EN EL MES DE ABRIL',76000,0,76000,'',4,'JORGE','2012-04-04 16:19:59',6),(316,'','','','FVE','00','0570','2012-04-04 16:25:21','2012-04-04 05:00:00','0000-00-00 00:00:00',229,1,'PARTICULAR-LOS VADOS',66000,0,66000,'',3,'JORGE','2012-04-04 15:25:55',6),(317,'','','','FVE','00','0571','2012-04-04 22:07:17','2012-04-04 05:00:00','0000-00-00 00:00:00',12,1,'YERSON BENAVIDES CC:1.090.433.402\r\nFABIAN CARRASCAL CC:1.093.758.912',180000,0,180000,'',10,'JORGE','2012-04-04 21:07:20',6),(318,'','','','FVE','00','0572','2012-04-09 15:41:47','2012-04-09 05:00:00','0000-00-00 00:00:00',227,1,'JHONN CABEZA CC: 79.972.882',29500,0,29500,'',2,'JORGE','2012-04-09 14:42:04',6),(319,'','','','FVE','00','0573','2012-04-09 21:01:56','2012-04-09 05:00:00','0000-00-00 00:00:00',230,1,'PARTICUÑAR-RAMA JUDICIAL',23000,0,23000,'',1,'JORGE','2012-04-09 20:02:00',6),(320,'','','','FVE','00','0574','2012-04-09 21:02:54','2012-04-09 05:00:00','0000-00-00 00:00:00',231,1,'PARTICUALR-RAMA JUDICIAL',23000,0,23000,'',1,'JORGE','2012-04-09 20:02:59',6),(321,'','','','FVE','00','0575','2012-04-09 22:07:19','2012-04-09 05:00:00','0000-00-00 00:00:00',232,1,'PARTICULAR-RAMA JUDICIAL',23000,0,23000,'',1,'JORGE','2012-04-09 21:07:25',6),(322,'','','','FVE','00','0576','2012-04-09 23:43:08','2012-04-09 05:00:00','0000-00-00 00:00:00',233,1,'PARTICULAR-RAMA JUDICIAL',23000,0,23000,'',1,'JORGE','2012-04-09 22:43:16',6),(323,'','','','FVE','00','0577','2012-04-10 13:53:20','2012-04-10 05:00:00','0000-00-00 00:00:00',234,1,'PARTICULAR-RAMA JUDICIAL',23000,0,23000,'',1,'JORGE','2012-04-10 12:53:26',6),(324,'','','','FVE','00','0578','2012-04-11 13:50:31','2012-04-11 05:00:00','0000-00-00 00:00:00',227,1,'HENRY TORRES CC:74.186.932',29500,0,29500,'',2,'JORGE','2012-04-11 12:50:53',6),(325,'','','','FVE','00','0579','2012-04-11 22:51:26','2012-04-11 05:00:00','0000-00-00 00:00:00',12,1,'FREDDY RIVERA CC. 88261414',90000,0,90000,'',5,'LISSETH','2012-04-11 21:52:11',6),(326,'','','','FVE','00','0580','2012-04-12 21:30:17','2012-04-12 05:00:00','0000-00-00 00:00:00',236,1,'PARTICULAR CASA LUKER',23000,0,23000,'',1,'LISSETH','2012-04-12 20:30:23',6),(327,'','','','FVE','00','0581','2012-04-12 23:25:07','2012-04-12 05:00:00','0000-00-00 00:00:00',12,1,'YESID SILVA CC. 1094161282, JULIO CASTELLANOS CC. 1093749867',180000,0,180000,'',10,'LISSETH','2012-04-12 22:26:10',6),(328,'','','','FVE','00','0582','2012-04-13 13:40:52','2012-04-13 05:00:00','0000-00-00 00:00:00',237,1,'RAMA JUDICIAL',23000,0,23000,'',1,'JORGE','2012-04-13 12:40:59',6),(329,'','','','FVE','00','0583','2012-04-13 14:43:47','2012-04-13 05:00:00','0000-00-00 00:00:00',238,1,'PARTICULAR-ACTIVOS',8000,0,8000,'',1,'JORGE','2012-04-13 13:43:49',6),(330,'','','','FVE','00','0584','2012-04-13 21:00:28','2012-04-13 05:00:00','0000-00-00 00:00:00',30,1,'PACIENTES VALORADOS EN EL MES DE MARZO DE 2012',418000,0,418000,'',10,'JORGE','2012-04-13 20:00:31',6),(331,'','','','FVE','00','0585','2012-04-13 23:18:53','2012-04-13 05:00:00','0000-00-00 00:00:00',12,1,'GUILLERMO MARIN CC. 91257925',90000,0,90000,'',5,'LISSETH','2012-04-13 22:20:45',6),(332,'','','','FVE','00','0586','2012-04-14 17:06:23','2012-04-14 05:00:00','0000-00-00 00:00:00',29,1,'PACIENTES VALORADOS DEL 01/04/2012 AL 13/04/2012',4140500,0,4140500,'',221,'JORGE','2012-04-14 16:08:24',6),(333,'','','','FVE','00','0587','2012-04-16 15:49:39','2012-04-16 05:00:00','0000-00-00 00:00:00',207,1,'PACIENTES VALORADOS EN EL MES DE ABRIL DE 2012',512000,0,512000,'',32,'JORGE','2012-04-16 14:52:05',6),(334,'','','','FVE','00','0588','2012-04-17 14:27:13','2012-04-17 05:00:00','0000-00-00 00:00:00',240,1,'RAMA  JUDICIAL',23000,0,23000,'',1,'JORGE','2012-04-17 13:27:18',6),(335,'','','','FVE','00','0589','2012-04-17 23:33:02','2012-04-17 05:00:00','0000-00-00 00:00:00',12,1,'ALEXANDER LOZANO,LUIS PORTILLA,GONZALO CALDERON',213000,0,213000,'',11,'JORGE','2012-04-17 22:34:30',6),(336,'','','','FVE','00','0590','2012-04-18 17:03:06','2012-04-18 05:00:00','0000-00-00 00:00:00',242,1,'PARTICULAR-RAMA JUDICIAL',23000,0,23000,'',1,'LISSETH','2012-04-18 16:03:14',6),(337,'','','','FVE','00','0591','2012-04-18 17:06:19','2012-04-18 05:00:00','0000-00-00 00:00:00',243,1,'PARTICULAR-RAMA JUDICIAL',23000,0,23000,'',1,'JORGE','2012-04-18 16:06:22',6),(338,'','','','FVE','00','0592','2012-04-18 17:28:40','2012-04-18 05:00:00','0000-00-00 00:00:00',244,1,'PARTICULAR',11000,0,11000,'',1,'LISSETH','2012-04-18 16:28:57',6),(339,'','','','FVE','00','0593','2012-04-18 20:50:57','2012-04-18 05:00:00','0000-00-00 00:00:00',245,1,'PARTICULAR RAMA JUDICIAL',23000,0,23000,'',1,'LISSETH','2012-04-18 19:51:02',6),(340,'','','','FVE','00','0594','2012-04-18 22:58:48','2012-04-18 05:00:00','0000-00-00 00:00:00',12,1,'JORGE BAYONA CC 1090440764 Y HEIDER JAIMES CC 88273779',180000,0,180000,'',10,'LISSETH','2012-04-18 21:59:44',6),(341,'','','','FVE','00','0595','2012-04-19 23:11:46','2012-04-19 05:00:00','0000-00-00 00:00:00',12,1,'ROBERT LEGUIZAMO CC 1013601812 Y EDGAR SEPULVEDA CC 88256991',180000,0,180000,'',10,'LISSETH','2012-04-19 22:12:31',6),(342,'','','','FVE','00','0596','2012-04-20 16:16:14','2012-04-20 05:00:00','0000-00-00 00:00:00',246,1,'PARTICULAR RAMA JUDICIAL',23000,0,23000,'',1,'LISSETH','2012-04-20 15:16:22',6),(343,'','','','FVE','00','0597','2012-04-20 17:35:19','2012-04-20 05:00:00','0000-00-00 00:00:00',235,1,'CARMEN ORTIZ , LISARDO VERA ',40000,0,40000,'',2,'JORGE','2012-04-20 16:35:23',6),(344,'','','','FVE','00','0598','2012-04-20 18:46:53','2012-04-20 05:00:00','0000-00-00 00:00:00',247,1,'PACIENTES VALORADOS EN EL MES DE ABRIL DE 2012',1168000,0,1168000,'',48,'JORGE','2012-04-20 17:46:55',6),(345,'','','','FVE','00','0599','2012-04-20 20:31:46','2012-04-20 05:00:00','0000-00-00 00:00:00',248,1,'PARTICULAR ACTIVOS',40000,0,40000,'',1,'LISSETH','2012-04-20 19:32:09',6),(347,'','','','FVE','00','0600','2012-04-20 21:20:20','2012-04-20 05:00:00','0000-00-00 00:00:00',249,1,'PARTICULAR ACTIVOS',30000,0,30000,'',1,'LISSETH','2012-04-20 20:20:37',6),(348,'','','','FVE','00','0601','2012-04-21 13:47:35','2012-04-21 05:00:00','0000-00-00 00:00:00',227,1,'RUBBY ESQUIVEL  CC:27.737.907',29500,0,29500,'',2,'JORGE','2012-04-21 12:48:40',6),(349,'','','','FVE','00','0602','2012-04-21 17:50:31','2012-04-21 05:00:00','0000-00-00 00:00:00',37,1,'EXAMENES DE INGRESO 13 PERSONAS',260000,0,260000,'',13,'LISSETH','2012-04-21 16:51:09',6),(350,'','','','FVE','00','0603','2012-04-23 14:00:09','2012-04-23 05:00:00','0000-00-00 00:00:00',251,1,'PARTICULAR-LOS VADOS',66000,0,66000,'',3,'JORGE','2012-04-23 13:00:38',6),(351,'','','','FVE','00','0604','2012-04-23 15:28:11','2012-04-23 05:00:00','0000-00-00 00:00:00',252,1,'PARTICULAR LEVAPAN',8000,0,8000,'',1,'LISSETH','2012-04-23 14:28:19',6),(352,'','','','FVE','00','0605','2012-04-23 21:10:17','2012-04-23 05:00:00','0000-00-00 00:00:00',253,1,'PARTICULAR RAMA JUDICIAL',23000,0,23000,'',1,'LISSETH','2012-04-23 20:10:22',6),(353,'','','','FVE','00','0606','2012-04-24 14:59:18','2012-04-24 05:00:00','0000-00-00 00:00:00',254,1,'RAMA JUDICIAL',23000,0,23000,'',1,'JORGE','2012-04-24 13:59:22',6),(354,'','','','FVE','00','0607','2012-04-24 15:28:26','2012-04-24 05:00:00','0000-00-00 00:00:00',255,1,'PARTICULAR RAMA JUDICIAL',31000,0,31000,'',2,'JORGE','2012-04-24 14:28:44',6),(355,'','','','FVE','00','0608','2012-04-24 20:19:27','2012-04-24 05:00:00','0000-00-00 00:00:00',256,1,'PARTICULAR RAMA JUDUCIAL',23000,0,23000,'',1,'LISSETH','2012-04-24 19:19:32',6),(356,'','','','FVE','00','0609','2012-04-24 22:42:28','2012-04-24 05:00:00','0000-00-00 00:00:00',224,1,'PACIENTES VALORADOS EN EL MES DE MARZO DE 2012',385000,0,385000,'',20,'JORGE','2012-04-24 21:42:31',6),(357,'','','','FVE','00','0610','2012-04-24 22:44:26','2012-04-24 05:00:00','0000-00-00 00:00:00',223,1,'PACIENTES VALORADOS EN EL MES DE MARZO DE 2012',67000,0,67000,'',4,'JORGE','2012-04-24 21:45:37',6),(358,'','','','FVE','00','0611','2012-04-24 22:48:03','2012-04-24 05:00:00','0000-00-00 00:00:00',222,1,'PACIENTES VALORADOS EN EL MES DE MARZO DE 2012 SYNAPSIS',87000,0,87000,'',6,'JORGE','2012-04-24 21:48:51',6),(359,'','','','FVE','00','0612','2012-04-24 22:52:35','2012-04-24 05:00:00','0000-00-00 00:00:00',222,1,'PACIENTES VALORADOS EN EL MES DE MARZO DE 2012',978000,0,978000,'',62,'JORGE','2012-04-24 21:54:03',6),(360,'','','','FVE','00','0613','2012-04-25 16:34:40','2012-04-25 05:00:00','0000-00-00 00:00:00',120,1,'PACIENTE VALORADOS EN EL MES DE ABRIL DE 2012',826000,0,826000,'',56,'JORGE','2012-04-25 15:38:46',6),(361,'','','','FVE','00','0614','2012-04-25 20:38:52','2012-04-25 05:00:00','0000-00-00 00:00:00',257,1,'PARTICULAR RAMA JUDICIAL',23000,0,23000,'',1,'LISSETH','2012-04-25 20:29:17',6),(362,'','','','FVE','00','0615','2012-04-25 21:26:24','2012-04-25 05:00:00','0000-00-00 00:00:00',115,1,'PACIENTES VALORADOS EN EL MES DE ABRIL DE 2012',238000,0,238000,'',3,'JORGE','2012-04-25 20:26:43',6),(363,'','','','FVE','00','0616','2012-04-25 21:40:50','2012-04-25 05:00:00','0000-00-00 00:00:00',258,1,'PARTICULAR RAMA JUDICIAL',23000,0,23000,'',1,'LISSETH','2012-04-25 20:41:00',6),(364,'','','','FVE','00','0617','2012-04-26 16:50:03','2012-04-26 05:00:00','0000-00-00 00:00:00',259,1,'PARTICULAR RAMA JUDICIAL',23000,0,23000,'',1,'LISSETH','2012-04-26 15:50:08',6),(365,'','','','FVE','00','0618','2012-04-26 17:46:24','2012-04-26 05:00:00','0000-00-00 00:00:00',18,1,'PACIENTE VALORADOS EN EL MES DE ABRIL DE 2012',84000,0,84000,'',6,'JORGE','2012-04-26 16:47:36',6),(366,'','','','FVE','00','0619','2012-04-26 22:07:43','2012-04-26 05:00:00','0000-00-00 00:00:00',12,1,'JULIO VELASCO CC. 1093758738',90000,0,90000,'',5,'LISSETH','2012-04-26 21:08:32',6),(367,'','','','FVE','00','0620','2012-04-27 14:37:50','2012-04-27 05:00:00','0000-00-00 00:00:00',261,1,'PARTICULAR-MULTIEMPLEOS',31000,0,31000,'',2,'JORGE','2012-04-27 13:38:04',6),(368,'','','','FVE','00','0621','2012-04-27 21:52:14','2012-04-27 05:00:00','0000-00-00 00:00:00',262,1,'PARTICULAR RAMA JUDICIAL',23000,0,23000,'',1,'LISSETH','2012-04-27 20:52:18',6),(369,'','','','FVE','00','0622','2012-04-28 14:11:48','2012-04-28 05:00:00','0000-00-00 00:00:00',263,1,'PARTICULAR',23000,0,23000,'',1,'JORGE','2012-04-28 13:11:54',6),(370,'','','','FVE','00','0623','2012-04-30 17:24:32','2012-04-30 05:00:00','0000-00-00 00:00:00',264,1,'PARTICULAR-RAMA JUDICIAL',23000,0,23000,'',1,'JORGE','2012-04-30 16:24:38',6),(371,'','','','FVE','00','0624','2012-04-30 17:59:19','2012-04-30 05:00:00','0000-00-00 00:00:00',265,1,'PARTICULAR-RAMA JUDICIAL',23000,0,23000,'',1,'JORGE','2012-04-30 16:59:23',6),(372,'','','','FVE','00','0625','2012-04-30 20:50:37','2012-04-30 05:00:00','0000-00-00 00:00:00',266,1,'PARTICULAR POLICIA NACIONAL',20000,0,20000,'',1,'LISSETH','2012-04-30 19:50:49',6),(373,'','','','FVE','00','0626','2012-04-30 21:54:34','2012-04-30 05:00:00','0000-00-00 00:00:00',267,1,'PARTICULAR RAMA JUDICIAL',23000,0,23000,'',1,'LISSETH','2012-04-30 20:54:39',6),(374,'','','','FVE','00','0627','2012-04-30 23:18:38','2012-04-30 05:00:00','0000-00-00 00:00:00',12,1,'EDWIN SALAZAR CC 1052397370',90000,0,90000,'',5,'LISSETH','2012-04-30 22:20:20',6),(375,'','','','FVE','00','0628','2012-04-30 16:34:47','2012-05-02 05:00:00','0000-00-00 00:00:00',29,1,'PACIENTES VALORADOS EN EL MES DE ABRIL DE 2012',3058600,0,3058600,'',154,'JORGE','2012-05-02 15:38:37',6),(376,'','','','FVE','00','0629','2012-04-30 17:46:26','2012-05-02 05:00:00','0000-00-00 00:00:00',207,1,'PACIENTES VALORADOS EN EL MES DE ABRIL DE 2012',226000,0,226000,'',14,'JORGE','2012-05-02 16:46:29',6),(377,'','','','FVE','00','0630','2012-04-30 18:08:16','2012-05-02 05:00:00','0000-00-00 00:00:00',27,1,'PACIENTES VALORADOS EN EL MES DE ABRIL DE 2012',243000,0,243000,'',12,'JORGE','2012-05-02 17:09:23',6),(378,'','','','FVE','00','0631','2012-04-30 18:43:51','2012-05-02 05:00:00','0000-00-00 00:00:00',138,1,'PACIENTES VALORADOS EN EL MES DE ABRIL DE 2012',99000,0,99000,'',6,'JORGE','2012-05-02 17:44:21',6),(379,'','','','FVE','00','0634','2012-05-02 21:09:38','2012-05-02 05:00:00','0000-00-00 00:00:00',18,1,'KELLY BLANCO,DANNY MUÑOZ,MARLON CASTAÑEDA',82000,0,82000,'',5,'LISSETH','2012-05-02 20:10:30',6),(380,'','','','FVE','00','0632','2012-04-30 21:00:43','2012-05-09 05:00:00','0000-00-00 00:00:00',268,1,'PARTICULAR CASA LIMPIA',23000,0,23000,'',1,'LISSETH','2012-05-09 20:00:46',6),(381,'','','','FVE','00','0633','2012-04-30 21:43:09','2012-05-03 05:00:00','0000-00-00 00:00:00',32,1,'PACIENTES VALORADOS EN EL MES DE ABRIL DE 2012',190000,0,190000,'',10,'JORGE','2012-05-03 20:49:37',6),(382,'','','','FVE','00','0635','2012-05-02 21:16:53','2012-05-02 05:00:00','0000-00-00 00:00:00',269,1,'PARTICULAR LOS VADOS',66000,0,66000,'',3,'LISSETH','2012-05-02 20:17:36',6),(383,'','','','FVE','00','0636','2012-05-02 21:20:24','2012-05-02 05:00:00','0000-00-00 00:00:00',12,1,'JOSE HERNANDEZ CC. 88288075',90000,0,90000,'',5,'LISSETH','2012-05-02 20:22:59',6),(384,'','','','FVE','00','0637','2012-05-02 21:25:18','2012-05-02 05:00:00','0000-00-00 00:00:00',270,1,'PARTICULAR LOS VADOS',66000,0,66000,'',3,'LISSETH','2012-05-02 20:25:45',6),(385,'','','','FVE','00','0638','2012-05-02 13:29:30','2012-05-03 05:00:00','0000-00-00 00:00:00',30,1,'PACIENTES VALORADOS EN EL MES DE ABRIL DE 2012',418000,0,418000,'',19,'JORGE','2012-05-03 15:49:53',6),(386,'','','','FVE','00','0639','2012-05-02 13:30:04','2012-05-03 05:00:00','0000-00-00 00:00:00',222,1,'PACIENTES VALORADOS EN EL MES DE ABRIL DE 2012',764000,0,764000,'',51,'JORGE','2012-05-03 22:18:14',6),(387,'','','','FVE','00','0640','2012-05-02 17:56:21','2012-05-03 05:00:00','0000-00-00 00:00:00',224,1,'PACIENTES VALORADOS EN EL MES DE ABRIL DE 2012',221000,0,221000,'',14,'JORGE','2012-05-03 16:57:08',6),(388,'','','','FVE','00','0641','2012-05-02 22:26:01','2012-05-03 05:00:00','0000-00-00 00:00:00',223,1,'FREDDY CABALLERO CC. 88.244.823',19000,0,19000,'',1,'JORGE','2012-05-03 21:26:06',6),(389,'','','','FVE','00','0642','2012-05-03 14:44:15','2012-05-03 05:00:00','0000-00-00 00:00:00',272,1,'PARTICULAR-LOS VADOS',66000,0,66000,'',3,'JORGE','2012-05-03 13:44:56',6),(390,'','','','FVE','00','0643','2012-05-03 14:46:56','2012-05-03 05:00:00','0000-00-00 00:00:00',273,1,'PARTICULAR-LOS VADOS',66000,0,66000,'',3,'JORGE','2012-05-03 13:56:24',6),(391,'','','','FVE','00','0644','2012-05-03 15:00:34','2012-05-03 05:00:00','0000-00-00 00:00:00',274,1,'PARTICULAR-LOS VADOS',66000,0,66000,'',3,'JORGE','2012-05-03 14:01:01',6),(392,'','','','FVE','00','0646','2012-05-03 20:53:37','2012-05-03 05:00:00','0000-00-00 00:00:00',275,1,'PARTICULAR LOS VADOS',66000,0,66000,'',3,'LISSETH','2012-05-03 19:54:08',6),(393,'','','','FVE','00','0645','2012-05-03 20:48:18','2012-05-03 05:00:00','0000-00-00 00:00:00',12,1,'DIEGO CARVAJAL CC. 1093754137 Y EDWIN CAICEDO CC. 1093752314',180000,0,180000,'',10,'LISSETH','2012-05-03 19:49:28',6),(394,'','','','FVE','00','0676','2012-05-14 16:59:20','2012-05-14 05:00:00','0000-00-00 00:00:00',271,1,'PARTICULAR-ADELA',32000,0,32000,'',5,'LISSETH','2012-05-14 15:59:25',6),(395,'','','','FVE','00','0647','2012-05-03 23:27:26','2012-05-03 05:00:00','0000-00-00 00:00:00',276,1,'PARTICULAR CASA LIMPIA',20000,0,20000,'',1,'LISSETH','2012-05-03 22:27:35',6),(396,'','','','FVE','00','0648','2012-05-04 13:04:02','2012-05-04 05:00:00','0000-00-00 00:00:00',277,1,'PARTICULAR-LOS VADOS',66000,0,66000,'',3,'JORGE','2012-05-04 12:04:31',6),(397,'','','','FVE','00','0649','2012-05-04 13:10:35','2012-05-04 05:00:00','0000-00-00 00:00:00',252,1,'PARTICULAR',8000,0,8000,'',1,'JORGE','2012-05-04 12:10:51',6),(398,'','','','FVE','00','0650','2012-05-05 15:12:25','2012-05-05 05:00:00','0000-00-00 00:00:00',12,1,'OTONIEL ESTUPIÑAN CC: 5.609.018',90000,0,90000,'',5,'JORGE','2012-05-05 14:13:39',6),(399,'','','','FVE','00','0651','2012-05-07 21:17:31','2012-05-07 05:00:00','0000-00-00 00:00:00',278,1,'PARTICULAR CENS',20000,0,20000,'',1,'LISSETH','2012-05-07 20:17:41',6),(400,'','','','FVE','00','0652','2012-05-07 22:57:53','2012-05-07 05:00:00','0000-00-00 00:00:00',12,1,'JOSE SAENZ CC. 79401916',90000,0,90000,'',5,'LISSETH','2012-05-07 21:58:33',6),(401,'','','','FVE','00','0653','2012-05-08 23:11:18','2012-05-08 05:00:00','0000-00-00 00:00:00',12,1,'MIGUEL ARDILA CC. 1090401666',90000,0,90000,'',5,'LISSETH','2012-05-08 22:12:03',6),(402,'','','','FVE','00','0654','2012-05-08 23:13:51','2012-05-08 05:00:00','0000-00-00 00:00:00',279,1,'RX TEMPORAL',39000,0,39000,'',1,'LISSETH','2012-05-08 22:14:00',6),(403,'','','','FVE','00','0656','2012-05-09 23:37:54','2012-05-09 05:00:00','0000-00-00 00:00:00',281,1,'PARTICULAR CENS',20000,0,20000,'',1,'JORGE','2012-05-09 22:38:02',6),(404,'','','','FVE','00','0655','2012-05-09 13:20:32','2012-05-09 05:00:00','0000-00-00 00:00:00',280,1,'PARTICULAR-LOS VADOS',66000,0,66000,'',3,'JORGE','2012-05-09 12:20:56',6),(405,'','','','FVE','00','0657','2012-05-10 22:05:26','2012-05-10 05:00:00','0000-00-00 00:00:00',282,1,'PARTICULAR-LOS VADOS',66000,0,66000,'',3,'LISSETH','2012-05-10 21:05:28',6),(406,'','','','FVE','00','0658','2012-05-10 13:41:16','2012-05-10 05:00:00','0000-00-00 00:00:00',283,1,'PARTICULAR-CENS',20000,0,20000,'',1,'JORGE','2012-05-10 12:41:28',6),(407,'','','','FVE','00','0659','2012-05-10 13:48:28','2012-05-10 05:00:00','0000-00-00 00:00:00',284,1,'PARTICULAR-CENS',20000,0,20000,'',1,'JORGE','2012-05-10 12:48:38',6),(408,'','','','FVE','00','0660','2012-05-10 14:05:53','2012-05-10 05:00:00','0000-00-00 00:00:00',285,1,'PARTICULAR-LOS VADOS',66000,0,66000,'',3,'JORGE','2012-05-10 13:06:20',6),(409,'','','','FVE','00','0669','2012-05-11 13:28:21','2012-05-11 05:00:00','0000-00-00 00:00:00',292,1,'PARTICULAR-LOS VADOS',66000,0,66000,'',3,'JORGE','2012-05-11 12:28:45',6),(410,'','','','FVE','00','0661','2012-05-10 14:21:19','2012-05-10 05:00:00','0000-00-00 00:00:00',286,1,'PARTICULAR-FUNDACION DE LA MUJER',34000,0,34000,'',2,'JORGE','2012-05-10 13:21:40',6),(411,'','','','FVE','00','0662','2012-05-10 16:21:28','2012-05-10 05:00:00','0000-00-00 00:00:00',287,1,'PARTICULAR LOS VADOS',66000,0,66000,'',3,'LISSETH','2012-05-10 15:21:56',6),(412,'','','','FVE','00','0663','2012-05-10 21:42:11','2012-05-10 05:00:00','0000-00-00 00:00:00',173,1,'PACIENTES VALORADOS EN EL MES DE MAYO',150000,0,150000,'',9,'JORGE','2012-05-10 20:42:13',6),(413,'','','','FVE','00','0664','2012-05-10 21:55:41','2012-05-10 05:00:00','0000-00-00 00:00:00',12,1,'LUIS RAMIREZ CC. 1093752401',90000,0,90000,'',5,'LISSETH','2012-05-10 20:56:40',6),(414,'','','','FVE','00','0665','2012-05-10 21:57:01','2012-05-10 05:00:00','0000-00-00 00:00:00',288,1,'PARTICULAR',11000,0,11000,'',1,'JORGE','2012-05-10 20:57:36',6),(415,'','','','FVE','00','0666','2012-05-10 22:06:42','2012-05-10 05:00:00','0000-00-00 00:00:00',289,1,'PARTICULAR CENS',20000,0,20000,'',1,'LISSETH','2012-05-10 21:06:53',6),(416,'','','','FVE','00','0667','2012-05-10 22:51:06','2012-05-10 05:00:00','0000-00-00 00:00:00',290,1,'PARTICULAR CENS',20000,0,20000,'',1,'LISSETH','2012-05-10 21:51:35',6),(417,'','','','FVE','00','0668','2012-05-10 22:54:32','2012-05-10 05:00:00','0000-00-00 00:00:00',291,1,'PARTICULAR CENS',20000,0,20000,'',1,'LISSETH','2012-05-10 21:54:43',6),(418,'','','','FVE','00','0671','2012-05-12 13:31:01','2012-05-12 05:00:00','0000-00-00 00:00:00',294,1,'PARTICULAR-CASA LIMPIA',20000,0,20000,'',1,'JORGE','2012-05-12 12:31:16',6),(419,'','','','FVE','00','0670','2012-05-11 22:52:35','2012-05-11 05:00:00','0000-00-00 00:00:00',293,1,'PARTICULAR-MULTIEMPLEOS',20000,0,20000,'',1,'JORGE','2012-05-11 21:52:42',6),(420,'','','','FVE','00','0672','2012-05-12 16:48:11','2012-05-12 05:00:00','0000-00-00 00:00:00',295,1,'RAMA JUDICIAL-PARTICULAR',23000,0,23000,'',1,'LISSETH','2012-05-12 15:48:30',6),(421,'','','','FVE','00','0673','2012-05-12 17:08:00','2012-05-12 05:00:00','0000-00-00 00:00:00',296,1,'PARTICULAR-CENS',20000,0,20000,'',1,'LISSETH','2012-05-12 16:09:06',6),(422,'','','','FVE','00','0674','2012-05-14 13:35:58','2012-05-14 05:00:00','0000-00-00 00:00:00',297,1,'PARTICULAR-LOS VADOS',66000,0,66000,'',3,'LISSETH','2012-05-14 12:37:00',6),(423,'','','','FVE','00','0675','2012-05-14 16:09:44','2012-05-14 05:00:00','0000-00-00 00:00:00',29,1,'PACIENTES VALORADOS EN EL MES DE MAYO DE 2012',2069400,0,2069400,'',109,'JORGE','2012-05-14 15:11:04',6),(424,'','','','FVE','00','0677','2012-05-14 18:16:29','2012-05-14 05:00:00','0000-00-00 00:00:00',120,1,'PACIENTES VALORADOS ABRIL-MAYO',465000,0,465000,'',27,'JORGE','2012-05-14 17:17:10',6),(425,'','','','FVE','00','0678','2012-05-14 20:20:37','2012-05-14 05:00:00','0000-00-00 00:00:00',299,1,'PARTICULAR RAMA JUDICIAL',23000,0,23000,'',1,'LISSETH','2012-05-14 19:20:43',6),(426,'','','','FVE','00','0680','2012-05-14 23:28:53','2012-05-14 05:00:00','0000-00-00 00:00:00',301,1,'PARTICULAR-CENS',20000,0,20000,'',1,'LISSETH','2012-05-14 22:29:00',6),(427,'','','','FVE','00','0681','2012-05-14 23:30:39','2012-05-14 05:00:00','0000-00-00 00:00:00',302,1,'PARTICULAR-CENS',20000,0,20000,'',1,'LISSETH','2012-05-14 22:30:45',6),(428,'','','','FVE','00','0679','2012-05-14 23:20:39','2012-05-14 05:00:00','0000-00-00 00:00:00',300,1,'PARTICULAR-RAMA JUDICIAL',23000,0,23000,'',1,'JORGE','2012-05-14 22:20:44',6),(429,'','','','FVE','00','0682','2012-05-14 23:55:12','2012-05-14 05:00:00','0000-00-00 00:00:00',303,1,'PARTICULAR-CENS',20000,0,20000,'',1,'LISSETH','2012-05-14 22:55:35',6),(430,'','','','FVE','00','0684','2012-05-15 23:58:30','2012-05-15 05:00:00','0000-00-00 00:00:00',305,1,'PARTICULAR-TEMPORAL',71000,0,71000,'',3,'LISSETH','2012-05-15 22:58:50',6),(431,'','','','FVE','00','0683','2012-05-15 23:56:54','2012-05-15 05:00:00','0000-00-00 00:00:00',304,1,'PARTICULAR-CASA LIMPIA',31000,0,31000,'',2,'LISSETH','2012-05-15 22:57:16',6),(432,'','','','FVE','00','0685','2012-05-16 00:01:09','2012-05-15 05:00:00','0000-00-00 00:00:00',306,1,'PARTICULAR-EMISER S.A.S',30000,0,30000,'',2,'JORGE','2012-05-15 23:01:33',6),(433,'','','','FVE','00','0686','2012-05-16 00:02:24','2012-05-15 05:00:00','0000-00-00 00:00:00',307,1,'PARTICULAR-EMISER S.A.S',30000,0,30000,'',2,'JORGE','2012-05-15 23:02:45',6),(434,'','','','FVE','00','0687','2012-05-16 00:03:43','2012-05-15 05:00:00','0000-00-00 00:00:00',308,1,'PARTICULAR-EMISER S.A.S',30000,0,30000,'',2,'JORGE','2012-05-15 23:04:09',6),(435,'','','','FVE','00','0688','2012-05-16 00:09:01','2012-05-15 05:00:00','0000-00-00 00:00:00',309,1,'PARTICULAR-EMISER S.A.S',30000,0,30000,'',2,'JORGE','2012-05-15 23:09:15',6),(436,'','','','FVE','00','0689','2012-05-16 00:10:37','2012-05-15 05:00:00','0000-00-00 00:00:00',310,1,'PARTICULAR-EMISER S.A.S',30000,0,30000,'',2,'JORGE','2012-05-15 23:11:05',6),(437,'','','','FVE','00','0690','2012-05-16 00:12:33','2012-05-15 05:00:00','0000-00-00 00:00:00',311,1,'PARTICULAR-EMISER S.A.S',30000,0,30000,'',2,'JORGE','2012-05-15 23:12:46',6),(438,'','','','FVE','00','0691','2012-05-16 00:15:19','2012-05-15 05:00:00','0000-00-00 00:00:00',312,1,'PARTICULAR-EMISER S.A.S',30000,0,30000,'',2,'JORGE','2012-05-15 23:16:13',6),(439,'','','','FVE','00','0692','2012-05-16 00:19:30','2012-05-15 05:00:00','0000-00-00 00:00:00',12,1,'BAUDILIO RODRIGUEZ CC. 13.267.680',90000,0,90000,'',5,'JORGE','2012-05-15 23:21:07',6),(440,'','','','FVE','00','0694','2012-05-16 22:15:31','2012-05-18 05:00:00','0000-00-00 00:00:00',12,1,'LUIS TOSCANO CC. 13.492.791',90000,0,90000,'',5,'JORGE','2012-05-18 21:16:19',6),(441,'','','','FVE','00','0695','2012-05-17 22:23:08','2012-05-18 05:00:00','0000-00-00 00:00:00',314,1,'PARTICULAR-LOS VADOS',66000,0,66000,'',3,'JORGE','2012-05-18 21:23:58',6),(442,'','','','FVE','00','0693','2012-05-16 22:14:05','2012-05-18 05:00:00','0000-00-00 00:00:00',313,1,'PARTICULAR- TEMPORAL',20000,0,20000,'',1,'JORGE','2012-05-18 21:14:19',6),(443,'','','','FVE','00','0696','2012-05-17 22:25:22','2012-05-18 05:00:00','0000-00-00 00:00:00',315,1,'PARTICULAR-CENS',20000,0,20000,'',1,'JORGE','2012-05-18 21:25:40',6),(444,'','','','FVE','00','0697','2012-05-19 00:09:30','2012-05-18 05:00:00','0000-00-00 00:00:00',316,1,'PARTICULAS- TEMPORAL ',20000,0,20000,'',1,'LISSETH','2012-05-18 23:10:01',6),(445,'','','','FVE','00','0698','2012-05-19 00:19:54','2012-05-18 05:00:00','0000-00-00 00:00:00',12,1,'ALVARO PEREA - FELIX MARTINEZ',180000,0,180000,'',10,'LISSETH','2012-05-18 23:19:58',6),(446,'','','','FVE','00','0699','2012-05-19 00:21:42','2012-05-18 05:00:00','0000-00-00 00:00:00',317,1,'PARTICULAR- CENS',20000,0,20000,'',1,'LISSETH','2012-05-18 23:22:01',6),(449,'','','','FVE','00','0700','2012-05-19 17:23:44','2012-05-19 05:00:00','0000-00-00 00:00:00',37,1,'ROSANA BAUTISTA CC.37.441.166',31000,0,31000,'',2,'KARLA','2012-05-19 16:23:46',6),(450,'','','','FVE','00','0701','2012-05-22 13:46:22','2012-05-22 05:00:00','0000-00-00 00:00:00',319,1,'PARTICULAR CENS',20000,0,20000,'',1,'KARLA','2012-05-22 12:49:06',6),(451,'','','','FVE','00','0702','2012-05-22 15:51:44','2012-05-22 05:00:00','0000-00-00 00:00:00',320,1,'PARTICULAR - PISOS Y ENCHAPES LOS VADOS',66000,0,66000,'',3,'KARLA','2012-05-22 14:51:48',6),(452,'','','','FVE','00','0703','2012-05-22 16:00:37','2012-05-22 05:00:00','0000-00-00 00:00:00',321,1,'PARTICULAR - PISOS Y ENCHAPES LOS VADOS',66000,0,66000,'',3,'KARLA','2012-05-22 15:00:41',6),(453,'','','','FVE','00','0704','2012-05-22 18:04:38','2012-05-22 05:00:00','0000-00-00 00:00:00',13,1,'PACIENTES VALORADOS EN EL MES DE AMAYO DE 2012',640000,0,640000,'',32,'JORGE','2012-05-22 17:05:28',6),(454,'','','','FVE','00','0705','2012-05-23 23:53:02','2012-05-23 05:00:00','0000-00-00 00:00:00',1,1,'',0,0,0,'',0,'KARLA','2012-05-23 22:53:04',6),(455,'','','','FVE','00','0706','2012-05-23 15:14:27','2012-05-23 05:00:00','0000-00-00 00:00:00',322,1,'PARTICULAR - GEOVANNY PETTIT',34000,0,34000,'',2,'KARLA','2012-05-23 14:14:29',6),(456,'','','','FVE','00','0707','2012-05-23 18:18:44','2012-05-23 05:00:00','0000-00-00 00:00:00',323,1,'PARTICULAR-RAMA JUDICIAL',23000,0,23000,'',1,'JORGE','2012-05-23 17:18:50',6),(457,'','','','FVE','00','0708','2012-05-23 22:09:40','2012-05-23 05:00:00','0000-00-00 00:00:00',324,1,'PARTICULAR MULTI EMPLEOS - ERWIN TORRES',34000,0,34000,'',2,'KARLA','2012-05-23 21:09:43',6),(458,'','','','FVE','00','0709','2012-05-24 20:31:27','2012-05-25 05:00:00','0000-00-00 00:00:00',12,1,'LUIS NIÑO CC: 88250271',90000,0,90000,'',5,'KARLA','2012-05-25 19:31:29',6),(459,'','','','FVE','00','0710','2012-05-25 13:35:23','2012-05-25 05:00:00','0000-00-00 00:00:00',326,1,'PARTICULAR LOS VADOS - CESAR VALDERRAMA',66000,0,66000,'',3,'KARLA','2012-05-25 12:35:26',6),(460,'','','','FVE','00','0711','2012-05-25 20:53:29','2012-05-29 05:00:00','2012-05-29 05:00:00',327,1,'PARTICULAR - GLADYS FORERO',0,0,0,'',0,'KARLA','2012-05-29 16:44:29',6),(461,'','','','FVE','00','0712','2012-05-25 21:00:45','2012-05-25 05:00:00','0000-00-00 00:00:00',328,1,'PARTICULAR - MARIA RAMIREZ',23000,0,23000,'',1,'KARLA','2012-05-25 20:00:50',6),(462,'','','','FVE','00','0713','2012-05-29 14:38:50','2012-05-29 05:00:00','0000-00-00 00:00:00',329,1,'PARTICULAR - OLGA OSORIO',34000,0,34000,'',2,'KARLA','2012-05-29 13:38:52',6),(463,'','','','FVE','00','0714','2012-05-30 13:21:16','2012-05-31 05:00:00','0000-00-00 00:00:00',331,1,'PARTICULAR CASA LIMPIA - RONALD GARCIA',20000,0,20000,'',1,'JORGE','2012-05-31 12:21:19',6),(464,'','','','FVE','00','0715','2012-05-30 15:48:17','2012-05-30 05:00:00','0000-00-00 00:00:00',332,1,'PARTICULAR CASA LIMPIA - LUZ GUTIERREZ',30000,0,30000,'',2,'KARLA','2012-05-30 14:48:28',6),(465,'','','','FVE','00','0716','2012-05-30 16:46:14','2012-05-30 05:00:00','0000-00-00 00:00:00',333,1,'PARTICULAR CASA LIMPIA - SANDRA GIL',30000,0,30000,'',2,'KARLA','2012-05-30 15:46:17',6),(466,'','','','FVE','00','0717','2012-05-30 20:24:55','2012-05-30 05:00:00','0000-00-00 00:00:00',334,1,'PARTICULAR CASA LIMPIA - RAQUEL SANCHEZ',30000,0,30000,'',2,'KARLA','2012-05-30 19:24:59',6),(467,'','','','FVE','00','0718','2012-05-30 22:23:39','2012-05-30 05:00:00','0000-00-00 00:00:00',335,1,'PARTICULAR RAMA JUDICIAL - JENNY BARRIENTOS',23000,0,23000,'',1,'KARLA','2012-05-30 21:23:41',6),(468,'','','','FVE','00','0719','2012-05-31 13:40:51','2012-05-31 05:00:00','0000-00-00 00:00:00',336,1,'PARTICULAR LOS VADOS - JULIO MORALES',66000,0,66000,'',3,'JORGE','2012-05-31 12:40:54',6),(469,'','','','FVE','00','0720','2012-05-31 15:34:50','2012-05-31 05:00:00','0000-00-00 00:00:00',337,1,'PARTICULAR LOS VADOS - RONALD TORRADO',66000,0,66000,'',3,'KARLA','2012-05-31 14:34:53',6),(470,'','','','FVE','00','0721','2012-05-31 15:45:44','2012-05-31 05:00:00','0000-00-00 00:00:00',338,1,'PARTICULAR LOS VADOS - JEISON GUTIERREZ',66000,0,66000,'',3,'KARLA','2012-05-31 14:46:05',6),(471,'','','','FVE','00','0722','2012-05-31 16:18:21','2012-05-31 05:00:00','0000-00-00 00:00:00',339,1,'PARTICULAR LOS VADOS - JACKSON DIAZ',66000,0,66000,'',3,'KARLA','2012-05-31 15:18:23',6),(472,'','','','FVE','00','0723','2012-05-31 14:56:32','2012-06-01 05:00:00','0000-00-00 00:00:00',29,1,'PACIENTES VALORADOS EN EL MES DE MAYO DE 2012',3695750,0,3695750,'',221,'JORGE','2012-06-01 15:10:59',6),(473,'','','','FVE','00','0724','2012-05-31 18:04:11','2012-05-31 05:00:00','0000-00-00 00:00:00',31,1,'PACIENTES VALORADOS EN EL MES DE MAYO DE 2012',198000,0,198000,'',10,'JORGE','2012-05-31 17:06:08',6),(474,'','','','FVE','00','0725','2012-05-31 22:49:47','2012-05-31 05:00:00','0000-00-00 00:00:00',340,1,'PARTICULAR CASA DE LA CULTURA - ROSA HERNANDEZ',30000,0,30000,'',2,'KARLA','2012-05-31 21:49:49',6),(475,'','','','FVE','00','0726','2012-05-31 23:04:20','2012-05-31 05:00:00','0000-00-00 00:00:00',12,1,'TRANSGUASIMALES - MIGUEL ARDILA ',33000,0,33000,'',1,'KARLA','2012-05-31 22:04:22',6),(476,'','','','FVE','00','0730','2012-06-01 14:59:07','2012-06-01 05:00:00','0000-00-00 00:00:00',32,1,'PACIENTES VALORADOS EN EL MES DE MAYO DE 2012',76000,0,76000,'',4,'JORGE','2012-06-01 16:06:50',6),(477,'','','','FVE','00','0727','2012-06-01 14:59:37','2012-06-01 05:00:00','0000-00-00 00:00:00',131,1,'PACIENTES VALORADEOS EN EL MES DE MAYO DE 2012',81500,0,81500,'',6,'JORGE','2012-06-01 16:04:59',6),(478,'','','','FVE','00','0728','2012-06-01 15:00:08','2012-06-01 05:00:00','0000-00-00 00:00:00',115,1,'PACIENTES VALORADOS EN EL MES DE MAYO DE 2012',38000,0,38000,'',2,'JORGE','2012-06-01 16:05:27',6),(479,'','','','FVE','00','0729','2012-06-01 15:00:33','2012-06-01 05:00:00','0000-00-00 00:00:00',27,1,'PACIENTES VALORADOS EN EL MES DE MAYO DE 2012',243000,0,243000,'',12,'JORGE','2012-06-01 16:06:22',6),(480,'','','','FVE','00','0731','2012-06-01 15:47:50','2012-06-02 05:00:00','0000-00-00 00:00:00',30,1,'PACIENTES VALORADOS EN EL MES DE MAYO DE 2012',855000,0,855000,'',45,'JORGE','2012-06-02 14:48:05',6),(481,'','','','FVE','00','0732','2012-06-02 16:47:47','2012-06-02 05:00:00','0000-00-00 00:00:00',342,1,'PARTICULAR CASA LIMPIA - EDITH SANCHEZ',20000,0,20000,'',1,'KARLA','2012-06-02 15:47:51',6),(482,'','','','FVE','00','0733','2012-06-02 15:09:34','2012-06-04 05:00:00','0000-00-00 00:00:00',222,1,'PACIENTES VALORADOS EN EL MES DE MAYO DE 2012',800000,0,800000,'',48,'JORGE','2012-06-04 14:11:06',6),(483,'','','','FVE','00','0734','2012-06-02 15:12:04','2012-06-04 05:00:00','0000-00-00 00:00:00',222,1,'PACIENTE VALORADO EN   EL MES DE MARYO DE 2012',60000,0,60000,'',4,'JORGE','2012-06-04 14:13:39',6),(484,'','','','FVE','00','0735','2012-06-02 15:15:00','2012-06-04 05:00:00','0000-00-00 00:00:00',224,1,'PACIENTES VALORADOS EN EL MES DE MAYO DE 2012',251000,0,251000,'',17,'JORGE','2012-06-04 14:15:03',6),(485,'','','','FVE','00','0736','2012-06-02 17:46:05','2012-06-04 05:00:00','0000-00-00 00:00:00',18,1,'PACIENTS VALORADOS EN EL MES DE MAYO DE 2012',111000,0,111000,'',6,'JORGE','2012-06-04 16:46:30',6),(486,'','','','FVE','00','0737','2012-06-04 20:48:22','2012-06-04 05:00:00','0000-00-00 00:00:00',343,1,'PARTICULAR - LUZ VARGAS',31000,0,31000,'',2,'KARLA','2012-06-04 19:48:24',6),(487,'','','','FVE','00','0738','2012-06-04 17:30:19','2012-06-15 05:00:00','0000-00-00 00:00:00',344,1,'PACIENTES VALORADOS EN EL MES DE JUNIO',280000,0,280000,'',8,'JORGE','2012-06-15 16:30:23',6),(488,'','','','FVE','00','0739','2012-06-05 13:20:18','2012-06-05 05:00:00','0000-00-00 00:00:00',195,1,'PARTICULAR-LOS VADOS',66000,0,66000,'',3,'JORGE','2012-06-05 12:20:41',6),(489,'','','','FVE','00','0740','2012-06-06 15:21:55','2012-06-06 05:00:00','0000-00-00 00:00:00',345,1,'PARTICULAR RAMA JUDICIAL - JERSON RAMIREZ',23000,0,23000,'',1,'KARLA','2012-06-06 14:21:58',6),(490,'','','','FVE','00','0741','2012-06-06 20:26:24','2012-06-06 05:00:00','0000-00-00 00:00:00',346,1,'PARTICULAR CASA DE LA CULTURA - HEIBERTH FIGUEROA',23000,0,23000,'',1,'KARLA','2012-06-06 19:26:30',6),(491,'','','','FVE','00','0742','2012-06-08 21:32:41','2012-06-08 05:00:00','0000-00-00 00:00:00',348,1,'PARTICULAR MULTI EMPLEOS - LAURA ARDILA',31000,0,31000,'',2,'KARLA','2012-06-08 20:32:47',6),(492,'','','','FVE','00','0743','2012-06-08 21:48:16','2012-06-08 05:00:00','0000-00-00 00:00:00',349,1,'PARTICULAR MULTI EMPLEO - KATHERIN FORERO',31000,0,31000,'',2,'KARLA','2012-06-08 20:48:19',6),(493,'','','','FVE','00','0744','2012-06-09 17:23:43','2012-06-09 05:00:00','0000-00-00 00:00:00',350,1,'PARTICULAR MULTI EMPLEOS - LISBETH JAUREGUI',31000,0,31000,'',2,'KARLA','2012-06-09 16:23:46',6),(494,'','','','FVE','00','0745','2012-06-12 14:51:46','2012-06-12 05:00:00','0000-00-00 00:00:00',351,1,'PARTICULAR CASA LIMPIA - FRONILDE PARADA',31000,0,31000,'',2,'KARLA','2012-06-12 13:51:50',6),(495,'','','','FVE','00','0746','2012-06-12 15:25:51','2012-06-12 05:00:00','0000-00-00 00:00:00',352,1,'RUBEN TREJOS CC: 88.237.886',23000,0,23000,'',1,'JORGE','2012-06-12 14:26:02',6),(496,'','','','FVE','00','0747','2012-06-12 20:42:18','2012-06-12 05:00:00','0000-00-00 00:00:00',353,1,'PARTICULAR - GERSON CONTRERAS',39000,0,39000,'',1,'KARLA','2012-06-12 19:42:20',6),(497,'','','','FVE','00','0748','2012-06-12 21:35:27','2012-06-12 05:00:00','0000-00-00 00:00:00',354,1,'PARTICULAR - FRANGER GARCIA',39000,0,39000,'',1,'KARLA','2012-06-12 20:35:30',6),(498,'','','','FVE','00','0749','2012-06-13 14:42:39','2012-06-13 05:00:00','0000-00-00 00:00:00',355,1,'PARTICULAR MULTI EMPLEOS - ANGELICA VILLAMIZAR',31000,0,31000,'',2,'KARLA','2012-06-13 13:42:42',6),(499,'','','','FVE','00','0750','2012-06-13 15:18:09','2012-06-13 05:00:00','0000-00-00 00:00:00',29,1,'PACIENTES VALORADOS EN EL MES DE JUNIO DE 2012',2656300,0,2656300,'',138,'JORGE','2012-06-13 14:18:12',6),(500,'','','','FVE','00','0751','2012-06-13 15:18:33','2012-06-13 05:00:00','0000-00-00 00:00:00',120,1,'PACIENTES VALORADOS EN EL MES DE JUNIO DE 2012',412000,0,412000,'',26,'JORGE','2012-06-13 14:18:35',6),(501,'','','','FVE','00','0752','2012-06-13 21:21:44','2012-06-13 05:00:00','0000-00-00 00:00:00',356,1,'PARTICULAR - ANA MERCHAN',50000,0,50000,'',3,'KARLA','2012-06-13 20:21:46',6),(502,'','','','FVE','00','0753','2012-06-14 23:09:49','2012-06-14 05:00:00','0000-00-00 00:00:00',357,1,'PARTICULAR - CARLOS HERNANDEZ',39000,0,39000,'',1,'KARLA','2012-06-14 22:09:51',6),(503,'','','','FVE','00','0754','2012-06-15 13:55:12','2012-06-15 05:00:00','0000-00-00 00:00:00',358,1,'PARTICULAR - MARIA GOMEZ',16000,0,16000,'',1,'KARLA','2012-06-15 12:55:14',6),(504,'','','','FVE','00','0755','2012-06-15 15:52:15','2012-06-30 05:00:00','0000-00-00 00:00:00',37,1,'PACIENTE VALORADOS EN EL MES DE JUNIO DE 2012',133000,0,133000,'',7,'JORGE','2012-06-30 14:52:19',6),(505,'','','','FVE','00','0756','2012-06-16 16:50:08','2012-06-16 05:00:00','0000-00-00 00:00:00',359,1,'PARTICULAR - ORLANDO VERA',23000,0,23000,'',1,'KARLA','2012-06-16 15:50:10',6),(506,'','','','FVE','00','0757','2012-06-19 17:43:29','2012-06-19 05:00:00','0000-00-00 00:00:00',360,1,'PARTICULAR RAMA JUDICIAL - JANETH TARAZONA',23000,0,23000,'',1,'KARLA','2012-06-19 16:43:31',6),(507,'','','','FVE','00','0758','2012-06-20 17:16:24','2012-06-20 05:00:00','0000-00-00 00:00:00',361,1,'PARTICULAR - MARCOS NAVARRO',40000,0,40000,'',1,'KARLA','2012-06-20 16:16:27',6),(508,'','','','FVE','00','T-878573','2012-06-21 14:06:02','2012-06-21 05:00:00','2012-06-21 05:00:00',12,1,'TRANSGUASIMALES - PEDRO ALVARADO',0,0,0,'',0,'KARLA','2012-06-21 13:08:00',6),(509,'','','','FVE','00','0759','2012-06-21 21:10:33','2012-06-21 05:00:00','0000-00-00 00:00:00',363,1,'PARTICULAR - JORGE PIMIENTO',39000,0,39000,'',1,'KARLA','2012-06-21 20:10:35',6),(510,'','','','FVE','00','0760','2012-06-21 23:49:42','2012-06-21 05:00:00','0000-00-00 00:00:00',12,1,'TRANGUASIMALES - PEDRO ALVARDO',90000,0,90000,'',5,'KARLA','2012-06-21 22:49:46',6),(511,'','','','FVE','00','0761','2012-06-23 15:20:47','2012-06-23 05:00:00','0000-00-00 00:00:00',120,1,'PACIENTES VALORADOS EN EL MES DE JUNIO',166000,0,166000,'',10,'JORGE','2012-06-23 14:20:50',6),(512,'','','','FVE','00','0762','2012-06-25 13:29:29','2012-06-25 05:00:00','0000-00-00 00:00:00',364,1,'PARTICULAR - HERNAN SEPULVEDA',34000,0,34000,'',2,'KARLA','2012-06-25 12:29:31',6),(513,'','','','FVE','00','0763','2012-06-26 14:33:51','2012-06-26 05:00:00','0000-00-00 00:00:00',365,1,'MULTI EMPLEOS - YULI QUINTANA',31000,0,31000,'',2,'KARLA','2012-06-26 13:33:53',6),(514,'','','','FVE','00','0764','2012-06-26 17:12:25','2012-06-26 05:00:00','0000-00-00 00:00:00',366,1,'BELKIS MANOSALVA C.C 60.363.764',23000,0,23000,'',1,'JORGE','2012-06-26 16:12:27',6),(515,'','','','FVE','00','0765','2012-06-26 21:30:26','2012-06-26 05:00:00','0000-00-00 00:00:00',367,1,'MULTI EMPLEOS - RAFAEL LEAL',31000,0,31000,'',2,'KARLA','2012-06-26 20:30:28',6),(516,'','','','FVE','00','0766','2012-06-27 14:33:35','2012-06-27 05:00:00','0000-00-00 00:00:00',368,1,'PARTICULAR - CARLOS JAIMES',61000,0,61000,'',3,'KARLA','2012-06-27 13:33:37',6),(517,'','','','FVE','00','0767','2012-06-27 15:48:30','2012-06-27 05:00:00','0000-00-00 00:00:00',369,1,'MULTI EMPLEOS - HENRY CABALLERO',31000,0,31000,'',2,'KARLA','2012-06-27 14:48:33',6),(518,'','','','FVE','00','0768','2012-06-27 16:43:38','2012-06-27 05:00:00','0000-00-00 00:00:00',370,1,'PARTICULAR - CARLOS PINTO ',39000,0,39000,'',1,'KARLA','2012-06-27 15:43:39',6),(519,'','','','FVE','00','0769','2012-06-28 15:42:16','2012-07-09 05:00:00','2012-07-09 05:00:00',18,1,'PACIENTES VALORADOS EN EL MES DE JUNIO DE 2012',0,0,0,'',0,'JORGE','2012-07-09 22:13:20',6),(520,'','','','FVE','00','0770','2012-06-28 15:46:17','2012-06-28 05:00:00','0000-00-00 00:00:00',27,1,'PACIENTES VALORADOS EN EL MES DE JUNIO DE 2012',502000,0,502000,'',21,'JORGE','2012-06-28 14:49:07',6),(521,'','','','FVE','00','0771','2012-06-28 15:57:48','2012-06-28 05:00:00','0000-00-00 00:00:00',31,1,'PACIENTES VALORADOS EN EL MES DE JUNIO DE 2012.',234000,0,234000,'',12,'JORGE','2012-06-28 14:59:19',6),(522,'','','','FVE','00','0772','2012-06-28 16:59:46','2012-06-28 05:00:00','0000-00-00 00:00:00',207,1,'PACIENTS VALORADOS EN EL MES DE JUNIO DE 2012',241000,0,241000,'',15,'JORGE','2012-06-28 16:07:22',6),(523,'','','','FVE','00','0773','2012-06-29 15:34:56','2012-06-29 05:00:00','0000-00-00 00:00:00',138,1,'PACIENTES VALORADOS EN EL MES DE JUNIO DE 2012',132000,0,132000,'',8,'JORGE','2012-06-29 14:34:59',6),(524,'','','','FVE','00','0774','2012-06-29 15:12:30','2012-06-29 05:00:00','0000-00-00 00:00:00',131,1,'PACIENTES VALORADOS EN EL MES DE JUNIO DE 2012',57000,0,57000,'',4,'JORGE','2012-06-29 14:13:03',6),(525,'','','','FVE','00','0776','2012-06-29 15:15:52','2012-06-29 05:00:00','0000-00-00 00:00:00',372,1,'PARTICULAR CASA LIMPIA - LILIANA PEREZ',23000,0,23000,'',1,'JORGE','2012-06-29 14:15:55',6),(526,'','','','FVE','00','0777','2012-06-29 15:26:31','2012-06-29 05:00:00','0000-00-00 00:00:00',373,1,'PARTICULAR - GERSON RODRIGUEZ',39000,0,39000,'',1,'KARLA','2012-06-29 14:26:35',6),(527,'','','','FVE','00','0778','2012-06-29 15:38:00','2012-06-29 05:00:00','0000-00-00 00:00:00',32,1,'PACIENTES VALORADOS EN EL MES DE JUNIO DE 2012',152000,0,152000,'',8,'JORGE','2012-06-29 14:38:01',6),(528,'','','','FVE','00','0779','2012-06-29 21:36:44','2012-06-29 05:00:00','0000-00-00 00:00:00',374,1,'PARTICULAR-TELERED',23000,0,23000,'',1,'JORGE','2012-06-29 20:36:49',6),(529,'','','','FVE','00','0780','2012-06-29 21:39:02','2012-06-29 05:00:00','0000-00-00 00:00:00',376,1,'PARTICULAR-TELERED',23000,0,23000,'',1,'JORGE','2012-06-29 20:39:07',6),(530,'','','','FVE','00','0781','2012-06-29 21:40:24','2012-06-29 05:00:00','0000-00-00 00:00:00',377,1,'PARTICULAR-TELERED',23000,0,23000,'',1,'JORGE','2012-06-29 20:40:29',6),(531,'','','','FVE','00','0782','2012-06-30 14:48:57','2012-06-30 05:00:00','0000-00-00 00:00:00',378,1,'PISOS Y ENCHAPES LOS VADOS - EDWIN FUENTES',66000,0,66000,'',3,'KARLA','2012-06-30 13:48:59',6),(532,'','','','FVE','00','0784','2012-07-04 00:19:49','2012-07-03 05:00:00','0000-00-00 00:00:00',379,241,'PARTICULAR - GERSON LOPEZ',39000,0,39000,'',1,'','2012-07-03 23:19:50',6),(533,'','','','FVE','00','0783','2012-06-30 16:20:32','2012-06-30 05:00:00','0000-00-00 00:00:00',29,1,'PACIENTES VALORADOS EN EL ME DE JUNIO DE 2012',5291000,0,5291000,'',303,'JORGE','2012-06-30 15:20:35',6),(534,'','','','FVE','00','0785','2012-07-03 17:13:36','2012-07-03 05:00:00','0000-00-00 00:00:00',380,1,'PARTICULAR CASA LIMPIA - LIZANDRA MANZANO',23000,0,23000,'',1,'KARLA','2012-07-03 16:13:39',6),(535,'','','','FVE','00','0786','2012-07-03 18:10:37','2012-07-03 05:00:00','0000-00-00 00:00:00',381,1,'PARTICULAR - FREDDY GARCIA ',39000,0,39000,'',1,'KARLA','2012-07-03 17:10:39',6),(536,'','','','FVE','00','0787','2012-07-03 20:28:10','2012-07-03 05:00:00','0000-00-00 00:00:00',382,1,'RAMA JUDICIAL - ANDRES MONTES ',23000,0,23000,'',1,'KARLA','2012-07-03 19:28:12',6),(537,'','','','FVE','00','0788','2012-07-03 21:04:26','2012-07-03 05:00:00','0000-00-00 00:00:00',30,1,'PACIENTES VALORADOS EN EL MES JUNIO DE 2012',513000,0,513000,'',19,'JORGE','2012-07-03 20:05:01',6),(538,'','','','FVE','00','0789','2012-07-03 21:54:42','2012-07-03 05:00:00','0000-00-00 00:00:00',224,1,'PACIENTES VALORADOS EN EL MES DE JUNIO DE 2012',163000,0,163000,'',10,'JORGE','2012-07-03 20:54:46',6),(539,'','','','FVE','00','0790','2012-07-03 22:04:20','2012-07-03 05:00:00','0000-00-00 00:00:00',383,1,'PARTICULAR LOS VADOS - JAVIER GONZALEZ',66000,0,66000,'',3,'KARLA','2012-07-03 21:04:22',6),(540,'','','','FVE','00','0791','2012-07-03 22:44:02','2012-07-03 05:00:00','0000-00-00 00:00:00',222,1,'PACIENTES VALORADOS EN EL MES DE JUNIO DE 2012',696000,0,696000,'',46,'JORGE','2012-07-03 21:45:45',6),(541,'','','','FVE','00','0792','2012-07-03 22:52:14','2012-07-03 05:00:00','0000-00-00 00:00:00',222,1,'VALORADO EN JUNIO LUIS MALDONADO CC 6.662.793',60000,0,60000,'',4,'JORGE','2012-07-03 21:54:25',6),(542,'','','','FVE','00','0793','2012-07-04 17:10:09','2012-07-04 05:00:00','0000-00-00 00:00:00',366,1,'PARTICULAR INGELCOM S.A.S - LEYDI SILVA ',23000,0,23000,'',1,'KARLA','2012-07-04 16:10:12',6),(543,'','','','FVE','00','0794','2012-07-04 20:31:57','2012-07-04 05:00:00','0000-00-00 00:00:00',385,1,'PARTICULAR - JUAN SEPULVEDA ',55000,0,55000,'',3,'KARLA','2012-07-04 19:31:59',6),(544,'','','','FVE','00','0795','2012-07-04 21:26:30','2012-07-04 05:00:00','0000-00-00 00:00:00',386,1,'PARTICULAR RAMA JUDICIAL - JEISOND CASTRO ',23000,0,23000,'',1,'KARLA','2012-07-04 20:26:32',6),(545,'','','','FVE','00','0796','2012-07-04 23:47:27','2012-07-04 05:00:00','0000-00-00 00:00:00',12,1,'TRANSGUASIMALES - VICTOR JAIMES ',90000,0,90000,'',5,'KARLA','2012-07-04 22:47:28',6),(546,'','','','FVE','00','0797','2012-07-04 23:59:37','2012-07-04 05:00:00','0000-00-00 00:00:00',330,1,'PARTICULAR - MARIA RINCON , LUCIA PARADA ',21000,0,21000,'',4,'KARLA','2012-07-04 22:59:39',6),(547,'','','','FVE','00','0798','2012-07-05 13:22:05','2012-07-05 05:00:00','0000-00-00 00:00:00',388,1,'PARTICULAR - ATANAEL ROPERO ',39000,0,39000,'',1,'KARLA','2012-07-05 12:22:07',6),(548,'','','','FVE','00','0799','2012-07-05 15:25:58','2012-07-05 05:00:00','0000-00-00 00:00:00',389,1,'PARTICULAR - JHONATHAN RODRIGUEZ ',19500,0,19500,'',1,'KARLA','2012-07-05 14:26:01',6),(549,'','','','FVE','00','0800','2012-07-05 15:40:14','2012-07-05 05:00:00','0000-00-00 00:00:00',12,1,'TRANSGUASIMALES - VICTOR JAIMES ',33000,0,33000,'',1,'KARLA','2012-07-05 14:40:18',6),(550,'','','','FVE','00','0801','2012-07-06 16:20:13','2012-07-06 05:00:00','0000-00-00 00:00:00',390,1,'PISOS Y ENCHAPES LOS VADOS - ALBERTO PEÑALOZA ',66000,0,66000,'',3,'KARLA','2012-07-06 15:20:15',6),(551,'','','','FVE','00','0802','2012-07-06 17:37:59','2012-07-06 05:00:00','0000-00-00 00:00:00',366,1,'INGELCOM S.A.S - CAMILA MORA ',23000,0,23000,'',1,'KARLA','2012-07-06 16:38:02',6),(552,'','','','FVE','00','0803','2012-07-06 22:36:29','2012-07-06 05:00:00','0000-00-00 00:00:00',12,1,'TRANSGUASIMALES - MANUEL VANEGAS ',90000,0,90000,'',5,'KARLA','2012-07-06 21:36:31',6),(553,'','','','FVE','00','0804','2012-07-09 16:11:32','2012-07-09 05:00:00','0000-00-00 00:00:00',366,1,'INGELCOM S.A.S - DANIEL GAMBOA ',23000,0,23000,'',1,'KARLA','2012-07-09 15:11:35',6),(554,'','','','FVE','00','0805','2012-07-09 23:20:22','2012-07-09 05:00:00','0000-00-00 00:00:00',18,1,'PACIENTE VALORADOS EN EL MES DE JUNIO DE 2012.',551000,0,551000,'',28,'JORGE','2012-07-09 22:20:25',6),(555,'','','','FVE','00','0806','2012-07-10 15:02:33','2012-07-10 05:00:00','0000-00-00 00:00:00',394,1,'PACIENTE VALORADO EN EL MES DE JUNIO DE 2012.',20000,0,20000,'',1,'JORGE','2012-07-10 14:02:46',6),(556,'','','','FVE','00','0807','2012-07-10 21:51:18','2012-07-10 05:00:00','0000-00-00 00:00:00',395,1,'VACUAN DE TETANO -PAISAJE URBANO',10000,0,10000,'',1,'JORGE','2012-07-10 20:51:33',6),(557,'','','','FVE','00','0808','2012-07-10 21:52:56','2012-07-10 05:00:00','0000-00-00 00:00:00',396,1,'TETANO,INFLUENZA-PAISAJE URBANO',39000,0,39000,'',2,'JORGE','2012-07-10 20:54:12',6),(558,'','','','FVE','00','0809','2012-07-10 21:55:29','2012-07-10 05:00:00','0000-00-00 00:00:00',397,1,'TETANO,INFLUENZA-PAISAJE URBANO',39000,0,39000,'',2,'JORGE','2012-07-10 20:55:43',6),(559,'','','','FVE','00','0810','2012-07-10 21:56:59','2012-07-10 05:00:00','0000-00-00 00:00:00',398,1,'TETANO-PAISAJE URBANO',10000,0,10000,'',1,'JORGE','2012-07-10 20:57:13',6),(560,'','','','FVE','00','0811','2012-07-10 21:58:21','2012-07-10 05:00:00','0000-00-00 00:00:00',399,1,'TETANO-PAISAJE URBANO',10000,0,10000,'',1,'JORGE','2012-07-10 20:58:28',6),(561,'','','','FVE','00','0812','2012-07-11 15:25:42','2012-07-11 05:00:00','0000-00-00 00:00:00',403,1,'PISOS Y ENCHAPES LOS VADOS - TULIO MEDINA ',66000,0,66000,'',3,'KARLA','2012-07-11 14:25:44',6),(562,'','','','FVE','00','0813','2012-07-11 14:25:22','2012-07-11 05:00:00','0000-00-00 00:00:00',400,1,'PARTICULAR - JAIME GALVIS ',39000,0,39000,'',1,'KARLA','2012-07-11 13:25:26',6),(563,'','','','FVE','00','0814','2012-07-11 14:50:46','2012-07-11 05:00:00','0000-00-00 00:00:00',401,1,'PISOS Y ENCHAPES LOS VADOS - EDGAR GARZON ',66000,0,66000,'',3,'KARLA','2012-07-11 13:50:50',6),(564,'','','','FVE','00','0815','2012-07-11 15:03:18','2012-07-11 05:00:00','0000-00-00 00:00:00',402,1,'PISOS Y ENCHAPES LOS VADOS - LUIS PEDROZO ',66000,0,66000,'',3,'KARLA','2012-07-11 14:03:20',6),(565,'','','','FVE','00','0816','2012-07-11 20:23:30','2012-07-11 05:00:00','0000-00-00 00:00:00',404,1,'PARTICULAR - JORGE MEZA ',33000,0,33000,'',2,'KARLA','2012-07-11 19:23:36',6),(566,'','','','FVE','00','0817','2012-07-11 20:37:10','2012-07-11 05:00:00','0000-00-00 00:00:00',405,1,'PARTICULAR - ROBERTO ANGARITA ',33000,0,33000,'',2,'KARLA','2012-07-11 19:37:12',6),(567,'','','','FVE','00','0818','2012-07-11 23:10:20','2012-07-11 05:00:00','0000-00-00 00:00:00',406,1,'RAMA JUDICIAL - ANDREA LINDARTE ',23000,0,23000,'',1,'KARLA','2012-07-11 22:10:22',6),(568,'','','','FVE','00','0819','2012-07-12 15:27:48','2012-07-12 05:00:00','0000-00-00 00:00:00',348,1,'PARTICULAR MULTI EMPLEOS - LAURA ARDILA ',31000,0,31000,'',2,'KARLA','2012-07-12 14:27:51',6),(569,'','','','FVE','00','0820','2012-07-13 14:09:47','2012-07-13 05:00:00','0000-00-00 00:00:00',407,1,'PARTICULAR - LUZ GALVIS ',16000,0,16000,'',1,'KARLA','2012-07-13 13:09:49',6),(570,'','','','FVE','00','0821','2012-07-13 22:01:45','2012-07-13 05:00:00','0000-00-00 00:00:00',408,1,'PISOS Y ENCHAPES LOS VADOS - CARLOS JAIMES ',66000,0,66000,'',3,'KARLA','2012-07-13 21:01:47',6),(571,'','','','FVE','00','0822','2012-07-13 23:54:17','2012-07-13 05:00:00','0000-00-00 00:00:00',29,1,'PACIENTES VALORADOS DEL 30/06/2012 AL 13/07/2012',3496950,0,3496950,'',206,'JORGE','2012-07-13 22:54:19',6),(572,'','','','FVE','00','0823','2012-07-14 14:33:27','2012-07-14 05:00:00','0000-00-00 00:00:00',409,1,'PISOS Y ENCHAPES LOS VADOS - SIMON MONTAÑEZ ',66000,0,66000,'',3,'KARLA','2012-07-14 13:33:29',6),(573,'','','','FVE','00','0833','2012-07-23 20:00:42','2012-07-25 05:00:00','0000-00-00 00:00:00',410,1,'PACIENTES VALORADOS EN EL MES DE JULIO DE 2012.',150000,0,150000,'',11,'JORGE','2012-07-25 19:00:46',6),(574,'','','','FVE','00','0824','2012-07-16 14:28:24','2012-07-16 05:00:00','0000-00-00 00:00:00',411,1,'PARTICULAR - ERICK MARTINEZ ',42000,0,42000,'',1,'KARLA','2012-07-16 13:28:26',6),(575,'','','','FVE','00','0825','2012-07-16 20:55:53','2012-07-16 05:00:00','0000-00-00 00:00:00',412,1,'CASA LIMPIA - GLORIA VESGA ',23000,0,23000,'',1,'KARLA','2012-07-16 19:55:55',6),(576,'','','','FVE','00','0826','2012-07-16 21:32:55','2012-07-16 05:00:00','0000-00-00 00:00:00',413,1,'PARTICULAR - RONALD SANGUINO ',23000,0,23000,'',1,'KARLA','2012-07-16 20:32:58',6),(577,'','','','FVE','00','0827','2012-07-17 13:17:28','2012-07-17 05:00:00','0000-00-00 00:00:00',414,1,'PARTICULAR-TEMPORAL',39000,0,39000,'',1,'JORGE','2012-07-17 12:17:37',6),(578,'','','','FVE','00','0828','2012-07-17 13:23:52','2012-07-17 05:00:00','0000-00-00 00:00:00',415,1,'PARTICULAR-LOS VADOS',66000,0,66000,'',3,'JORGE','2012-07-17 12:24:38',6),(579,'','','','FVE','00','0829','2012-07-18 15:01:25','2012-07-18 05:00:00','0000-00-00 00:00:00',416,1,'PARTICULAR LOS VADOS - JHON LOPEZ ',66000,0,66000,'',3,'KARLA','2012-07-18 14:01:27',6),(580,'','','','FVE','00','0830','2012-07-18 21:06:00','2012-07-18 05:00:00','0000-00-00 00:00:00',366,1,'INGELCOM S.A.S - WILLIAM ROBAYO ',23000,0,23000,'',1,'KARLA','2012-07-18 20:06:02',6),(581,'','','','FVE','00','0831','2012-07-19 13:24:29','2012-07-19 05:00:00','0000-00-00 00:00:00',418,1,'PARTICULAR LOS VADOS - ANGEL AGAMEZ ',66000,0,66000,'',3,'KARLA','2012-07-19 12:24:31',6),(582,'','','','FVE','00','0832','2012-07-19 22:23:45','2012-07-19 05:00:00','0000-00-00 00:00:00',419,1,'PARTICULAR - RAFAEL BERNAL ',39000,0,39000,'',1,'KARLA','2012-07-19 21:23:48',6),(583,'','','','FVE','00','0834','2012-07-24 16:05:27','2012-07-24 05:00:00','0000-00-00 00:00:00',420,1,'PARTICULAR - ROSA BAUTISTA ',61000,0,61000,'',4,'JORGE','2012-07-24 15:05:30',6),(584,'','','','FVE','00','0835','2012-07-24 16:03:53','2012-07-24 05:00:00','0000-00-00 00:00:00',421,1,'PARTICULAR - RUBEN VERA ',39000,0,39000,'',1,'KARLA','2012-07-24 15:03:56',6),(585,'','','','FVE','00','0836','2012-07-24 16:56:08','2012-07-24 05:00:00','0000-00-00 00:00:00',120,1,'PACIENTES VALORADOS EN EL MES DE JULIO DE 2012.',353000,0,353000,'',20,'JORGE','2012-07-24 15:57:20',6),(586,'','','','FVE','00','0837','2012-07-25 23:54:15','2012-07-25 05:00:00','0000-00-00 00:00:00',12,1,'TRANSGUASIMALES - JOSE IBARRA ',90000,0,90000,'',5,'KARLA','2012-07-25 22:54:19',6),(587,'','','','FVE','00','0838','2012-07-26 13:33:02','2012-07-26 05:00:00','0000-00-00 00:00:00',423,1,'PARTICULAR LOS VADOS - CIRO MONDRAGON ',66000,0,66000,'',3,'KARLA','2012-07-26 12:33:05',6),(588,'','','','FVE','00','0839','2012-07-26 13:41:55','2012-07-26 05:00:00','0000-00-00 00:00:00',424,1,'PARTICULAR LOS VADOS - EDWIN PEREZ ',66000,0,66000,'',3,'KARLA','2012-07-26 12:41:58',6),(589,'','','','FVE','00','0840','2012-07-26 14:57:42','2012-07-26 05:00:00','0000-00-00 00:00:00',366,1,'INGELCOM S.A. - FARIDE VELASQUEZ ',23000,0,23000,'',1,'KARLA','2012-07-26 13:57:46',6),(590,'','','','FVE','00','0841','2012-07-26 14:59:51','2012-07-26 05:00:00','0000-00-00 00:00:00',366,1,'INGELCOM S.A. - JAVIER VELASQUEZ ',23000,0,23000,'',1,'KARLA','2012-07-26 13:59:55',6),(591,'','','','FVE','00','0842','2012-07-27 22:09:16','2012-07-27 05:00:00','0000-00-00 00:00:00',29,1,'PACIENTES VALORADOS EN EL MES DE JULIO DE 2012',3338700,0,3338700,'',191,'JORGE','2012-07-27 21:10:22',6),(592,'','','','FVE','00','0843','2012-07-30 15:12:28','2012-07-30 05:00:00','0000-00-00 00:00:00',427,1,'PARTICULAR LOS VADOS - HECTOR OSORIO ',66000,0,66000,'',3,'KARLA','2012-07-30 14:12:31',6),(593,'','','','FVE','00','0844','2012-07-30 15:27:02','2012-07-30 05:00:00','0000-00-00 00:00:00',428,1,'PARTICULAR LOS VADOS - CANDIDO CARCAMO ',66000,0,66000,'',3,'KARLA','2012-07-30 14:27:05',6),(594,'','','','FVE','00','0845','2012-07-30 17:29:20','2012-07-30 05:00:00','0000-00-00 00:00:00',429,1,'PARTICULAR LOS VADOS - REISON DAVID ',66000,0,66000,'',3,'KARLA','2012-07-30 16:29:23',6),(595,'','','','FVE','00','0846','2012-07-30 21:25:57','2012-07-30 05:00:00','0000-00-00 00:00:00',173,1,'PACIENTE VALORADOS EN EL  2012',73000,0,73000,'',3,'JORGE','2012-07-30 20:25:59',6),(596,'','','','FVE','00','0847','2012-07-30 21:27:08','2012-07-30 05:00:00','0000-00-00 00:00:00',18,1,'PACIENTES VALORADOS EN EL MES DE JULIO DE 2012',135000,0,135000,'',9,'JORGE','2012-07-30 20:27:11',6),(597,'','','','FVE','00','0848','2012-07-31 15:05:12','2012-07-31 05:00:00','0000-00-00 00:00:00',430,1,'PARTICULAR - JHOAN BERNAL ',39000,0,39000,'',1,'KARLA','2012-07-31 14:05:14',6),(598,'','','','FVE','00','0849','2012-07-31 20:25:33','2012-07-31 05:00:00','0000-00-00 00:00:00',431,1,'RAMA JUDICIAL - YESSICA GELVES ',23000,0,23000,'',1,'KARLA','2012-07-31 19:25:36',6),(601,'','','','FVE','00','0850','2012-07-31 14:27:52','2012-08-01 05:00:00','0000-00-00 00:00:00',133,1,'PACIENTE VALORADOS EN EL MES DE JULIO DE 2012',38000,0,38000,'',2,'JORGE','2012-08-01 15:54:17',6),(602,'','','','FVE','00','0851','2012-07-31 16:53:30','2012-08-01 05:00:00','0000-00-00 00:00:00',115,1,'PACIENTES VALORADOS EN EL MES DE JULIO DE 2012',38000,0,38000,'',2,'JORGE','2012-08-01 15:53:32',6),(603,'','','','FVE','00','0852','2012-07-31 14:29:42','2012-08-01 05:00:00','0000-00-00 00:00:00',138,1,'PACIENTES VALORADOS EN EL MES DE JULIO DE 2012',66000,0,66000,'',4,'JORGE','2012-08-01 15:55:55',6),(604,'','','','FVE','00','0853','2012-07-31 14:30:12','2012-08-01 05:00:00','0000-00-00 00:00:00',32,1,'PACIENTES VALORADOS EN EL MES DE JULIO DE 2012',95000,0,95000,'',5,'JORGE','2012-08-01 15:54:54',6),(605,'','','','FVE','00','0854','2012-07-31 16:50:01','2012-08-01 05:00:00','0000-00-00 00:00:00',207,1,'PACIENTES VALORADOS EN EL MES DE JULIO DE 2012',402000,0,402000,'',25,'JORGE','2012-08-01 15:50:04',6),(606,'','','','FVE','00','0855','2012-08-01 14:38:55','2012-08-01 05:00:00','0000-00-00 00:00:00',432,1,'PARTICULAR - EDGAR REMOLINA ',23000,0,23000,'',1,'KARLA','2012-08-01 13:38:56',6),(607,'','','','FVE','00','0856','2012-08-01 14:42:23','2012-08-01 05:00:00','0000-00-00 00:00:00',433,1,'PARTICULAR - JORGE DIAZ ',55000,0,55000,'',3,'KARLA','2012-08-01 13:42:26',6),(608,'','','','FVE','00','0857','2012-08-01 15:14:21','2012-08-01 05:00:00','0000-00-00 00:00:00',434,1,'PARTICULAR LOS VADOS - FABIAN FIGUEROA ',66000,0,66000,'',3,'KARLA','2012-08-01 14:14:24',6),(609,'','','','FVE','00','0858','2012-08-01 15:45:08','2012-08-01 05:00:00','0000-00-00 00:00:00',435,1,'PARTICULAR - WILSON FIAYO ',39000,0,39000,'',1,'KARLA','2012-08-01 14:45:11',6),(610,'','','','FVE','00','0859','2012-08-01 20:21:31','2012-08-01 05:00:00','0000-00-00 00:00:00',30,1,'PACIENTES VALORADOS EN EL MES DE JULIO DE 2012',179000,0,179000,'',10,'JORGE','2012-08-01 19:21:33',6),(611,'','','','FVE','00','0860','2012-08-01 22:32:23','2012-08-01 05:00:00','0000-00-00 00:00:00',436,1,'VACUNA FIEBRE AMARILLA-BAVARIA PARTICULAR',42000,0,42000,'',1,'KARLA','2012-08-01 21:34:15',6),(612,'','','','FVE','00','0861','2012-08-02 14:02:22','2012-08-02 05:00:00','0000-00-00 00:00:00',437,1,'PARTICULAR - LUZ BERBESI ',65000,0,65000,'',4,'KARLA','2012-08-02 13:02:25',6),(613,'','','','FVE','00','0862','2012-08-02 14:20:42','2012-08-02 05:00:00','0000-00-00 00:00:00',438,1,'PARTICULAR - JENNY BURBANO ',40000,0,40000,'',1,'KARLA','2012-08-02 13:20:45',6),(614,'','','','FVE','00','0863','2012-08-02 15:06:04','2012-08-02 05:00:00','0000-00-00 00:00:00',439,1,'RAMA JUDICIAL - ALBERTINA OMAÑA ',23000,0,23000,'',1,'KARLA','2012-08-02 14:06:07',6),(615,'','','','FVE','00','0864','2012-08-02 16:19:29','2012-08-02 05:00:00','0000-00-00 00:00:00',440,1,'PARTICULAR - EDGAR GOMEZ ',23000,0,23000,'',1,'KARLA','2012-08-02 15:19:31',6),(616,'','','','FVE','00','0865','2012-08-02 21:03:47','2012-08-02 05:00:00','0000-00-00 00:00:00',222,1,'PACIENTES VALORADOS EN EL MES DE JULIO DE 2012',1168000,0,1168000,'',70,'JORGE','2012-08-02 20:03:49',6),(617,'','','','FVE','00','0866','2012-08-02 21:05:04','2012-08-02 05:00:00','0000-00-00 00:00:00',224,1,'PACIENTES VALORADOS EN  EL MES DE JULIO DE 2012',145000,0,145000,'',10,'JORGE','2012-08-02 20:05:36',6),(618,'','','','FVE','00','0867','2012-08-02 21:06:18','2012-08-02 05:00:00','0000-00-00 00:00:00',223,1,'PACIENTES VALORADOS EN EL MES DE JULIO DE 2012',19000,0,19000,'',1,'JORGE','2012-08-02 20:06:37',6),(621,'','','','FVE','00','0868','2012-08-04 17:37:38','2012-08-04 17:37:38','0000-00-00 00:00:00',441,1,'PREST SERV AUTOGENERADA POR EL SISTEMA',186000,0,186000,'',6,'JORGE','2012-08-04 17:37:38',6),(622,'','','','FVE','00','0869','2012-08-06 14:10:07','2012-08-06 05:00:00','0000-00-00 00:00:00',443,1,'PARTICULAR - NELSON VILLEGAS ',85000,0,85000,'',1,'KARLA','2012-08-06 13:10:09',6),(623,'','','','FVE','00','0870','2012-08-06 14:25:24','2012-08-06 05:00:00','0000-00-00 00:00:00',444,1,'PARTICULAR - ROSALINO CAMPEROS ',85000,0,85000,'',1,'KARLA','2012-08-06 13:25:26',6),(624,'','','','FVE','00','0871','2012-08-06 14:34:41','2012-08-06 05:00:00','0000-00-00 00:00:00',445,1,'PARTICULAR - LUIS SAAVEDRA ',85000,0,85000,'',1,'KARLA','2012-08-06 13:34:49',6),(625,'','','','FVE','00','0872','2012-08-06 14:40:31','2012-08-06 05:00:00','0000-00-00 00:00:00',446,1,'PARTICULAR - LUIS MONROY ',85000,0,85000,'',1,'KARLA','2012-08-06 13:40:33',6),(626,'','','','FVE','00','0873','2012-08-06 16:27:21','2012-08-06 05:00:00','0000-00-00 00:00:00',446,1,'PARTICULAR - LUIS MONROY ',32000,0,32000,'',1,'KARLA','2012-08-06 15:27:33',6),(627,'','807.001.530-4','GERENTE ','PSE','00','0002','2012-08-07 15:57:20','2012-08-07 15:57:20','0000-00-00 00:00:00',260,1,'PREST SERV AUTOGENERADA POR EL SISTEMA',55400,0,55400,'',2,'KSILVA','2012-08-07 15:57:21',11),(628,'','807.001.530-4','AUXILIAR ADMINISTRATIVOS ','PSE','00','0003','2012-08-07 17:21:24','2012-08-07 17:21:24','0000-00-00 00:00:00',448,1,'PREST SERV AUTOGENERADA POR EL SISTEMA',55400,0,55400,'',2,'KSILVA','2012-08-07 17:21:24',11),(629,'','807.001.530-4','AUXILIAR ADMINISTRATIVOS ','PSE','00','0004','2012-08-07 17:25:20','2012-08-07 17:25:20','0000-00-00 00:00:00',448,1,'PREST SERV AUTOGENERADA POR EL SISTEMA',55400,0,55400,'',2,'KSILVA','2012-08-07 17:25:20',11),(630,'','807.001.530-4','GERENTE ','PSE','00','0005','2012-08-07 17:53:55','2012-08-07 17:53:55','0000-00-00 00:00:00',260,1,'PREST SERV AUTOGENERADA POR EL SISTEMA',55400,0,55400,'',2,'KSILVA','2012-08-07 17:53:55',11),(631,'','999','SERVICIOS GENERALES ','FVE','00','0874','2012-08-08 13:05:40','2012-08-08 13:05:40','0000-00-00 00:00:00',449,1,'PREST SERV AUTOGENERADA POR EL SISTEMA',20000,0,20000,'',1,'KSILVA','2012-08-08 13:05:40',6),(632,'','','','FVE','00','0875','2012-08-08 15:41:48','2012-08-08 05:00:00','0000-00-00 00:00:00',451,1,'PARTICULAR - LUIS GARCES ',90000,0,90000,'',1,'KSILVA','2012-08-08 14:41:50',6),(633,'','','','FVE','00','0876','2012-08-08 15:49:28','2012-08-08 05:00:00','0000-00-00 00:00:00',452,1,'PARTICULAR - LEONARDO GOMEZ ',90000,0,90000,'',1,'KSILVA','2012-08-08 14:49:30',6),(634,'','','','FVE','00','0877','2012-08-08 16:46:50','2012-08-08 05:00:00','0000-00-00 00:00:00',453,1,'CRUZ ZAMBRANO C.:60.367.180',23000,0,23000,'',1,'JFERRER','2012-08-08 15:46:53',6),(635,'','860.010.451-1','SERVICIOS GENERALES ','PSE','00','0006','2012-08-08 20:59:33','2012-08-08 20:59:33','0000-00-00 00:00:00',449,1,'PREST SERV AUTOGENERADA POR EL SISTEMA',19000,0,19000,'',1,'JFERRER','2012-08-08 20:59:33',17),(636,'','860.010.451-1','SERVICIOS GENERALES ','PSE','00','0007','2012-08-08 21:01:15','2012-08-08 21:01:15','0000-00-00 00:00:00',449,1,'PREST SERV AUTOGENERADA POR EL SISTEMA',19000,0,19000,'',1,'JFERRER','2012-08-08 21:01:15',17),(637,'','830.037.946-3','CAJERO','PSE','00','0008','2012-08-08 21:19:18','2012-08-08 21:19:18','0000-00-00 00:00:00',441,1,'PREST SERV AUTOGENERADA POR EL SISTEMA',20000,0,20000,'',1,'JFERRER','2012-08-08 21:19:18',8);
/*!40000 ALTER TABLE `documentos` ENABLE KEYS */;
UNLOCK TABLES;

/*!50003 SET @SAVE_SQL_MODE=@@SQL_MODE*/;

DELIMITER ;;
/*!50003 SET SESSION SQL_MODE="NO_AUTO_CREATE_USER,NO_ENGINE_SUBSTITUTION" */;;
/*!50003 CREATE */ /*!50017 DEFINER=`root`@`localhost` */ /*!50003 TRIGGER `documentos_before_upd_tr` BEFORE UPDATE ON `documentos` FOR EACH ROW BEGIN
  IF (OLD.TIPODOC = "FVE") THEN  
    IF (OLD.FECASENTADO = "0000-00-00 00:00:00") AND (NEW.FECASENTADO <> "0000-00-00 00:00:00") THEN
         CALL PA_AsentarExistenciasVenta(NEW.DOCUID); 
    END IF;
 
    IF (OLD.FECASENTADO <> "0000-00-00 00:00:00") AND (NEW.FECASENTADO = "0000-00-00 00:00:00") THEN
         CALL PA_ReversarExistenciasVenta(NEW.DOCUID); 
    END IF;
  END IF;
  IF (OLD.TIPODOC = "FCO") THEN  
    IF (OLD.FECASENTADO = "0000-00-00 00:00:00") AND (NEW.FECASENTADO <> "0000-00-00 00:00:00") THEN
         CALL PA_AsentarExistenciasCompra(NEW.DOCUID); 
    END IF;
 
    IF (OLD.FECASENTADO <> "0000-00-00 00:00:00") AND (NEW.FECASENTADO = "0000-00-00 00:00:00") THEN
         CALL PA_ReversarExistenciasCompra(NEW.DOCUID); 
    END IF;
  END IF;
END */;;

DELIMITER ;
/*!50003 SET SESSION SQL_MODE=@SAVE_SQL_MODE*/;

--
-- Table structure for table `docuself`
--

DROP TABLE IF EXISTS `docuself`;
SET @saved_cs_client     = @@character_set_client;
SET character_set_client = utf8;
CREATE TABLE `docuself` (
  `docuid` bigint(20) NOT NULL,
  `bodegaori` int(11) NOT NULL,
  `bodegades` int(11) NOT NULL,
  PRIMARY KEY  (`docuid`),
  KEY `bodegaori` (`bodegaori`,`bodegades`)
) ENGINE=InnoDB DEFAULT CHARSET=utf8 COMMENT='Datos Adicionales del Documento';
SET character_set_client = @saved_cs_client;

--
-- Dumping data for table `docuself`
--

LOCK TABLES `docuself` WRITE;
/*!40000 ALTER TABLE `docuself` DISABLE KEYS */;
INSERT INTO `docuself` VALUES (40,3,3),(1172,3,3),(1173,3,3),(1273,3,3),(39,3,4);
/*!40000 ALTER TABLE `docuself` ENABLE KEYS */;
UNLOCK TABLES;

--
-- Table structure for table `entidades`
--

DROP TABLE IF EXISTS `entidades`;
SET @saved_cs_client     = @@character_set_client;
SET character_set_client = utf8;
CREATE TABLE `entidades` (
  `entidadid` int(11) NOT NULL auto_increment,
  `codigo` varchar(5) NOT NULL,
  `descripcion` varchar(25) NOT NULL,
  `creador` varchar(20) NOT NULL,
  `momento` timestamp NOT NULL default CURRENT_TIMESTAMP,
  PRIMARY KEY  (`entidadid`),
  KEY `codigo` (`codigo`)
) ENGINE=InnoDB AUTO_INCREMENT=33 DEFAULT CHARSET=utf8 COMMENT='Entidades EPS';
SET character_set_client = @saved_cs_client;

--
-- Dumping data for table `entidades`
--

LOCK TABLES `entidades` WRITE;
/*!40000 ALTER TABLE `entidades` DISABLE KEYS */;
INSERT INTO `entidades` VALUES (2,'01','AVANZAR MEDICO','ADMINISTRADOR','2012-01-22 23:02:42'),(3,'02','CAFESALUD','ADMINISTRADOR','2012-01-22 23:02:42'),(4,'03','CAPRECON','ADMINISTRADOR','2012-01-22 23:02:42'),(5,'04','COESALUD','ADMINISTRADOR','2012-01-22 23:02:42'),(6,'05','COLMEDICA','ADMINISTRADOR','2012-01-22 23:02:42'),(7,'06','COMFAORIENTE','ADMINISTRADOR','2012-01-22 23:02:42'),(8,'07','COMFENALCO','ADMINISTRADOR','2012-01-22 23:02:42'),(9,'08','COMPENSAR','ADMINISTRADOR','2012-01-22 23:02:42'),(10,'09','COOMEVA','ADMINISTRADOR','2012-01-22 23:02:42'),(11,'10','CRUZ BLANCA','ADMINISTRADOR','2012-01-22 23:02:42'),(12,'11','ECOOPSOS','ADMINISTRADOR','2012-01-22 23:02:42'),(13,'12','ECOPETROL','ADMINISTRADOR','2012-01-22 23:02:42'),(14,'13','FAMISALUD','ADMINISTRADOR','2012-01-22 23:02:42'),(15,'14','FAMISANAR','ADMINISTRADOR','2012-01-22 23:02:42'),(16,'15','FUNDACION MEDICO PREVENTI','ADMINISTRADOR','2012-01-22 23:02:42'),(17,'16','GOLDEN GROUP','ADMINISTRADOR','2012-01-22 23:02:42'),(18,'17','GOLDEN GROUP EPS','ADMINISTRADOR','2012-01-22 23:02:42'),(19,'18','HUMANAVIVIR','ADMINISTRADOR','2012-01-22 23:02:42'),(20,'19','ISS','ADMINISTRADOR','2012-01-22 23:02:42'),(21,'20','MULTIMEDICAS','ADMINISTRADOR','2012-01-22 23:02:42'),(22,'21','NINGUNA','ADMINISTRADOR','2012-01-22 23:02:42'),(23,'22','NUEVA EPS','ADMINISTRADOR','2012-01-22 23:02:42'),(24,'23','PONAL','ADMINISTRADOR','2012-01-22 23:02:42'),(25,'24','REDSALUD','ADMINISTRADOR','2012-01-22 23:02:42'),(26,'25','SALUDCOOP','ADMINISTRADOR','2012-01-22 23:02:42'),(27,'26','SALUDTOTAL','ADMINISTRADOR','2012-01-22 23:02:42'),(28,'27','SALUDVIDA','ADMINISTRADOR','2012-01-22 23:02:42'),(29,'28','SANIDAD MILITAR','ADMINISTRADOR','2012-01-22 23:02:42'),(30,'29','SANITAS','ADMINISTRADOR','2012-01-22 23:02:42'),(31,'30','SOLSALUD','ADMINISTRADOR','2012-01-22 23:02:42'),(32,'31','SUSALUD','ADMINISTRADOR','2012-01-22 23:02:42');
/*!40000 ALTER TABLE `entidades` ENABLE KEYS */;
UNLOCK TABLES;

--
-- Table structure for table `especialidades`
--

DROP TABLE IF EXISTS `especialidades`;
SET @saved_cs_client     = @@character_set_client;
SET character_set_client = utf8;
CREATE TABLE `especialidades` (
  `especialidadid` int(11) NOT NULL auto_increment,
  `codigo` varchar(5) NOT NULL,
  `descripcion` varchar(25) NOT NULL,
  `creador` varchar(20) NOT NULL,
  `momento` timestamp NOT NULL default CURRENT_TIMESTAMP,
  PRIMARY KEY  (`especialidadid`),
  KEY `codigo` (`codigo`)
) ENGINE=InnoDB AUTO_INCREMENT=8 DEFAULT CHARSET=utf8 COMMENT='Especialidades de Profesionales';
SET character_set_client = @saved_cs_client;

--
-- Dumping data for table `especialidades`
--

LOCK TABLES `especialidades` WRITE;
/*!40000 ALTER TABLE `especialidades` DISABLE KEYS */;
INSERT INTO `especialidades` VALUES (1,'01','BACTERIOLOGIA Y LAB','ADMINISTRADOR','2012-01-26 21:57:41'),(2,'02','RAYOS X','JORGE','2012-02-06 13:24:57'),(3,'03','MEDICINA LABORAL','JORGE','2012-02-06 13:25:06'),(4,'04','AUDIOMETRIA','LISSETH','2012-02-08 15:19:13'),(5,'05','VISIOMETRIA','LISSETH','2012-02-08 15:19:20'),(6,'06','ESPIROMETRIA','LISSETH','2012-02-08 15:19:29'),(7,'07','PSICOLOGIA','LISSETH','2012-02-08 15:19:55');
/*!40000 ALTER TABLE `especialidades` ENABLE KEYS */;
UNLOCK TABLES;

--
-- Table structure for table `estadocivil`
--

DROP TABLE IF EXISTS `estadocivil`;
SET @saved_cs_client     = @@character_set_client;
SET character_set_client = utf8;
CREATE TABLE `estadocivil` (
  `codigo` varchar(2) NOT NULL,
  `descripcion` varchar(20) NOT NULL,
  PRIMARY KEY  (`codigo`)
) ENGINE=InnoDB DEFAULT CHARSET=utf8 COMMENT='Estado Civil del Tercero';
SET character_set_client = @saved_cs_client;

--
-- Dumping data for table `estadocivil`
--

LOCK TABLES `estadocivil` WRITE;
/*!40000 ALTER TABLE `estadocivil` DISABLE KEYS */;
INSERT INTO `estadocivil` VALUES ('01','SOLTERO'),('02','CASADO'),('03','DIVORCIADO'),('04','VIUDO'),('05','UNION LIBRE'),('06','OTRO');
/*!40000 ALTER TABLE `estadocivil` ENABLE KEYS */;
UNLOCK TABLES;

--
-- Table structure for table `existencias`
--

DROP TABLE IF EXISTS `existencias`;
SET @saved_cs_client     = @@character_set_client;
SET character_set_client = utf8;
CREATE TABLE `existencias` (
  `bodegaid` int(11) NOT NULL,
  `itemid` bigint(20) NOT NULL,
  `existencia` int(11) NOT NULL,
  PRIMARY KEY  (`bodegaid`,`itemid`),
  KEY `itemid` (`itemid`),
  CONSTRAINT `existencias_ibfk_1` FOREIGN KEY (`bodegaid`) REFERENCES `bodegas` (`bodegaid`),
  CONSTRAINT `existencias_ibfk_2` FOREIGN KEY (`itemid`) REFERENCES `productos` (`itemid`)
) ENGINE=InnoDB DEFAULT CHARSET=utf8;
SET character_set_client = @saved_cs_client;

--
-- Dumping data for table `existencias`
--

LOCK TABLES `existencias` WRITE;
/*!40000 ALTER TABLE `existencias` DISABLE KEYS */;
INSERT INTO `existencias` VALUES (1,1,-943),(1,2,0),(1,3,-3022),(1,4,-1),(1,5,-1),(1,6,0),(1,7,0),(1,8,-323),(1,9,-413),(1,10,-133),(1,11,0),(1,12,-6),(1,13,-651),(1,14,0),(1,15,0),(1,16,-9),(1,17,-65),(1,18,-1),(1,19,-7),(1,21,-18),(1,22,-19),(1,23,-6),(1,24,-4),(1,25,-4),(1,26,-6),(1,27,-6),(1,28,-4),(1,29,-4),(1,30,-7),(1,31,-1),(1,32,-6),(1,33,-12),(1,34,-8),(1,35,-13),(1,36,-24),(1,37,-3),(1,38,-17),(1,39,-118),(1,41,-1),(1,42,-1),(1,43,-5),(1,44,-2),(2,1,0),(2,2,0),(2,3,0),(2,4,0),(2,5,0),(2,6,0),(2,7,0),(2,8,0),(2,9,0),(2,10,0),(2,11,0),(2,12,0),(2,13,0),(2,14,0),(2,15,0),(2,16,0),(2,17,0),(2,18,0),(2,19,0),(2,21,0),(2,22,0),(2,23,0),(2,24,0),(2,25,0),(2,26,0),(2,27,0),(2,28,0),(2,29,0),(2,30,0),(2,31,0),(2,32,0),(2,33,0),(2,34,0),(2,35,0),(2,36,0),(2,37,0),(2,38,0),(2,39,0),(2,41,0),(2,42,0),(2,43,0),(2,44,0);
/*!40000 ALTER TABLE `existencias` ENABLE KEYS */;
UNLOCK TABLES;

--
-- Table structure for table `formapagodoc`
--

DROP TABLE IF EXISTS `formapagodoc`;
SET @saved_cs_client     = @@character_set_client;
SET character_set_client = utf8;
CREATE TABLE `formapagodoc` (
  `formapagoid` bigint(20) NOT NULL auto_increment,
  `docuid` bigint(20) NOT NULL,
  `mediopagoid` int(11) NOT NULL,
  `valor` double NOT NULL,
  `creador` varchar(20) NOT NULL,
  `momento` timestamp NOT NULL default CURRENT_TIMESTAMP,
  PRIMARY KEY  (`formapagoid`),
  KEY `docuid` (`docuid`,`mediopagoid`,`creador`)
) ENGINE=InnoDB AUTO_INCREMENT=598 DEFAULT CHARSET=utf8 COMMENT='Formas de Pago de Documentos';
SET character_set_client = @saved_cs_client;

--
-- Dumping data for table `formapagodoc`
--

LOCK TABLES `formapagodoc` WRITE;
/*!40000 ALTER TABLE `formapagodoc` DISABLE KEYS */;
INSERT INTO `formapagodoc` VALUES (1,1,1,23000,'ADMINISTRADOR','2012-01-17 21:44:19'),(2,9,1,66000,'JORGE','2012-01-17 22:52:35'),(3,10,1,31000,'said','2012-01-17 23:22:19'),(4,11,1,18000,'said','2012-01-18 14:54:58'),(5,14,1,31000,'said','2012-01-18 15:00:52'),(6,16,1,20000,'sandra','2012-01-18 15:01:54'),(7,20,1,4500,'carlos','2012-01-18 16:08:28'),(8,22,1,4500,'carlos','2012-01-18 16:09:19'),(9,24,1,8500,'sandra','2012-01-18 16:29:02'),(10,31,1,27000,'lorena','2012-01-18 20:47:33'),(11,33,1,354400,'lorena','2012-01-18 20:50:34'),(12,41,9,5725500,'JORGE','2012-01-18 22:18:44'),(13,45,1,23000,'JORGE','2012-01-18 22:54:55'),(14,46,9,132000,'JORGE','2012-01-18 22:56:57'),(15,50,1,23000,'JORGE','2012-01-18 23:16:54'),(16,52,1,699000,'JORGE','2012-01-18 23:18:06'),(17,53,1,31000,'JORGE','2012-01-18 23:19:06'),(18,55,1,23000,'JORGE','2012-01-18 23:27:15'),(19,57,1,90000,'JORGE','2012-01-18 23:39:40'),(20,58,1,4500,'sandra','2012-01-18 23:50:41'),(21,60,1,14000,'sandra','2012-01-18 23:55:49'),(22,61,1,40500,'sandra','2012-01-19 00:04:51'),(23,63,1,42000,'sandra','2012-01-19 00:05:38'),(24,64,1,23000,'ADMINISTRADOR','2012-01-19 00:10:59'),(25,65,1,200000,'ADMINISTRADOR','2012-01-19 00:14:25'),(26,67,1,44000,'sandra','2012-01-19 00:16:54'),(27,68,1,16000,'ADMINISTRADOR','2012-01-19 00:26:09'),(28,69,1,23000,'JORGE','2012-01-19 00:31:52'),(29,71,1,20000,'sandra','2012-01-19 00:41:37'),(30,72,1,66000,'JORGE','2012-01-19 00:49:18'),(31,73,1,20000,'JORGE','2012-01-19 00:55:37'),(32,75,1,756000,'JORGE','2012-01-19 01:02:49'),(33,77,1,66000,'JORGE','2012-01-19 01:16:06'),(34,79,1,66000,'JORGE','2012-01-19 01:40:22'),(35,81,1,66000,'ADMINISTRADOR','2012-01-19 02:00:35'),(36,83,1,90000,'JORGE','2012-01-19 02:57:22'),(37,85,1,66000,'JORGE','2012-01-19 02:58:37'),(38,87,1,66000,'JORGE','2012-01-19 03:24:59'),(39,89,1,23000,'LISSETH','2012-01-19 03:27:12'),(40,90,1,4000,'sandra','2012-01-19 04:01:20'),(41,48,1,571000,'ADMINISTRADOR','2012-01-19 04:09:06'),(42,91,1,23000,'LISSETH','2012-01-19 20:11:28'),(43,94,1,20000,'LISSETH','2012-01-19 20:37:05'),(44,95,1,20000,'LISSETH','2012-01-19 22:14:18'),(45,98,1,66000,'LISSETH','2012-01-19 22:49:08'),(46,99,1,66000,'JORGE','2012-01-19 23:37:33'),(47,101,1,23000,'LISSETH','2012-01-19 23:43:25'),(48,102,1,23000,'LISSETH','2012-01-20 00:03:30'),(49,103,1,20000,'LISSETH','2012-01-20 00:26:46'),(50,105,1,15000,'JORGE','2012-01-20 00:31:22'),(51,106,1,15000,'JORGE','2012-01-20 00:33:08'),(52,108,1,60000,'LISSETH','2012-01-20 00:34:53'),(53,109,1,23000,'JORGE','2012-01-20 00:42:07'),(54,111,1,3576700,'JORGE','2012-01-20 00:43:02'),(55,112,1,66000,'JORGE','2012-01-20 00:43:59'),(56,113,1,35000,'JORGE','2012-01-20 00:45:13'),(57,114,1,23000,'LISSETH','2012-01-20 00:48:41'),(58,116,1,59000,'JORGE','2012-01-20 00:51:47'),(59,118,1,60000,'JORGE','2012-01-20 01:01:38'),(60,121,1,31000,'JORGE','2012-01-20 01:07:14'),(61,123,1,66000,'JORGE','2012-01-20 01:08:52'),(62,124,1,66000,'LISSETH','2012-01-20 01:13:42'),(63,126,1,90000,'LISSETH','2012-01-20 01:21:26'),(64,127,1,66000,'LISSETH','2012-01-20 01:39:04'),(65,128,1,15000,'LISSETH','2012-01-20 01:54:35'),(66,129,1,66000,'JORGE','2012-01-20 01:56:48'),(67,131,1,39000,'LISSETH','2012-01-20 02:05:12'),(68,132,9,649000,'JORGE','2012-01-20 02:24:44'),(69,136,1,39000,'JORGE','2012-01-20 02:46:18'),(70,138,1,23000,'LISSETH','2012-01-20 02:59:27'),(71,141,1,39000,'JORGE','2012-01-20 03:01:44'),(72,142,1,66000,'JORGE','2012-01-20 03:28:55'),(73,144,1,66000,'JORGE','2012-01-20 03:54:03'),(74,145,1,23000,'JORGE','2012-01-20 04:03:32'),(75,148,1,23000,'JORGE','2012-01-20 04:19:22'),(76,156,1,66000,'JORGE','2012-01-20 22:00:26'),(77,158,1,39000,'JORGE','2012-01-20 22:04:23'),(78,160,1,90000,'JORGE','2012-01-20 22:14:58'),(79,134,1,39000,'JORGE','2012-01-20 22:17:14'),(80,135,1,39000,'JORGE','2012-01-20 22:17:20'),(81,164,1,90000,'JORGE','2012-01-20 22:31:18'),(82,165,1,66000,'JORGE','2012-01-20 22:39:58'),(83,167,1,62000,'JORGE','2012-01-20 22:45:57'),(84,169,1,13000,'JORGE','2012-01-20 23:06:50'),(85,171,1,19000,'JORGE','2012-01-20 23:08:12'),(86,173,1,23000,'JORGE','2012-01-20 23:27:31'),(87,174,9,200000,'JORGE','2012-01-21 00:45:19'),(88,175,1,66000,'JORGE','2012-01-21 00:46:15'),(89,176,9,649000,'JORGE','2012-01-21 00:47:17'),(90,178,1,38000,'JORGE','2012-01-21 00:48:12'),(91,179,1,39000,'JORGE','2012-01-21 00:48:38'),(92,180,1,31000,'JORGE','2012-01-21 00:49:07'),(93,182,9,722000,'JORGE','2012-01-21 00:49:43'),(94,183,1,66000,'JORGE','2012-01-21 00:51:08'),(95,185,9,2207000,'JORGE','2012-01-21 00:51:42'),(96,186,9,279000,'JORGE','2012-01-21 00:52:32'),(97,188,1,23000,'LISSETH','2012-01-21 00:54:23'),(98,190,9,144000,'JORGE','2012-01-21 00:58:24'),(99,191,9,69000,'JORGE','2012-01-21 01:00:43'),(100,194,9,20000,'JORGE','2012-01-21 01:07:42'),(101,196,1,90000,'JORGE','2012-01-21 01:09:38'),(102,197,1,23000,'JORGE','2012-01-21 01:12:06'),(103,199,1,39000,'JORGE','2012-01-21 01:16:21'),(104,201,1,123000,'LISSETH','2012-01-21 01:18:06'),(105,203,1,23000,'LISSETH','2012-01-21 01:19:22'),(106,205,1,23000,'LISSETH','2012-01-21 01:21:58'),(107,206,1,74000,'LISSETH','2012-01-21 01:30:45'),(108,209,9,289000,'JORGE','2012-01-21 02:06:58'),(109,210,1,23000,'LISSETH','2012-01-21 02:08:09'),(110,211,1,4500,'sandra','2012-01-21 02:09:00'),(111,214,1,66000,'JORGE','2012-01-21 02:10:23'),(112,216,1,66000,'JORGE','2012-01-21 02:12:05'),(113,218,1,66000,'JORGE','2012-01-21 02:13:22'),(114,219,1,66000,'JORGE','2012-01-21 02:13:50'),(115,220,1,0,'LISSETH','2012-01-21 02:14:09'),(116,221,1,40000,'LISSETH','2012-01-21 02:14:40'),(117,222,1,10000,'sandra','2012-01-21 02:15:35'),(118,223,1,90000,'LISSETH','2012-01-21 02:22:44'),(119,225,1,66000,'JORGE','2012-01-21 02:24:42'),(120,227,1,35000,'JORGE','2012-01-21 02:29:18'),(121,229,1,23000,'LISSETH','2012-01-21 02:32:50'),(122,230,1,90000,'LISSETH','2012-01-21 02:37:56'),(123,232,1,66000,'JORGE','2012-01-21 03:33:53'),(124,233,1,30000,'JORGE','2012-01-21 03:41:59'),(125,235,1,39000,'LISSETH','2012-01-21 03:50:42'),(126,208,1,23000,'LISSETH','2012-01-21 04:27:39'),(127,238,1,3217300,'JORGE','2012-01-21 05:00:42'),(128,2,1,446000,'ADMINISTRADOR','2012-01-27 19:54:00'),(129,3,1,0,'ADMINISTRADOR','2012-01-27 20:17:35'),(130,6,1,66000,'JORGE','2012-01-30 20:28:24'),(131,7,1,20000,'JORGE','2012-01-30 21:03:34'),(132,8,1,66000,'JORGE','2012-01-31 13:51:33'),(133,15,1,360000,'JORGE','2012-01-31 15:22:24'),(134,34,1,4050000,'JORGE','2012-01-31 16:15:21'),(135,37,1,25000,'ADMINISTRADOR','2012-01-31 16:18:34'),(136,38,1,23000,'JORGE','2012-01-31 16:31:28'),(137,42,9,152000,'JORGE','2012-01-31 21:50:38'),(138,43,9,54000,'JORGE','2012-01-31 22:18:41'),(139,44,9,108000,'JORGE ','2012-01-31 22:52:14'),(140,49,9,871000,'JORGE','2012-02-02 15:43:40'),(141,51,1,30000,'JORGE','2012-02-02 20:38:22'),(142,54,1,28000,'JORGE','2012-02-03 14:26:27'),(143,56,1,19000,'JORGE','2012-02-03 21:37:03'),(144,66,1,64000,'ADMINISTRADOR','2012-02-06 14:46:35'),(145,74,1,23000,'JORGE','2012-02-07 14:57:21'),(146,76,1,23000,'JORGE','2012-02-07 22:15:07'),(147,78,1,66000,'JORGE','2012-02-07 22:23:07'),(148,80,1,23000,'JORGE','2012-02-07 22:36:16'),(149,84,1,23000,'JORGE','2012-02-08 14:42:52'),(150,86,1,66000,'JORGE','2012-02-08 14:54:34'),(151,92,1,23000,'LISSETH','2012-02-08 21:35:21'),(152,93,1,90000,'LISSETH','2012-02-09 20:22:01'),(153,96,1,31000,'LISSETH','2012-02-09 21:51:07'),(154,97,1,23000,'JORGE','2012-02-10 13:06:35'),(155,100,1,31000,'LISSETH','2012-02-10 19:28:20'),(156,104,1,90000,'LISSETH','2012-02-10 23:07:30'),(157,107,1,90000,'JORGE','2012-02-11 15:23:27'),(158,110,1,32000,'LISSETH','2012-02-13 21:05:35'),(159,115,1,66000,'LISSETH','2012-02-14 15:49:35'),(160,117,1,23000,'LISSETH','2012-02-14 19:40:40'),(161,119,1,12000,'LISSETH','2012-02-14 21:48:55'),(162,120,1,66000,'JORGE','2012-02-15 12:36:26'),(163,122,1,66000,'LISSETH','2012-02-15 15:31:12'),(164,125,1,66000,'LISSETH','2012-02-15 19:48:25'),(165,130,9,1293000,'JORGE','2012-02-16 20:18:43'),(166,133,1,90000,'LISSETH','2012-02-16 22:36:17'),(167,137,1,23000,'JORGE','2012-02-17 12:41:11'),(168,139,1,39000,'LISSETH','2012-02-17 20:18:49'),(169,140,1,33000,'LISSETH','2012-02-17 22:00:02'),(170,143,1,23000,'JORGE','2012-02-21 16:56:36'),(171,146,1,23000,'JORGE','2012-02-21 22:03:26'),(172,147,1,90000,'JORGE','2012-02-21 23:05:09'),(173,149,1,15000,'JORGE','2012-02-22 20:03:07'),(174,150,1,90000,'JORGE','2012-02-22 22:58:00'),(175,151,1,30000,'JORGE','2012-02-23 13:29:31'),(176,152,1,31000,'JORGE','2012-02-23 13:33:16'),(177,153,9,1653000,'JORGE','2012-02-23 17:27:27'),(178,154,1,33000,'JORGE','2012-02-23 22:31:15'),(179,155,1,66000,'JORGE','2012-02-24 12:19:41'),(180,157,1,66000,'JORGE','2012-02-24 13:56:04'),(181,159,9,430000,'JORGE','2012-02-24 15:44:11'),(182,161,1,23000,'JORGE','2012-02-24 20:18:09'),(183,162,1,23000,'JORGE','2012-02-24 21:44:25'),(184,163,1,66000,'JORGE','2012-02-25 14:02:58'),(185,166,1,66000,'JORGE','2012-02-27 13:04:02'),(186,168,1,35000,'JORGE','2012-02-27 14:18:09'),(187,170,1,90000,'JORGE','2012-02-27 22:43:41'),(188,172,1,18000,'JORGE','2012-02-28 13:04:04'),(189,177,1,218000,'JORGE','2012-02-28 17:04:25'),(190,181,1,18000,'JORGE','2012-02-28 22:12:05'),(191,184,1,23000,'JORGE','2012-02-29 12:42:49'),(192,187,1,31000,'LISSETH','2012-02-29 20:52:46'),(193,189,1,313000,'JORGE','2012-03-01 12:33:28'),(194,192,1,0,'ADMINISTRADOR','2012-03-01 20:43:50'),(195,193,9,5395100,'JORGE','2012-03-02 14:19:57'),(196,195,1,23000,'JORGE','2012-03-05 20:34:28'),(197,198,1,23000,'JORGE','2012-03-05 20:54:31'),(198,200,1,66000,'LISSETH','2012-03-05 21:20:10'),(199,202,1,23000,'LISSETH','2012-03-05 21:44:29'),(200,204,1,23000,'LISSETH','2012-03-05 21:54:07'),(201,207,1,66000,'JORGE','2012-03-06 13:20:11'),(202,212,1,10000,'JORGE','2012-03-07 12:18:03'),(203,213,1,66000,'JORGE','2012-03-07 12:22:36'),(204,215,1,66000,'JORGE','2012-03-07 12:34:47'),(205,217,1,66000,'JORGE','2012-03-07 12:47:35'),(206,224,1,15000,'LISSETH','2012-03-07 22:25:38'),(207,226,1,66000,'JORGE','2012-03-08 12:15:15'),(208,228,1,31000,'LISSETH','2012-03-08 15:05:53'),(209,231,1,66000,'JORGE','2012-03-09 12:16:03'),(210,234,1,23000,'LISSETH','2012-03-12 19:20:41'),(211,236,1,39000,'LISSETH','2012-03-12 21:29:54'),(212,237,1,23000,'LISSETH','2012-03-12 21:32:36'),(213,239,1,78000,'JORGE','2012-03-12 22:53:18'),(214,240,1,23000,'LISSETH','2012-03-13 19:06:34'),(215,241,1,23000,'LISSETH','2012-03-13 20:45:41'),(216,242,1,16000,'LISSETH','2012-03-13 22:05:48'),(217,243,1,66000,'JORGE','2012-03-14 12:09:16'),(218,244,1,40000,'JORGE','2012-03-14 12:58:37'),(219,245,1,40000,'JORGE','2012-03-14 13:06:50'),(220,246,1,40000,'JORGE','2012-03-14 13:14:09'),(221,247,1,40000,'JORGE','2012-03-14 13:21:57'),(222,248,1,40000,'JORGE','2012-03-14 13:30:18'),(223,249,1,40000,'JORGE','2012-03-14 13:36:23'),(224,250,1,40000,'JORGE','2012-03-14 13:40:58'),(225,251,1,40000,'JORGE','2012-03-14 13:56:56'),(226,252,1,40000,'LISSETH','2012-03-14 14:55:51'),(227,253,1,66000,'JORGE','2012-03-15 12:12:37'),(228,254,1,66000,'JORGE','2012-03-15 12:14:54'),(229,255,1,23000,'JORGE','2012-03-15 12:24:38'),(230,256,1,66000,'JORGE','2012-03-15 12:33:45'),(231,257,1,23000,'JORGE','2012-03-15 16:50:15'),(232,258,1,90000,'LISSETH','2012-03-15 21:30:28'),(233,259,1,39000,'JORGE','2012-03-16 13:10:41'),(234,260,1,39000,'JORGE','2012-03-16 13:14:56'),(235,261,1,39000,'JORGE','2012-03-16 13:17:37'),(236,262,1,66000,'JORGE','2012-03-16 13:31:59'),(237,263,1,38000,'JORGE','2012-03-16 13:42:00'),(238,265,1,66000,'LISSETH','2012-03-16 19:28:57'),(239,266,1,66000,'JORGE','2012-03-17 12:18:03'),(240,267,1,19000,'JORGE','2012-03-17 13:42:32'),(241,268,1,59000,'LISSETH','2012-03-20 21:06:58'),(242,269,1,23000,'LISSETH','2012-03-20 22:21:45'),(243,270,1,180000,'LISSETH','2012-03-20 22:29:33'),(244,271,1,23000,'LISSETH','2012-03-21 16:01:01'),(245,264,1,38000,'JORGE','2012-03-21 20:28:44'),(246,272,1,23000,'LISSETH','2012-03-21 22:22:34'),(247,273,1,66000,'JORGE','2012-03-22 12:40:17'),(248,274,1,90000,'LISSETH','2012-03-22 21:17:57'),(249,275,1,15000,'LISSETH','2012-03-23 20:21:03'),(250,276,1,66000,'LISSETH','2012-03-26 14:22:59'),(251,277,1,90000,'LISSETH','2012-03-27 21:59:56'),(252,278,9,209000,'JORGE','2012-03-27 22:18:26'),(253,279,1,113000,'JORGE','2012-03-27 22:25:09'),(254,280,9,648000,'JORGE','2012-03-27 22:31:20'),(255,281,9,354000,'JORGE','2012-03-27 22:44:25'),(256,282,1,66000,'JORGE','2012-03-28 12:15:14'),(257,283,1,66000,'JORGE','2012-03-28 12:19:42'),(258,284,1,66000,'JORGE','2012-03-28 13:37:45'),(259,285,1,66000,'LISSETH','2012-03-28 15:29:37'),(260,286,9,418000,'JORGE','2012-03-28 22:28:43'),(261,287,1,66000,'JORGE','2012-03-29 12:30:42'),(262,288,1,23000,'JORGE','2012-03-29 15:12:07'),(263,289,1,66000,'JORGE','2012-03-30 12:19:11'),(264,290,1,66000,'JORGE','2012-03-30 12:23:50'),(265,291,1,66000,'JORGE','2012-03-30 12:27:54'),(266,292,1,66000,'JORGE','2012-03-30 12:56:15'),(267,293,1,50000,'JORGE','2012-03-30 15:24:13'),(268,294,1,23000,'LISSETH','2012-03-30 21:30:17'),(269,295,1,90000,'LISSETH','2012-03-30 22:24:13'),(270,296,1,66000,'JORGE','2012-03-31 12:50:48'),(271,297,1,66000,'JORGE','2012-03-31 15:42:10'),(272,298,9,5641500,'JORGE','2012-03-31 16:13:02'),(273,299,1,0,'JORGE','2012-04-02 15:30:02'),(274,300,1,0,'JORGE','2012-04-02 15:40:04'),(275,301,1,0,'JORGE','2012-04-02 15:57:26'),(276,302,1,0,'JORGE','2012-04-02 16:20:18'),(277,303,9,187500,'JORGE','2012-04-02 16:30:54'),(278,304,9,36000,'JORGE','2012-04-02 16:41:36'),(279,305,9,107000,'JORGE','2012-04-02 16:50:53'),(280,306,1,103000,'JORGE','2012-04-02 17:09:32'),(281,307,1,19000,'JORGE','2012-04-02 17:43:55'),(282,308,9,19000,'JORGE','2012-04-02 19:57:33'),(283,309,9,18000,'JORGE','2012-04-02 20:03:14'),(284,310,1,23000,'JORGE','2012-04-03 17:26:53'),(285,311,1,442500,'JORGE','2012-04-03 17:30:20'),(286,312,1,29500,'JORGE','2012-04-03 20:27:48'),(287,313,1,90000,'LISSETH','2012-04-03 22:25:51'),(288,314,1,23000,'JORGE','2012-04-04 14:00:32'),(289,315,1,76000,'JORGE','2012-04-04 15:10:34'),(290,316,1,66000,'JORGE','2012-04-04 15:25:55'),(291,317,1,180000,'JORGE','2012-04-04 21:07:20'),(292,318,1,29500,'JORGE','2012-04-09 14:42:04'),(293,319,1,23000,'JORGE','2012-04-09 20:02:00'),(294,320,1,23000,'JORGE','2012-04-09 20:02:59'),(295,321,1,23000,'JORGE','2012-04-09 21:07:25'),(296,322,1,23000,'JORGE','2012-04-09 22:43:16'),(297,323,1,23000,'JORGE','2012-04-10 12:53:26'),(298,324,1,29500,'JORGE','2012-04-11 12:50:53'),(299,325,1,90000,'LISSETH','2012-04-11 21:52:11'),(300,326,1,23000,'LISSETH','2012-04-12 20:30:23'),(301,327,1,180000,'LISSETH','2012-04-12 22:26:10'),(302,328,1,23000,'JORGE','2012-04-13 12:40:59'),(303,329,1,8000,'JORGE','2012-04-13 13:43:49'),(304,330,1,418000,'JORGE','2012-04-13 20:00:31'),(305,331,1,90000,'LISSETH','2012-04-13 22:20:45'),(306,332,1,4140500,'JORGE','2012-04-14 16:08:24'),(307,333,1,512000,'JORGE','2012-04-16 14:52:05'),(308,334,1,23000,'JORGE','2012-04-17 13:27:18'),(309,335,1,213000,'JORGE','2012-04-17 22:34:30'),(310,336,1,23000,'JORGE','2012-04-18 16:03:14'),(311,337,1,23000,'JORGE','2012-04-18 16:06:22'),(312,338,1,11000,'LISSETH','2012-04-18 16:28:57'),(313,339,1,23000,'LISSETH','2012-04-18 19:51:02'),(314,340,1,180000,'LISSETH','2012-04-18 21:59:44'),(315,341,1,180000,'LISSETH','2012-04-19 22:12:31'),(316,342,1,23000,'LISSETH','2012-04-20 15:16:22'),(317,343,1,40000,'JORGE','2012-04-20 16:32:12'),(318,344,1,1168000,'JORGE','2012-04-20 17:46:55'),(319,345,1,40000,'LISSETH','2012-04-20 19:32:09'),(320,347,1,30000,'LISSETH','2012-04-20 20:20:37'),(321,348,1,29500,'JORGE','2012-04-21 12:48:40'),(322,349,1,260000,'LISSETH','2012-04-21 16:51:09'),(323,350,1,66000,'JORGE','2012-04-23 13:00:38'),(324,351,1,8000,'LISSETH','2012-04-23 14:28:19'),(325,352,1,23000,'LISSETH','2012-04-23 20:10:22'),(326,353,1,23000,'JORGE','2012-04-24 13:59:22'),(327,354,1,31000,'JORGE','2012-04-24 14:28:44'),(328,355,1,23000,'LISSETH','2012-04-24 19:19:32'),(329,356,1,385000,'JORGE','2012-04-24 21:42:31'),(330,357,1,67000,'JORGE','2012-04-24 21:45:37'),(331,358,1,87000,'JORGE','2012-04-24 21:48:51'),(332,359,1,978000,'JORGE','2012-04-24 21:54:03'),(333,360,1,826000,'JORGE','2012-04-25 15:38:46'),(334,361,1,23000,'LISSETH','2012-04-25 19:38:55'),(335,362,1,238000,'JORGE','2012-04-25 20:26:43'),(336,363,1,23000,'LISSETH','2012-04-25 20:41:00'),(337,364,1,23000,'LISSETH','2012-04-26 15:50:08'),(338,365,1,84000,'JORGE','2012-04-26 16:46:54'),(339,366,1,90000,'LISSETH','2012-04-26 21:08:32'),(340,367,1,31000,'JORGE','2012-04-27 13:38:04'),(341,368,1,23000,'LISSETH','2012-04-27 20:52:18'),(342,369,1,23000,'JORGE','2012-04-28 13:11:54'),(343,370,1,23000,'JORGE','2012-04-30 16:24:38'),(344,371,1,23000,'JORGE','2012-04-30 16:59:23'),(345,372,1,20000,'LISSETH','2012-04-30 19:50:49'),(346,373,1,23000,'LISSETH','2012-04-30 20:54:39'),(347,374,1,90000,'LISSETH','2012-04-30 22:20:20'),(348,375,1,3058600,'JORGE','2012-05-02 12:57:21'),(349,376,9,226000,'JORGE','2012-05-02 16:36:11'),(350,377,9,243000,'JORGE','2012-05-02 17:09:23'),(351,378,9,99000,'JORGE','2012-05-02 17:44:21'),(352,380,1,23000,'JORGE','2012-05-02 19:58:27'),(353,381,1,190000,'JORGE','2012-05-02 20:08:58'),(354,379,1,82000,'JORGE','2012-05-02 20:10:30'),(355,382,1,66000,'LISSETH','2012-05-02 20:17:36'),(356,383,1,90000,'LISSETH','2012-05-02 20:22:59'),(357,384,1,66000,'LISSETH','2012-05-02 20:25:45'),(358,385,9,418000,'JORGE','2012-05-03 12:29:36'),(359,386,9,764000,'JORGE','2012-05-03 12:30:07'),(360,387,1,221000,'JORGE','2012-05-03 12:30:30'),(361,388,9,19000,'JORGE','2012-05-03 12:31:10'),(362,389,1,66000,'JORGE','2012-05-03 13:44:56'),(363,390,1,66000,'JORGE','2012-05-03 13:56:24'),(364,391,1,66000,'JORGE','2012-05-03 14:01:01'),(365,393,1,180000,'LISSETH','2012-05-03 19:49:28'),(366,392,1,66000,'LISSETH','2012-05-03 19:54:08'),(367,395,1,20000,'LISSETH','2012-05-03 22:27:35'),(368,396,1,66000,'JORGE','2012-05-04 12:04:31'),(369,397,1,8000,'JORGE','2012-05-04 12:10:51'),(370,398,1,90000,'JORGE','2012-05-05 14:13:39'),(371,399,1,20000,'LISSETH','2012-05-07 20:17:41'),(372,400,1,90000,'LISSETH','2012-05-07 21:58:33'),(373,401,1,90000,'LISSETH','2012-05-08 22:12:03'),(374,402,1,39000,'LISSETH','2012-05-08 22:14:00'),(375,404,1,66000,'JORGE','2012-05-09 12:20:56'),(376,403,1,20000,'LISSETH','2012-05-09 22:38:02'),(377,405,1,66000,'JORGE','2012-05-10 12:29:21'),(378,406,1,20000,'JORGE','2012-05-10 12:41:28'),(379,407,1,20000,'JORGE','2012-05-10 12:48:38'),(380,408,1,66000,'JORGE','2012-05-10 13:06:20'),(381,410,1,34000,'JORGE','2012-05-10 13:21:40'),(382,411,1,66000,'LISSETH','2012-05-10 15:21:56'),(383,412,1,150000,'JORGE','2012-05-10 20:24:23'),(384,413,1,90000,'LISSETH','2012-05-10 20:56:40'),(385,414,1,11000,'JORGE','2012-05-10 20:57:35'),(386,415,1,20000,'LISSETH','2012-05-10 21:06:53'),(387,416,1,20000,'LISSETH','2012-05-10 21:51:35'),(388,417,1,20000,'LISSETH','2012-05-10 21:54:43'),(389,409,1,66000,'JORGE','2012-05-11 12:28:45'),(390,419,1,20000,'JORGE','2012-05-11 21:52:42'),(391,418,1,20000,'JORGE','2012-05-12 12:31:16'),(392,420,1,23000,'LISSETH','2012-05-12 15:48:30'),(393,421,1,20000,'LISSETH','2012-05-12 16:09:06'),(394,422,1,66000,'LISSETH','2012-05-14 12:37:00'),(395,423,9,2069400,'JORGE','2012-05-14 15:11:04'),(396,394,1,32000,'JORGE','2012-05-14 15:59:25'),(397,424,1,465000,'JORGE','2012-05-14 17:17:10'),(398,425,1,23000,'LISSETH','2012-05-14 19:20:43'),(399,428,1,23000,'JORGE','2012-05-14 22:20:43'),(400,426,1,20000,'JORGE','2012-05-14 22:29:00'),(401,427,1,20000,'JORGE','2012-05-14 22:30:45'),(402,429,1,20000,'JORGE','2012-05-14 22:55:34'),(403,431,1,31000,'JORGE','2012-05-15 22:57:16'),(404,430,1,71000,'JORGE','2012-05-15 22:58:50'),(405,432,1,30000,'JORGE','2012-05-15 23:01:33'),(406,433,1,30000,'JORGE','2012-05-15 23:02:44'),(407,434,1,30000,'JORGE','2012-05-15 23:04:09'),(408,435,1,30000,'JORGE','2012-05-15 23:09:15'),(409,436,1,30000,'JORGE','2012-05-15 23:11:05'),(410,437,1,30000,'JORGE','2012-05-15 23:12:46'),(411,438,1,30000,'JORGE','2012-05-15 23:16:13'),(412,439,1,90000,'JORGE','2012-05-15 23:21:07'),(413,442,1,20000,'JORGE','2012-05-18 21:14:18'),(414,440,1,90000,'JORGE','2012-05-18 21:16:19'),(415,441,1,66000,'JORGE','2012-05-18 21:23:58'),(416,443,1,20000,'JORGE','2012-05-18 21:25:40'),(417,444,1,20000,'LISSETH','2012-05-18 23:10:01'),(418,445,1,180000,'LISSETH','2012-05-18 23:19:58'),(419,446,1,20000,'LISSETH','2012-05-18 23:22:01'),(420,449,1,31000,'JORGE','2012-05-19 16:21:14'),(421,450,1,20000,'JORGE','2012-05-22 12:46:29'),(422,451,1,66000,'KARLA','2012-05-22 14:40:40'),(423,452,1,66000,'KARLA','2012-05-22 15:00:41'),(424,453,9,640000,'JORGE','2012-05-22 17:05:28'),(425,454,1,0,'JORGE','2012-05-23 13:23:18'),(426,455,1,34000,'KARLA','2012-05-23 14:14:29'),(427,456,1,23000,'JORGE','2012-05-23 17:18:50'),(428,457,1,34000,'KARLA','2012-05-23 21:09:43'),(429,458,1,90000,'KARLA','2012-05-24 12:12:25'),(430,459,1,66000,'KARLA','2012-05-25 12:35:26'),(431,460,1,23000,'KARLA','2012-05-25 13:06:44'),(432,461,1,23000,'KARLA','2012-05-25 20:00:50'),(433,462,1,34000,'KARLA','2012-05-29 13:38:52'),(434,463,1,20000,'JORGE','2012-05-29 16:48:08'),(435,464,1,30000,'KARLA','2012-05-30 14:48:28'),(436,465,1,30000,'KARLA','2012-05-30 15:46:17'),(437,466,1,30000,'KARLA','2012-05-30 19:24:59'),(438,467,1,23000,'KARLA','2012-05-30 21:23:41'),(439,468,1,66000,'JORGE','2012-05-31 12:40:54'),(440,469,1,66000,'KARLA','2012-05-31 14:34:53'),(441,470,1,66000,'KARLA','2012-05-31 14:46:05'),(442,471,1,66000,'KARLA','2012-05-31 15:18:23'),(443,472,9,3695750,'JORGE','2012-05-31 16:49:29'),(444,473,9,198000,'JORGE','2012-05-31 17:06:08'),(445,474,1,30000,'KARLA','2012-05-31 21:49:49'),(446,475,1,33000,'KARLA','2012-05-31 22:04:22'),(447,477,9,81500,'JORGE','2012-06-01 16:04:59'),(448,478,1,38000,'JORGE','2012-06-01 16:05:27'),(449,479,1,243000,'JORGE','2012-06-01 16:06:22'),(450,476,9,76000,'JORGE','2012-06-01 16:06:50'),(451,480,9,855000,'JORGE','2012-06-02 14:48:05'),(452,481,1,20000,'KARLA','2012-06-02 15:47:51'),(453,482,9,800000,'JORGE','2012-06-04 14:11:06'),(454,483,9,60000,'JORGE','2012-06-04 14:13:39'),(455,484,9,251000,'JORGE','2012-06-04 14:15:02'),(456,485,9,111000,'JORGE','2012-06-04 16:46:30'),(457,486,1,31000,'KARLA','2012-06-04 19:48:24'),(458,487,9,280000,'JAVIER','2012-06-04 23:11:07'),(459,488,1,66000,'JORGE','2012-06-05 12:20:41'),(460,489,1,23000,'KARLA','2012-06-06 14:21:58'),(461,490,1,23000,'KARLA','2012-06-06 19:26:30'),(462,491,1,31000,'KARLA','2012-06-07 20:25:41'),(463,492,1,31000,'KARLA','2012-06-08 20:48:19'),(464,493,1,31000,'KARLA','2012-06-09 16:23:46'),(465,494,1,31000,'KARLA','2012-06-12 13:51:50'),(466,495,9,23000,'JORGE','2012-06-12 14:26:02'),(467,496,1,39000,'KARLA','2012-06-12 19:42:20'),(468,497,1,39000,'KARLA','2012-06-12 20:35:30'),(469,498,1,31000,'KARLA','2012-06-13 13:42:42'),(470,499,9,2656300,'JORGE','2012-06-13 13:55:00'),(471,500,9,412000,'JORGE','2012-06-13 14:14:34'),(472,501,1,50000,'KARLA','2012-06-13 20:21:46'),(473,502,1,39000,'KARLA','2012-06-14 22:09:51'),(474,503,1,16000,'KARLA','2012-06-15 12:55:14'),(475,504,1,133000,'JORGE','2012-06-15 14:54:29'),(476,505,1,23000,'KARLA','2012-06-16 15:50:10'),(477,506,1,23000,'KARLA','2012-06-19 16:43:31'),(478,507,1,40000,'JAVIER','2012-06-20 16:16:27'),(479,509,1,39000,'KARLA','2012-06-21 20:10:35'),(480,510,1,90000,'KARLA','2012-06-21 22:49:46'),(481,511,9,166000,'JORGE','2012-06-23 14:20:50'),(482,512,1,34000,'KARLA','2012-06-25 12:29:31'),(483,513,1,31000,'KARLA','2012-06-26 13:33:53'),(484,514,1,23000,'JORGE','2012-06-26 16:12:27'),(485,515,1,31000,'KARLA','2012-06-26 20:30:28'),(486,516,1,61000,'KARLA','2012-06-27 13:33:37'),(487,517,1,31000,'KARLA','2012-06-27 14:48:33'),(488,518,1,39000,'KARLA','2012-06-27 15:43:39'),(489,519,1,591000,'JORGE','2012-06-28 14:43:53'),(490,520,1,502000,'JORGE','2012-06-28 14:49:07'),(491,521,9,234000,'JORGE','2012-06-28 14:59:19'),(492,522,9,241000,'JORGE','2012-06-28 16:07:22'),(493,523,9,132000,'JORGE','2012-06-28 22:13:36'),(494,524,9,57000,'JORGE','2012-06-29 14:13:03'),(495,525,1,23000,'KARLA','2012-06-29 14:14:55'),(496,526,1,39000,'KARLA','2012-06-29 14:26:35'),(497,527,9,152000,'JORGE','2012-06-29 14:38:01'),(498,528,1,23000,'JORGE','2012-06-29 20:36:49'),(499,529,1,23000,'JORGE','2012-06-29 20:39:07'),(500,530,1,23000,'JORGE','2012-06-29 20:40:29'),(501,531,1,66000,'KARLA','2012-06-30 13:48:59'),(502,533,9,5291000,'JORGE','2012-06-30 15:20:35'),(503,532,1,39000,'JORGE','2012-07-03 13:54:52'),(504,534,1,23000,'KARLA','2012-07-03 16:13:39'),(505,535,1,39000,'KARLA','2012-07-03 17:10:39'),(506,536,1,23000,'KARLA','2012-07-03 19:28:12'),(507,537,9,513000,'JORGE','2012-07-03 20:05:01'),(508,538,9,163000,'JORGE','2012-07-03 20:54:46'),(509,539,1,66000,'KARLA','2012-07-03 21:04:22'),(510,540,9,696000,'JORGE','2012-07-03 21:45:45'),(511,541,9,60000,'JORGE','2012-07-03 21:54:25'),(512,542,1,23000,'KARLA','2012-07-04 16:10:12'),(513,543,1,55000,'KARLA','2012-07-04 19:31:59'),(514,544,1,23000,'KARLA','2012-07-04 20:26:31'),(515,545,1,90000,'KARLA','2012-07-04 22:47:28'),(516,546,1,21000,'KARLA','2012-07-04 22:59:39'),(517,547,1,39000,'KARLA','2012-07-05 12:22:07'),(518,548,1,19500,'KARLA','2012-07-05 14:26:01'),(519,549,1,33000,'KARLA','2012-07-05 14:40:18'),(520,550,1,66000,'KARLA','2012-07-06 15:20:15'),(521,551,1,23000,'KARLA','2012-07-06 16:38:02'),(522,552,1,90000,'KARLA','2012-07-06 21:36:31'),(523,553,1,23000,'KARLA','2012-07-09 15:11:35'),(524,554,9,551000,'JORGE','2012-07-09 22:20:25'),(525,555,9,20000,'JORGE','2012-07-10 14:02:46'),(526,556,1,10000,'JORGE','2012-07-10 20:51:33'),(527,557,1,39000,'JORGE','2012-07-10 20:54:12'),(528,558,1,39000,'JORGE','2012-07-10 20:55:43'),(529,559,1,10000,'JORGE','2012-07-10 20:57:13'),(530,560,1,10000,'JORGE','2012-07-10 20:58:27'),(531,561,1,66000,'KARLA','2012-07-11 13:23:25'),(532,562,1,39000,'KARLA','2012-07-11 13:25:26'),(533,563,1,66000,'KARLA','2012-07-11 13:50:50'),(534,564,1,66000,'KARLA','2012-07-11 14:03:20'),(535,565,1,33000,'KARLA','2012-07-11 19:23:36'),(536,566,1,33000,'KARLA','2012-07-11 19:37:12'),(537,567,1,23000,'KARLA','2012-07-11 22:10:22'),(538,568,1,31000,'KARLA','2012-07-12 14:27:51'),(539,569,1,16000,'KARLA','2012-07-13 13:09:49'),(540,570,1,66000,'KARLA','2012-07-13 21:01:47'),(541,571,1,3496950,'JORGE','2012-07-13 22:54:19'),(542,572,1,66000,'KARLA','2012-07-14 13:33:29'),(543,574,1,42000,'KARLA','2012-07-16 13:28:26'),(544,575,1,23000,'KARLA','2012-07-16 19:55:55'),(545,576,1,23000,'KARLA','2012-07-16 20:32:58'),(546,577,1,39000,'JORGE','2012-07-17 12:17:37'),(547,578,1,66000,'JORGE','2012-07-17 12:24:38'),(548,579,1,66000,'KARLA','2012-07-18 14:01:27'),(549,580,1,23000,'KARLA','2012-07-18 20:06:02'),(550,581,1,66000,'KARLA','2012-07-19 12:24:31'),(551,582,1,39000,'KARLA','2012-07-19 21:23:48'),(552,573,9,150000,'JORGE','2012-07-23 15:35:55'),(553,583,1,61000,'JORGE','2012-07-24 14:38:54'),(554,584,1,39000,'KARLA','2012-07-24 15:03:56'),(555,585,9,353000,'JORGE','2012-07-24 15:57:20'),(556,586,1,90000,'KARLA','2012-07-25 22:54:19'),(557,587,1,66000,'KARLA','2012-07-26 12:33:05'),(558,588,1,66000,'KARLA','2012-07-26 12:41:58'),(559,589,1,23000,'KARLA','2012-07-26 13:57:46'),(560,590,1,23000,'KARLA','2012-07-26 13:59:55'),(561,591,9,3338700,'JORGE','2012-07-27 21:10:22'),(562,592,1,66000,'KARLA','2012-07-30 14:12:30'),(563,593,1,66000,'KARLA','2012-07-30 14:27:05'),(564,594,1,66000,'KARLA','2012-07-30 16:29:23'),(565,595,9,73000,'JORGE','2012-07-30 20:25:59'),(566,596,9,135000,'JORGE','2012-07-30 20:27:11'),(567,597,1,39000,'KARLA','2012-07-31 14:05:14'),(568,598,1,23000,'KARLA','2012-07-31 19:25:36'),(569,601,9,38000,'JORGE','2012-08-01 13:27:58'),(570,602,9,38000,'JORGE','2012-08-01 13:28:44'),(571,603,9,66000,'JORGE','2012-08-01 13:29:44'),(572,604,9,95000,'JORGE','2012-08-01 13:30:16'),(573,605,9,402000,'JORGE','2012-08-01 13:30:52'),(574,599,1,23000,'KARLA','2012-08-01 13:33:57'),(575,606,1,23000,'KARLA','2012-08-01 13:38:56'),(576,607,1,55000,'KARLA','2012-08-01 13:42:26'),(577,608,1,66000,'KARLA','2012-08-01 14:14:24'),(578,609,1,39000,'KARLA','2012-08-01 14:45:11'),(579,610,9,179000,'JORGE','2012-08-01 19:21:33'),(580,611,1,42000,'KARLA','2012-08-01 21:34:15'),(581,612,1,65000,'KARLA','2012-08-02 13:02:25'),(582,613,1,40000,'KARLA','2012-08-02 13:20:45'),(583,614,1,23000,'KARLA','2012-08-02 14:06:07'),(584,615,1,23000,'KARLA','2012-08-02 15:19:31'),(585,616,9,1168000,'JORGE','2012-08-02 20:03:49'),(586,617,9,145000,'JORGE','2012-08-02 20:05:36'),(587,618,9,19000,'JORGE','2012-08-02 20:06:37'),(588,600,9,29000,'JORGE','2012-08-03 15:33:07'),(589,619,9,80400,'JORGE','2012-08-04 17:13:51'),(590,622,1,85000,'KARLA','2012-08-06 13:10:09'),(591,623,1,85000,'KARLA','2012-08-06 13:25:26'),(592,624,1,85000,'KARLA','2012-08-06 13:34:49'),(593,625,1,85000,'KARLA','2012-08-06 13:38:35'),(594,626,1,32000,'KARLA','2012-08-06 15:27:33'),(595,632,1,90000,'KSILVA','2012-08-08 14:41:50'),(596,633,1,90000,'KSILVA','2012-08-08 14:49:30'),(597,634,1,23000,'JFERRER','2012-08-08 15:46:53');
/*!40000 ALTER TABLE `formapagodoc` ENABLE KEYS */;
UNLOCK TABLES;

--
-- Table structure for table `gruposprod`
--

DROP TABLE IF EXISTS `gruposprod`;
SET @saved_cs_client     = @@character_set_client;
SET character_set_client = utf8;
CREATE TABLE `gruposprod` (
  `gruposprodid` int(11) NOT NULL auto_increment,
  `codigo` varchar(8) NOT NULL,
  `descripcion` varchar(45) NOT NULL,
  `meta01` double NOT NULL default '0',
  `meta02` double NOT NULL default '0',
  `meta03` double NOT NULL default '0',
  `meta04` double NOT NULL default '0',
  `meta05` double NOT NULL default '0',
  `meta06` double NOT NULL default '0',
  `meta07` double NOT NULL default '0',
  `meta08` double NOT NULL default '0',
  `meta09` double NOT NULL default '0',
  `meta10` double NOT NULL default '0',
  `meta11` double NOT NULL default '0',
  `meta12` double NOT NULL default '0',
  `creador` varchar(20) NOT NULL,
  `momento` timestamp NOT NULL default CURRENT_TIMESTAMP,
  PRIMARY KEY  (`gruposprodid`),
  UNIQUE KEY `codigo` (`codigo`)
) ENGINE=InnoDB AUTO_INCREMENT=5 DEFAULT CHARSET=utf8 COMMENT='Grupos de Productos';
SET character_set_client = @saved_cs_client;

--
-- Dumping data for table `gruposprod`
--

LOCK TABLES `gruposprod` WRITE;
/*!40000 ALTER TABLE `gruposprod` DISABLE KEYS */;
INSERT INTO `gruposprod` VALUES (1,'001','EXAMEN MEDICO OCUPACIONAL',0,0,0,0,0,0,0,0,0,0,0,0,'administrador','2011-12-28 14:52:22'),(2,'002','LABORATORIOS',0,0,0,0,0,0,0,0,0,0,0,0,'administrador','2011-12-28 14:52:31'),(3,'003','RADIOGRAFIA - ECOGRAFIA',0,0,0,0,0,0,0,0,0,0,0,0,'ADMINISTRADOR','2012-01-27 14:35:32'),(4,'004','MANIPULACION ALIMENTOS',0,0,0,0,0,0,0,0,0,0,0,0,'ADMINISTRADOR','2012-01-27 14:35:55');
/*!40000 ALTER TABLE `gruposprod` ENABLE KEYS */;
UNLOCK TABLES;

--
-- Table structure for table `historiacli`
--

DROP TABLE IF EXISTS `historiacli`;
SET @saved_cs_client     = @@character_set_client;
SET character_set_client = utf8;
CREATE TABLE `historiacli` (
  `historiaid` bigint(11) NOT NULL auto_increment,
  `teridpaciente` bigint(20) NOT NULL,
  `teridprof` bigint(20) NOT NULL,
  `conceptomed` varchar(3) NOT NULL,
  `estado` varchar(1) NOT NULL default 'A',
  `docuid` bigint(20) NOT NULL,
  `tipoexamen` varchar(25) NOT NULL,
  `creador` varchar(20) NOT NULL,
  `momento` timestamp NOT NULL default CURRENT_TIMESTAMP,
  PRIMARY KEY  (`historiaid`)
) ENGINE=InnoDB AUTO_INCREMENT=7 DEFAULT CHARSET=utf8 COMMENT='Historias Clinicas';
SET character_set_client = @saved_cs_client;

--
-- Dumping data for table `historiacli`
--

LOCK TABLES `historiacli` WRITE;
/*!40000 ALTER TABLE `historiacli` DISABLE KEYS */;
INSERT INTO `historiacli` VALUES (1,260,0,'07','C',627,'INGRESO','KSILVA','2012-08-07 16:05:13'),(2,448,0,'','A',628,'INGRESO','KSILVA','2012-08-07 17:22:05'),(3,260,23,'08','A',630,'INGRESO','KSILVA','2012-08-07 17:54:26'),(5,449,23,'01','A',636,'INGRESO','JFERRER','2012-08-08 21:01:18'),(6,441,20,'01','A',637,'PERIODICO','JFERRER','2012-08-08 21:19:22');
/*!40000 ALTER TABLE `historiacli` ENABLE KEYS */;
UNLOCK TABLES;

--
-- Table structure for table `historiaself`
--

DROP TABLE IF EXISTS `historiaself`;
SET @saved_cs_client     = @@character_set_client;
SET character_set_client = utf8;
CREATE TABLE `historiaself` (
  `historiaid` bigint(20) NOT NULL,
  `observa1` text NOT NULL,
  `observa2` text NOT NULL,
  `observa3` text NOT NULL,
  `observa4` text NOT NULL,
  `observa5` text NOT NULL,
  `observa6` text NOT NULL,
  `antefam01` varchar(100) NOT NULL,
  `antefam02` varchar(100) NOT NULL,
  `antefam03` varchar(100) NOT NULL,
  `antefam04` varchar(100) NOT NULL,
  `antefam05` varchar(100) NOT NULL,
  `antefam06` varchar(100) NOT NULL,
  `antefam07` varchar(100) NOT NULL,
  `antefam08` varchar(100) NOT NULL,
  `antefam09` varchar(100) NOT NULL,
  `antefam10` varchar(100) NOT NULL,
  `antefam11` varchar(100) NOT NULL,
  `antefam12` varchar(100) NOT NULL,
  `antefam13` varchar(100) NOT NULL,
  `antefam14` varchar(100) NOT NULL,
  `antefam15` varchar(100) NOT NULL,
  `antefam16` varchar(100) NOT NULL,
  `antefam17` varchar(100) NOT NULL,
  `antefam18` varchar(100) NOT NULL,
  `anteper01` varchar(7) NOT NULL,
  `anteper02` varchar(7) NOT NULL,
  `anteper03` varchar(7) NOT NULL,
  `anteper04` varchar(7) NOT NULL,
  `anteper05` varchar(7) NOT NULL,
  `anteper06` varchar(7) NOT NULL,
  `anteper07` varchar(7) NOT NULL,
  `anteper08` varchar(7) NOT NULL,
  `anteper09` varchar(7) NOT NULL,
  `anteper10` varchar(7) NOT NULL,
  `anteper11` varchar(7) NOT NULL,
  `anteper12` varchar(7) NOT NULL,
  `anteper13` varchar(7) NOT NULL,
  `anteper14` varchar(7) NOT NULL,
  `anteper15` varchar(7) NOT NULL,
  `anteper16` varchar(7) NOT NULL,
  `anteper17` varchar(7) NOT NULL,
  `anteper18` varchar(7) NOT NULL,
  `anteper19` varchar(7) NOT NULL,
  `anteper20` varchar(7) NOT NULL,
  `anteper21` varchar(7) NOT NULL,
  `anteper22` varchar(7) NOT NULL,
  `anteper23` varchar(7) NOT NULL,
  `anteper24` varchar(7) NOT NULL,
  `inmuni01` varchar(7) NOT NULL,
  `inmuni02` varchar(7) NOT NULL,
  `inmuni03` varchar(7) NOT NULL,
  `inmuni04` text NOT NULL,
  `revsis01` varchar(7) NOT NULL,
  `revsis02` varchar(7) NOT NULL,
  `revsis03` varchar(7) NOT NULL,
  `revsis04` varchar(7) NOT NULL,
  `revsis05` varchar(7) NOT NULL,
  `revsis06` varchar(7) NOT NULL,
  `revsis07` varchar(7) NOT NULL,
  `revsis08` varchar(7) NOT NULL,
  `revsis09` varchar(7) NOT NULL,
  `revsis10` varchar(7) NOT NULL,
  `revsis11` varchar(7) NOT NULL,
  `revsis12` varchar(7) NOT NULL,
  `revsis13` varchar(7) NOT NULL,
  `revsis14` varchar(7) NOT NULL,
  `revsis15` varchar(7) NOT NULL,
  `revsis16` varchar(7) NOT NULL,
  `revsis17` varchar(7) NOT NULL,
  `revsis18` varchar(7) NOT NULL,
  `revsis19` varchar(7) NOT NULL,
  `revsis20` varchar(7) NOT NULL,
  `revsis21` varchar(7) NOT NULL,
  `revsis22` varchar(7) NOT NULL,
  `revsis23` varchar(7) NOT NULL,
  `revsis24` varchar(7) NOT NULL,
  `revsis25` varchar(7) NOT NULL,
  `revsis26` varchar(7) NOT NULL,
  `revsis27` varchar(7) NOT NULL,
  `efpeso` varchar(15) NOT NULL,
  `eftalla` varchar(15) NOT NULL,
  `efimc` varchar(15) NOT NULL,
  `eftart` varchar(15) NOT NULL,
  `effcard` varchar(15) NOT NULL,
  `effresp` varchar(15) NOT NULL,
  `ef1` varchar(2) NOT NULL,
  `ef2` varchar(2) NOT NULL,
  `ef3` varchar(2) NOT NULL,
  `ef4` varchar(2) NOT NULL,
  `ef5` varchar(2) NOT NULL,
  `ef6` varchar(2) NOT NULL,
  `ef7` varchar(2) NOT NULL,
  `ef8` varchar(2) NOT NULL,
  `ef9` varchar(2) NOT NULL,
  `ef10` varchar(2) NOT NULL,
  `ef11` varchar(2) NOT NULL,
  `ef12` varchar(2) NOT NULL,
  `ef13` varchar(2) NOT NULL,
  `ef14` varchar(2) NOT NULL,
  `ef15` varchar(2) NOT NULL,
  `ef16` varchar(2) NOT NULL,
  `ef17` varchar(2) NOT NULL,
  `ef18` varchar(2) NOT NULL,
  `ef19` varchar(2) NOT NULL,
  `ef20` varchar(2) NOT NULL,
  `ef21` varchar(2) NOT NULL,
  `ef22` varchar(2) NOT NULL,
  `ef23` varchar(2) NOT NULL,
  `ef24` varchar(2) NOT NULL,
  `ef25` varchar(2) NOT NULL,
  `ef26` varchar(2) NOT NULL,
  `ef27` varchar(2) NOT NULL,
  `ef28` varchar(2) NOT NULL,
  `ef29` varchar(2) NOT NULL,
  `ef30` varchar(2) NOT NULL,
  `ef31` varchar(2) NOT NULL,
  `ef32` varchar(2) NOT NULL,
  `ef33` varchar(2) NOT NULL,
  `ef34` varchar(2) NOT NULL,
  `ef35` varchar(2) NOT NULL,
  `ef36` varchar(2) NOT NULL,
  `ef37` varchar(2) NOT NULL,
  `ef38` varchar(2) NOT NULL,
  `ef39` varchar(2) NOT NULL,
  `ef40` varchar(2) NOT NULL,
  `ef41` varchar(2) NOT NULL,
  `conceptomedid` int(11) NOT NULL default '0',
  PRIMARY KEY  (`historiaid`)
) ENGINE=MyISAM DEFAULT CHARSET=utf8 COMMENT='Historia Completa';
SET character_set_client = @saved_cs_client;

--
-- Dumping data for table `historiaself`
--

LOCK TABLES `historiaself` WRITE;
/*!40000 ALTER TABLE `historiaself` DISABLE KEYS */;
INSERT INTO `historiaself` VALUES (1,'','','','','','','TIO','','','','','NINIGUNA','','','','','','','','','','','','','','','','','','','CHECKED','','','','','','','','','','','','','','','','','','CHECKED','CHECKED','CHECKED','','','CHECKED','','','','','','CHECKED','','','','','','CHECKED','','','','','','','','','','','','','','60','1.56','24.65%','','','','NE','NE','NE','NE','NE','NE','NE','NE','NE','NE','NE','NE','NE','NE','NE','NE','NE','NE','NE','NE','NE','NE','NE','NE','NE','NE','NE','NE','NE','NE','NE','NE','NE','NE','NE','NE','NE','NE','NE','NE','NE',9),(2,'','','','','','','','','','','','','','','','','','','','','','','','','','','','','','','','','','','','','','','','','','','','','','','','','','','','','','','','','','','','','','','','','','','','','','','','','','','','','','','','','','','','','','','','','','','','','','','','','','','','','','','','','','','','','','','','','','','','','','','','','','','','','','',0),(3,'','','','','','','','','','','','','','','','','','','','','','','','','','','','','','','','','','','','','','','','','','','','','','','','','','','','','','','','','','','','','','','','','','','','','','','','','','','','','','','','','','','','','','NE','NE','NE','NE','NE','NE','NE','NE','NE','NE','NE','NE','NE','NE','NE','NE','NE','NE','NE','NE','NE','NE','NE','NE','NE','NE','NE','NE','NE','NE','NE','NE','NE','NE','NE','NE','NE','NE','NE','NE','NE',10),(5,'','','','','','','','','','','','','','','','','','','','','','','','','','','','','','','','','','','','','','','','','','','','','','','','','','','','','','','','','','','','','','','','','','','','','','','','','','','','','','','','','','','','','','NE','NE','NE','NE','NE','NE','NE','NE','NE','NE','NE','NE','NE','NE','NE','NE','NE','NE','NE','NE','NE','NE','NE','NE','NE','NE','NE','NE','NE','NE','NE','NE','NE','NE','NE','NE','NE','NE','NE','NE','NE',2),(6,'','','','','','','','','','','','','','','','','','','','','','','','','','','','','','','','','','','','','','','','','','','','','','','','','','','','','','','','','','','','','','','','','','','','','','','','','','','','','','','','','','','','','','NE','NE','NE','NE','NE','NE','NE','NE','NE','NE','NE','NE','NE','NE','NE','NE','NE','NE','NE','NE','NE','NE','NE','NE','NE','NE','NE','NE','NE','NE','NE','NE','NE','NE','NE','NE','NE','NE','NE','NE','NE',2);
/*!40000 ALTER TABLE `historiaself` ENABLE KEYS */;
UNLOCK TABLES;

--
-- Table structure for table `item`
--

DROP TABLE IF EXISTS `item`;
SET @saved_cs_client     = @@character_set_client;
SET character_set_client = utf8;
CREATE TABLE `item` (
  `itemid` bigint(20) NOT NULL auto_increment,
  `codigo` varchar(10) NOT NULL,
  `descripcion` varchar(35) NOT NULL,
  `tipoitemid` varchar(3) NOT NULL,
  `creador` varchar(20) NOT NULL,
  `momento` timestamp NOT NULL default CURRENT_TIMESTAMP,
  PRIMARY KEY  (`itemid`),
  KEY `codigo` (`codigo`,`tipoitemid`),
  KEY `tipoitemid` (`tipoitemid`),
  CONSTRAINT `item_ibfk_1` FOREIGN KEY (`tipoitemid`) REFERENCES `tipoitem` (`tipoitemid`) ON DELETE CASCADE ON UPDATE CASCADE
) ENGINE=InnoDB AUTO_INCREMENT=45 DEFAULT CHARSET=utf8 COMMENT='Items del Sistema';
SET character_set_client = @saved_cs_client;

--
-- Dumping data for table `item`
--

LOCK TABLES `item` WRITE;
/*!40000 ALTER TABLE `item` DISABLE KEYS */;
INSERT INTO `item` VALUES (1,'002.01','SEROLOGIA','1','SAID','2012-01-24 14:17:37'),(2,'002.02','ACIDO URICO','1','SAID','2012-01-24 14:24:54'),(3,'001.01','EXAMEN MEDICO OCUPACIONAL','1','ADMINISTRADOR','2012-01-27 14:38:29'),(4,'001.02','VALORACION CON ENFASIS OSTEOMUSCULA','1','ADMINISTRADOR','2012-01-27 14:39:34'),(5,'001.03','CERT. PERDIDA DE CAPACIDAD LABORAL','1','ADMINISTRADOR','2012-01-27 14:40:04'),(6,'001.04','CALIFICACION PERDIDA DE CAPACIDAD L','1','ADMINISTRADOR','2012-01-27 14:40:34'),(7,'001.05','INFORME MEDICO EPIDEMIOLOGICO','1','ADMINISTRADOR','2012-01-27 14:41:04'),(8,'001.06','AUDIOMETRIA','1','ADMINISTRADOR','2012-01-27 14:41:38'),(9,'001.07','ESPIROMETRIA','1','ADMINISTRADOR','2012-01-27 14:41:59'),(10,'001.08','VISIOMETRIAS','1','ADMINISTRADOR','2012-01-27 14:42:20'),(11,'002.03','BACILOSCOPIA','1','ADMINISTRADOR','2012-01-27 14:42:48'),(12,'002.04','COLESTEROL HDL','1','ADMINISTRADOR','2012-01-27 14:43:21'),(13,'003.01','RX DE LUMBOSACRA','1','JORGE','2012-01-27 23:21:02'),(16,'004.01','EX. MANIPULACION DE ALIMENTOS SIN C','1','JORGE','2012-01-31 15:20:41'),(17,'004.02','EX. MANIPULACION DE ALIMENTOS CON C','1','JORGE','2012-01-31 15:21:24'),(18,'003.02','RX MSI DE MANO','1','JORGE','2012-02-01 15:47:43'),(19,'002.05','FROTIS DE GARGANTA','1','JORGE','2012-02-03 14:24:50'),(20,'02.06','CUADRO HEMATICO','1','JORGE','2012-02-03 23:34:39'),(21,'002.06','CUADRO HEMATICO','1','JORGE','2012-02-03 23:36:37'),(22,'002.07','GLICEMIA','1','JORGE','2012-02-03 23:39:23'),(23,'002.08','TRIGLICERIDOS','1','JORGE','2012-02-03 23:42:05'),(24,'002.09','TSH','1','JORGE','2012-02-03 23:43:02'),(25,'002.10','T4 LIBRE','1','JORGE','2012-02-03 23:43:44'),(26,'002.11','HDL','1','JORGE','2012-02-03 23:44:34'),(27,'002.12','HEMOCLASIFICACION O RH','1','JORGE','2012-02-03 23:45:13'),(28,'002.13','VACUNACION(FIEBRE AM.)','1','JORGE','2012-02-04 00:06:07'),(29,'001.09','TOMA IMPRESION+ PROTECTOR AUDITIVO','1','JORGE','2012-02-04 13:39:03'),(30,'001.10','LAVADO DE OIDO','1','JORGE','2012-02-11 13:28:53'),(31,'003.03','RX DE CADERA','1','JORGE','2012-02-13 14:29:00'),(32,'002.14','KOH','1','JORGE','2012-02-13 21:57:16'),(33,'002.15','COPROLOGICO','1','JORGE','2012-02-13 21:58:42'),(34,'002.16','VACUNACION(TETANO)','1','JORGE','2012-02-16 20:49:02'),(35,'002.17','PERFIL LIPIDICO','1','JORGE','2012-03-27 22:18:16'),(36,'001.11','CERTIFICADO DE TRABAJO EN ALTURA ','1','JORGE','2012-03-28 22:27:42'),(37,'002.18','PARCIAL DE ORINA','1','JORGE','2012-03-30 15:24:04'),(38,'001.12','EXAMEN OSTEOMUSCULAR','1','JORGE','2012-04-02 15:29:19'),(39,'002.19','SEROLOGIA II','1','JORGE','2012-04-19 16:02:28'),(41,'002.20','CREATININA','1','JORGE','2012-05-03 20:55:47'),(42,'002.21','BUN','1','JORGE','2012-05-14 15:58:21'),(43,'001.13','EXAMEN MEDICO OCUPACIONAL-EGRESO','1','JORGE','2012-06-30 14:51:37'),(44,'002.22','VACUNACION(INFLUENZA)','1','JORGE','2012-07-10 20:53:58');
/*!40000 ALTER TABLE `item` ENABLE KEYS */;
UNLOCK TABLES;

--
-- Table structure for table `lineasprod`
--

DROP TABLE IF EXISTS `lineasprod`;
SET @saved_cs_client     = @@character_set_client;
SET character_set_client = utf8;
CREATE TABLE `lineasprod` (
  `lineaprodid` int(11) NOT NULL auto_increment,
  `codigo` varchar(5) NOT NULL,
  `descripcion` varchar(25) NOT NULL,
  `meta01` double NOT NULL default '0',
  `meta02` double NOT NULL default '0',
  `meta03` double NOT NULL default '0',
  `meta04` double NOT NULL default '0',
  `meta05` double NOT NULL default '0',
  `meta06` double NOT NULL default '0',
  `meta07` double NOT NULL default '0',
  `meta08` double NOT NULL default '0',
  `meta09` double NOT NULL default '0',
  `meta10` double NOT NULL default '0',
  `meta11` double NOT NULL default '0',
  `meta12` double NOT NULL default '0',
  `creador` varchar(20) NOT NULL,
  `momento` timestamp NOT NULL default CURRENT_TIMESTAMP,
  PRIMARY KEY  (`lineaprodid`),
  UNIQUE KEY `codigo` (`codigo`)
) ENGINE=InnoDB AUTO_INCREMENT=4 DEFAULT CHARSET=utf8 COMMENT='Lineas de Productos';
SET character_set_client = @saved_cs_client;

--
-- Dumping data for table `lineasprod`
--

LOCK TABLES `lineasprod` WRITE;
/*!40000 ALTER TABLE `lineasprod` DISABLE KEYS */;
INSERT INTO `lineasprod` VALUES (1,'PRE','LINEA PREDETERMINADA',0,0,0,0,0,0,0,0,0,0,0,0,'ADMINISTRADOR','2011-11-28 11:09:13'),(2,'001','CERTIFICADOS MEDICOS',0,0,0,0,0,0,0,0,0,0,0,0,'administrador','2011-12-28 14:53:22'),(3,'002','CONSULTA DE MEDICINA GRAL',0,0,0,0,0,0,0,0,0,0,0,0,'administrador','2011-12-28 14:53:50');
/*!40000 ALTER TABLE `lineasprod` ENABLE KEYS */;
UNLOCK TABLES;

--
-- Table structure for table `mediospago`
--

DROP TABLE IF EXISTS `mediospago`;
SET @saved_cs_client     = @@character_set_client;
SET character_set_client = utf8;
CREATE TABLE `mediospago` (
  `mediopagoid` int(11) NOT NULL auto_increment,
  `codigo` varchar(5) NOT NULL,
  `descripcion` varchar(30) NOT NULL,
  `formapago` varchar(2) NOT NULL,
  `icono` varchar(12) NOT NULL,
  `monext` varchar(1) NOT NULL,
  `esdesc` varchar(1) NOT NULL,
  `creador` varchar(20) NOT NULL,
  `momento` timestamp NOT NULL default CURRENT_TIMESTAMP,
  PRIMARY KEY  (`mediopagoid`),
  UNIQUE KEY `codigo` (`codigo`)
) ENGINE=InnoDB AUTO_INCREMENT=10 DEFAULT CHARSET=utf8 COMMENT='Medios de Pago de Documentos';
SET character_set_client = @saved_cs_client;

--
-- Dumping data for table `mediospago`
--

LOCK TABLES `mediospago` WRITE;
/*!40000 ALTER TABLE `mediospago` DISABLE KEYS */;
INSERT INTO `mediospago` VALUES (1,'EF','EFECTIVO','CO','mpefectivo','','','ADMINISTRADOR','2011-06-05 17:15:48'),(6,'DV','DESCUENTO X VOLUMEN','CO','mpotro','S','S','ADMINISTRADOR','2011-06-05 17:29:53'),(7,'TD','TARJETA DEBITO','CR','mptarjeta','','','ADMINISTRADOR','2011-07-28 11:46:52'),(8,'TC','TARJETA DE CREDITO','CR','mptarjeta','','','ADMINISTRADOR','2011-07-28 11:47:03'),(9,'CR','CREDITO','CR','mpcredito','','','ADMINISTRADOR','2011-07-28 12:18:35');
/*!40000 ALTER TABLE `mediospago` ENABLE KEYS */;
UNLOCK TABLES;

--
-- Table structure for table `menu`
--

DROP TABLE IF EXISTS `menu`;
SET @saved_cs_client     = @@character_set_client;
SET character_set_client = utf8;
CREATE TABLE `menu` (
  `menuid` int(11) NOT NULL auto_increment,
  `orden` varchar(8) NOT NULL,
  `descripcion` varchar(25) NOT NULL,
  `link` varchar(50) NOT NULL,
  PRIMARY KEY  (`menuid`),
  KEY `orden` (`orden`)
) ENGINE=InnoDB DEFAULT CHARSET=utf8 COMMENT='Menus del Sistema';
SET character_set_client = @saved_cs_client;

--
-- Dumping data for table `menu`
--

LOCK TABLES `menu` WRITE;
/*!40000 ALTER TABLE `menu` DISABLE KEYS */;
/*!40000 ALTER TABLE `menu` ENABLE KEYS */;
UNLOCK TABLES;

--
-- Table structure for table `menuxusuario`
--

DROP TABLE IF EXISTS `menuxusuario`;
SET @saved_cs_client     = @@character_set_client;
SET character_set_client = utf8;
CREATE TABLE `menuxusuario` (
  `menuid` int(11) NOT NULL,
  `username` varchar(20) NOT NULL,
  `permitido` varchar(1) NOT NULL,
  `creador` varchar(20) NOT NULL,
  PRIMARY KEY  (`menuid`,`username`),
  KEY `username` (`username`),
  CONSTRAINT `menuxusuario_ibfk_1` FOREIGN KEY (`menuid`) REFERENCES `menu` (`menuid`) ON DELETE CASCADE ON UPDATE CASCADE,
  CONSTRAINT `menuxusuario_ibfk_2` FOREIGN KEY (`username`) REFERENCES `usuarios` (`username`) ON DELETE CASCADE ON UPDATE CASCADE
) ENGINE=InnoDB DEFAULT CHARSET=utf8 COMMENT='Menu de Usuarios del Sistema';
SET character_set_client = @saved_cs_client;

--
-- Dumping data for table `menuxusuario`
--

LOCK TABLES `menuxusuario` WRITE;
/*!40000 ALTER TABLE `menuxusuario` DISABLE KEYS */;
/*!40000 ALTER TABLE `menuxusuario` ENABLE KEYS */;
UNLOCK TABLES;

--
-- Table structure for table `niveledu`
--

DROP TABLE IF EXISTS `niveledu`;
SET @saved_cs_client     = @@character_set_client;
SET character_set_client = utf8;
CREATE TABLE `niveledu` (
  `nivelid` int(11) NOT NULL auto_increment,
  `codigo` varchar(5) NOT NULL,
  `descripcion` varchar(25) NOT NULL,
  `creador` varchar(20) NOT NULL,
  `momento` timestamp NOT NULL default CURRENT_TIMESTAMP,
  PRIMARY KEY  (`nivelid`),
  KEY `codigo` (`codigo`)
) ENGINE=InnoDB AUTO_INCREMENT=14 DEFAULT CHARSET=utf8 COMMENT='Niveles de Educacion de Pacientes';
SET character_set_client = @saved_cs_client;

--
-- Dumping data for table `niveledu`
--

LOCK TABLES `niveledu` WRITE;
/*!40000 ALTER TABLE `niveledu` DISABLE KEYS */;
INSERT INTO `niveledu` VALUES (5,'01','PRIMARIA','ADMINISTRADOR','2012-05-02 19:50:45'),(6,'02','SECUNDARIA','ADMINISTRADOR','2012-05-02 19:50:45'),(7,'00','SIN ESTUDIO','ADMINISTRADOR','2012-05-02 19:51:07'),(8,'03','TECNICO','','2012-05-02 19:51:07'),(9,'04','TECNOLOGICO','ADMINISTRADOR','2012-05-02 19:51:25'),(10,'05','UNIVERSITARIO','ADMINISTRADOR','2012-05-02 19:51:25'),(11,'06','PROFESIONAL','ADMINISTRADOR','2012-05-02 19:52:04'),(12,'07','ESPECIALIZACION','ADMINISTRADOR','2012-05-02 19:52:04'),(13,'08','POSTGRADO','ADMINISTRADOR','2012-05-02 19:52:13');
/*!40000 ALTER TABLE `niveledu` ENABLE KEYS */;
UNLOCK TABLES;

--
-- Table structure for table `observaciones`
--

DROP TABLE IF EXISTS `observaciones`;
SET @saved_cs_client     = @@character_set_client;
SET character_set_client = utf8;
CREATE TABLE `observaciones` (
  `observid` int(11) NOT NULL auto_increment,
  `codigo` varchar(6) NOT NULL,
  `observacion` text NOT NULL,
  `creador` varchar(20) NOT NULL,
  `momento` timestamp NOT NULL default CURRENT_TIMESTAMP on update CURRENT_TIMESTAMP,
  PRIMARY KEY  (`observid`),
  KEY `codigo` (`codigo`)
) ENGINE=InnoDB AUTO_INCREMENT=3 DEFAULT CHARSET=utf8 COMMENT='Observaciones a Productos';
SET character_set_client = @saved_cs_client;

--
-- Dumping data for table `observaciones`
--

LOCK TABLES `observaciones` WRITE;
/*!40000 ALTER TABLE `observaciones` DISABLE KEYS */;
INSERT INTO `observaciones` VALUES (2,'AA',' APARTADO AEREO','','2011-06-05 16:38:18');
/*!40000 ALTER TABLE `observaciones` ENABLE KEYS */;
UNLOCK TABLES;

--
-- Table structure for table `permisodoc`
--

DROP TABLE IF EXISTS `permisodoc`;
SET @saved_cs_client     = @@character_set_client;
SET character_set_client = utf8;
CREATE TABLE `permisodoc` (
  `tipodoc` varchar(3) NOT NULL,
  `username` varchar(20) NOT NULL,
  `permisoid` int(11) NOT NULL,
  `activo` varchar(1) NOT NULL,
  `creador` varchar(20) NOT NULL,
  `momento` timestamp NOT NULL default CURRENT_TIMESTAMP,
  PRIMARY KEY  (`tipodoc`,`username`,`permisoid`)
) ENGINE=InnoDB DEFAULT CHARSET=utf8 COMMENT='Permisos por Usuario x Documento';
SET character_set_client = @saved_cs_client;

--
-- Dumping data for table `permisodoc`
--

LOCK TABLES `permisodoc` WRITE;
/*!40000 ALTER TABLE `permisodoc` DISABLE KEYS */;
INSERT INTO `permisodoc` VALUES ('FVE','administrador',1,'S','ADMINISTRADOR','2012-01-21 13:48:47'),('FVE','administrador',2,'S','ADMINISTRADOR','2012-01-21 13:48:47');
/*!40000 ALTER TABLE `permisodoc` ENABLE KEYS */;
UNLOCK TABLES;

--
-- Table structure for table `permisos`
--

DROP TABLE IF EXISTS `permisos`;
SET @saved_cs_client     = @@character_set_client;
SET character_set_client = utf8;
CREATE TABLE `permisos` (
  `permisoid` int(11) NOT NULL auto_increment,
  `codigo` varchar(6) NOT NULL,
  `descripcion` varchar(25) NOT NULL,
  PRIMARY KEY  (`permisoid`)
) ENGINE=InnoDB AUTO_INCREMENT=7 DEFAULT CHARSET=utf8 COMMENT='Permisos del Sistema';
SET character_set_client = @saved_cs_client;

--
-- Dumping data for table `permisos`
--

LOCK TABLES `permisos` WRITE;
/*!40000 ALTER TABLE `permisos` DISABLE KEYS */;
INSERT INTO `permisos` VALUES (1,'ADDFVE','ADICIONAR FACTURA DE VENT'),(2,'EDIFVE','EDITAR FACTURA DE VENTA'),(3,'DELFVE','ELIMINAR FACTURA DE VENTA'),(4,'BUSFVE','BUSQUEDA AVANZADA FVE'),(5,'BLOFVE','BLOQUEAR FACTURA DE VENTA'),(6,'DESFVE','DESBLOQUEAR FACTURA DE VE');
/*!40000 ALTER TABLE `permisos` ENABLE KEYS */;
UNLOCK TABLES;

--
-- Table structure for table `posibledepromo`
--

DROP TABLE IF EXISTS `posibledepromo`;
SET @saved_cs_client     = @@character_set_client;
SET character_set_client = utf8;
CREATE TABLE `posibledepromo` (
  `posibledepromoid` bigint(20) NOT NULL auto_increment,
  `depromoid` int(11) NOT NULL,
  `itemid` bigint(20) NOT NULL,
  PRIMARY KEY  (`posibledepromoid`),
  KEY `depromoid` (`depromoid`)
) ENGINE=InnoDB AUTO_INCREMENT=59 DEFAULT CHARSET=utf8 COMMENT='Posibles Productos en Variable';
SET character_set_client = @saved_cs_client;

--
-- Dumping data for table `posibledepromo`
--

LOCK TABLES `posibledepromo` WRITE;
/*!40000 ALTER TABLE `posibledepromo` DISABLE KEYS */;
INSERT INTO `posibledepromo` VALUES (23,7,70),(24,7,73),(25,7,75),(26,7,66),(27,7,65),(28,9,27),(29,9,22),(30,9,55),(31,9,42),(32,9,47),(33,9,64),(34,11,56),(35,11,18),(36,11,52),(37,11,39),(38,11,43),(39,11,48),(40,11,62),(41,11,35),(42,13,57),(43,13,19),(44,13,53),(45,13,44),(46,13,49),(47,13,60),(48,13,36),(49,16,111),(50,16,109),(51,16,108),(52,16,110),(53,18,93),(54,18,101),(55,20,111),(56,20,109),(57,20,108),(58,20,110);
/*!40000 ALTER TABLE `posibledepromo` ENABLE KEYS */;
UNLOCK TABLES;

--
-- Table structure for table `prefijo`
--

DROP TABLE IF EXISTS `prefijo`;
SET @saved_cs_client     = @@character_set_client;
SET character_set_client = utf8;
CREATE TABLE `prefijo` (
  `prefijoid` int(11) NOT NULL auto_increment,
  `tipodoc` varchar(3) NOT NULL,
  `prefijo` varchar(3) NOT NULL,
  `descripcion` varchar(30) NOT NULL,
  `consecutivo` varchar(12) NOT NULL,
  `encab1` varchar(50) NOT NULL,
  `encab2` varchar(50) NOT NULL,
  `encab3` varchar(50) NOT NULL,
  `encab4` varchar(50) NOT NULL,
  `encab5` varchar(50) NOT NULL,
  `pie1` varchar(50) NOT NULL,
  `pie2` varchar(50) NOT NULL,
  `pie3` varchar(50) NOT NULL,
  `pie4` varchar(50) NOT NULL,
  `pie5` varchar(50) NOT NULL,
  `impresionpos` varchar(8) NOT NULL,
  PRIMARY KEY  (`prefijoid`),
  KEY `tipodoc` (`tipodoc`)
) ENGINE=MyISAM AUTO_INCREMENT=5 DEFAULT CHARSET=utf8 COMMENT='Prefijos de Documentos';
SET character_set_client = @saved_cs_client;

--
-- Dumping data for table `prefijo`
--

LOCK TABLES `prefijo` WRITE;
/*!40000 ALTER TABLE `prefijo` DISABLE KEYS */;
INSERT INTO `prefijo` VALUES (1,'FVE','00','FACTURA DE VENTA','0877','   ','   ','','      ','','       ','     ','           ','     ','',''),(3,'PSE','00','PRESTACIONES DE SERVICIO','0008','','','','','','','','','','','CHECKED'),(4,'RSA','00','ORDENES DE SERVICIO','0002','','','','','','','','','','',''),(2,'FCO','00','FACTURAS DE COMPRA','0000001','FACTURA DE COMPRA','','','','','','','','','','checked');
/*!40000 ALTER TABLE `prefijo` ENABLE KEYS */;
UNLOCK TABLES;

--
-- Table structure for table `productos`
--

DROP TABLE IF EXISTS `productos`;
SET @saved_cs_client     = @@character_set_client;
SET character_set_client = utf8;
CREATE TABLE `productos` (
  `itemid` bigint(20) NOT NULL,
  `gruposprodid` int(11) NOT NULL,
  `lineaprodid` int(11) NOT NULL,
  `tipoproducto` varchar(3) NOT NULL,
  `codigobarra` varchar(30) default NULL,
  `porciva` double NOT NULL,
  `unidad` varchar(5) NOT NULL,
  `unimayor` varchar(5) NOT NULL,
  `eximin` int(11) NOT NULL,
  `eximax` int(11) NOT NULL,
  `referencia` varchar(20) default NULL,
  `ubicacion` varchar(20) default NULL,
  `observaciones` text,
  `precio1` double default '0',
  `precio2` double default '0',
  `precio3` double default '0',
  `precio4` double default '0',
  `precio5` double default '0',
  `existenciatotal` double NOT NULL default '0',
  PRIMARY KEY  (`itemid`),
  KEY `gruposprodid` (`gruposprodid`),
  KEY `lineaprodid` (`lineaprodid`),
  KEY `tipoproducto` (`tipoproducto`),
  CONSTRAINT `productos_ibfk_1` FOREIGN KEY (`tipoproducto`) REFERENCES `tipoproducto` (`codigo`)
) ENGINE=InnoDB DEFAULT CHARSET=utf8 COMMENT='Productos de Inventarios';
SET character_set_client = @saved_cs_client;

--
-- Dumping data for table `productos`
--

LOCK TABLES `productos` WRITE;
/*!40000 ALTER TABLE `productos` DISABLE KEYS */;
INSERT INTO `productos` VALUES (1,2,1,'SEV','',0,'UND','UND',0,0,'','','',9000,0,0,0,0,-943),(2,2,1,'SEV','',0,'','',0,0,'','','',9000,0,0,0,0,0),(3,1,2,'SEV','',0,'','',0,0,'','','',23000,0,0,0,0,-3022),(4,1,2,'SEV','',0,'','',0,0,'','','',25000,0,0,0,0,-1),(5,1,2,'SEV','',0,'','',0,0,'','','',200000,0,0,0,0,-1),(6,1,2,'SEV','',0,'','',0,0,'','','',200000,0,0,0,0,0),(7,1,2,'SEV','',0,'','',0,0,'','','',200000,0,0,0,0,0),(8,1,2,'SEV','',0,'','',0,0,'','','',16000,0,0,0,0,-323),(9,1,2,'SEV','',0,'','',0,0,'','','',16000,0,0,0,0,-413),(10,1,2,'SEV','',0,'','',0,0,'','','',16000,0,0,0,0,-133),(11,2,2,'SEV','',0,'','',0,0,'','','',9000,0,0,0,0,0),(12,2,2,'SEV','',0,'','',0,0,'','','',9000,0,0,0,0,-6),(13,3,2,'SEV','',0,'','',7,123,'','','',39000,0,0,0,0,-651),(14,3,2,'SEV','',0,'','',0,0,'','','',20000,0,0,0,0,0),(15,3,2,'SEV','',0,'','',0,0,'','','',20000,0,0,0,0,0),(16,4,2,'SEV','',0,'','',0,0,'','','',32000,0,0,0,0,-9),(17,4,2,'SEV','',0,'','',0,0,'','','',45000,0,0,0,0,-65),(18,3,2,'SEV','',0,'','',0,0,'','','',25000,0,0,0,0,-1),(19,2,2,'SEV','',0,'','',0,0,'','','',9000,0,0,0,0,-7),(21,2,2,'SEV','',0,'','',0,0,'','','',9000,0,0,0,0,-18),(22,2,2,'SEV','',0,'','',0,0,'','','',9000,0,0,0,0,-19),(23,2,2,'SEV','',0,'','',0,0,'','','',9000,0,0,0,0,-6),(24,2,2,'SEV','',0,'','',0,0,'','','',9000,0,0,0,0,-4),(25,2,2,'SEV','',0,'','',0,0,'','','',39000,0,0,0,0,-4),(26,2,2,'SEV','',0,'','',0,0,'','','',9000,0,0,0,0,-6),(27,2,2,'SEV','',0,'','',0,0,'','','',9000,0,0,0,0,-6),(28,2,2,'SEV','',0,'','',0,0,'','','',60000,0,0,0,0,-4),(29,1,2,'SEV','',0,'','',0,0,'','','',60000,0,0,0,0,-4),(30,1,2,'SEV','',0,'','',0,0,'','','',15000,0,0,0,0,-7),(31,3,2,'SEV','',0,'','',0,0,'','','',21000,0,0,0,0,-1),(32,2,2,'SEV','',0,'','',0,0,'','','',8000,0,0,0,0,-6),(33,2,2,'SEV','',0,'','',0,0,'','','',8000,0,0,0,0,-12),(34,2,2,'SEV','',0,'','',0,0,'','','',10000,0,0,0,0,-8),(35,2,2,'SEV','',0,'','',0,0,'','','',32000,0,0,0,0,-13),(36,1,2,'SEV','',0,'','',0,0,'','','',95000,0,0,0,0,-24),(37,2,2,'SEV','',0,'','',0,0,'','','',10000,0,0,0,0,-3),(38,1,2,'SEV','',0,'','',0,0,'','','',19000,0,0,0,0,-17),(39,2,2,'SEV','',0,'','',0,0,'','','',10000,0,0,0,0,-118),(41,2,2,'SEV','',0,'','',0,0,'','','',10000,0,0,0,0,-1),(42,2,2,'SEV','',0,'','',0,0,'','','',10000,0,0,0,0,-1),(43,1,2,'SEV','',0,'','',0,0,'','','',19000,0,0,0,0,-5),(44,2,2,'SEV','',0,'','',0,0,'','','',29000,0,0,0,0,-2);
/*!40000 ALTER TABLE `productos` ENABLE KEYS */;
UNLOCK TABLES;

/*!50003 SET @SAVE_SQL_MODE=@@SQL_MODE*/;

DELIMITER ;;
/*!50003 SET SESSION SQL_MODE="NO_AUTO_CREATE_USER,NO_ENGINE_SUBSTITUTION" */;;
/*!50003 CREATE */ /*!50017 DEFINER=`root`@`localhost` */ /*!50003 TRIGGER `productos_after_ins_tr` AFTER INSERT ON `productos` FOR EACH ROW BEGIN
  CALL PA_CrearBodegasenProductos(NEW.itemid); 
END */;;

DELIMITER ;
/*!50003 SET SESSION SQL_MODE=@SAVE_SQL_MODE*/;

--
-- Table structure for table `promociones`
--

DROP TABLE IF EXISTS `promociones`;
SET @saved_cs_client     = @@character_set_client;
SET character_set_client = utf8;
CREATE TABLE `promociones` (
  `promoid` int(11) NOT NULL auto_increment,
  `codigo` varchar(20) NOT NULL,
  `descripcion` text NOT NULL,
  `fecdesde` date NOT NULL,
  `fechasta` date NOT NULL,
  `horadesde` time NOT NULL,
  `horahasta` time NOT NULL,
  `cantidad` int(11) NOT NULL,
  `itemid` bigint(20) NOT NULL,
  `creador` varchar(20) NOT NULL,
  `momento` timestamp NOT NULL default CURRENT_TIMESTAMP,
  PRIMARY KEY  (`promoid`),
  KEY `creador` (`creador`)
) ENGINE=InnoDB AUTO_INCREMENT=12 DEFAULT CHARSET=utf8 COMMENT='Promociones del Sistema';
SET character_set_client = @saved_cs_client;

--
-- Dumping data for table `promociones`
--

LOCK TABLES `promociones` WRITE;
/*!40000 ALTER TABLE `promociones` DISABLE KEYS */;
INSERT INTO `promociones` VALUES (8,'CMPORCION','COMBO PORCION PIZZA + GASEOSA 12OZ','2012-01-01','2012-12-31','00:00:00','23:00:00',1,105,'ADMINISTRADOR','2012-01-11 20:52:43'),(9,'CMPERSO','COMBO 1 PIZZA PERSONAL + 2 GAS 12OZ','2012-01-01','2012-12-31','00:01:00','23:00:00',1,106,'ADMINISTRADOR','2012-01-11 20:56:15'),(10,'CMPASTA','COMBO 1 PASTA + 1 GAS 12OZ','2012-01-01','2012-12-31','00:01:00','23:00:00',1,107,'ADMINISTRADOR','2012-01-11 20:58:27'),(11,'CMPASTAINF','INFANTIL MEDIA PASTA + 1 GAS 12 OZ','2012-01-01','2012-12-01','00:01:00','23:00:00',1,112,'ADMINISTRADOR','2012-01-11 21:05:45');
/*!40000 ALTER TABLE `promociones` ENABLE KEYS */;
UNLOCK TABLES;

--
-- Table structure for table `seriales`
--

DROP TABLE IF EXISTS `seriales`;
SET @saved_cs_client     = @@character_set_client;
SET character_set_client = utf8;
CREATE TABLE `seriales` (
  `serialid` bigint(20) NOT NULL,
  `itemid` bigint(20) NOT NULL,
  `docuident` bigint(20) NOT NULL,
  `fecentrada` timestamp NOT NULL default CURRENT_TIMESTAMP on update CURRENT_TIMESTAMP,
  `docuidsal` bigint(20) NOT NULL,
  `fecsalida` timestamp NOT NULL default '0000-00-00 00:00:00',
  PRIMARY KEY  (`serialid`),
  KEY `itemid` (`itemid`),
  CONSTRAINT `seriales_ibfk_1` FOREIGN KEY (`itemid`) REFERENCES `item` (`itemid`)
) ENGINE=InnoDB DEFAULT CHARSET=utf8 COMMENT='Seriales de Productos';
SET character_set_client = @saved_cs_client;

--
-- Dumping data for table `seriales`
--

LOCK TABLES `seriales` WRITE;
/*!40000 ALTER TABLE `seriales` DISABLE KEYS */;
/*!40000 ALTER TABLE `seriales` ENABLE KEYS */;
UNLOCK TABLES;

--
-- Table structure for table `sucursales`
--

DROP TABLE IF EXISTS `sucursales`;
SET @saved_cs_client     = @@character_set_client;
SET character_set_client = utf8;
CREATE TABLE `sucursales` (
  `sucid` int(11) NOT NULL auto_increment,
  `codigo` varchar(5) NOT NULL,
  `nombre` varchar(20) NOT NULL,
  `consecter` varchar(12) NOT NULL,
  `creador` varchar(20) NOT NULL,
  `momento` timestamp NOT NULL default CURRENT_TIMESTAMP,
  PRIMARY KEY  (`sucid`),
  KEY `codigo` (`codigo`),
  KEY `creador` (`creador`)
) ENGINE=InnoDB AUTO_INCREMENT=2 DEFAULT CHARSET=utf8 COMMENT='Sucursales de la Empresa';
SET character_set_client = @saved_cs_client;

--
-- Dumping data for table `sucursales`
--

LOCK TABLES `sucursales` WRITE;
/*!40000 ALTER TABLE `sucursales` DISABLE KEYS */;
INSERT INTO `sucursales` VALUES (1,'00','PREDETERMINADA','TER00001','ADMINISTRADOR','2011-06-29 10:42:44');
/*!40000 ALTER TABLE `sucursales` ENABLE KEYS */;
UNLOCK TABLES;

--
-- Table structure for table `tablas`
--

DROP TABLE IF EXISTS `tablas`;
SET @saved_cs_client     = @@character_set_client;
SET character_set_client = utf8;
CREATE TABLE `tablas` (
  `tablaid` int(11) NOT NULL auto_increment,
  `descripcion` varchar(25) NOT NULL,
  PRIMARY KEY  (`tablaid`)
) ENGINE=InnoDB AUTO_INCREMENT=13 DEFAULT CHARSET=utf8 COMMENT='Tablas del Sistema';
SET character_set_client = @saved_cs_client;

--
-- Dumping data for table `tablas`
--

LOCK TABLES `tablas` WRITE;
/*!40000 ALTER TABLE `tablas` DISABLE KEYS */;
INSERT INTO `tablas` VALUES (1,'PACIENTES'),(2,'EMPRESAS'),(3,'PROFESIONALES'),(4,'SERVICIOS'),(5,'CONTRATOS'),(6,'NIVELES EDUCATIVOS'),(7,'TIPOS DE EXAMEN'),(8,'CONCEPTOS MEDICOS'),(9,'ENTIDADES EPS'),(10,'ESPECIALIDADES MEDICAS'),(11,'ESTADOS CIVILES'),(12,'DIAGNOSTICOS - CIE 10');
/*!40000 ALTER TABLE `tablas` ENABLE KEYS */;
UNLOCK TABLES;

--
-- Table structure for table `terceros`
--

DROP TABLE IF EXISTS `terceros`;
SET @saved_cs_client     = @@character_set_client;
SET character_set_client = utf8;
CREATE TABLE `terceros` (
  `terid` bigint(20) NOT NULL auto_increment,
  `codigo` varchar(15) NOT NULL,
  `nit` varchar(15) NOT NULL,
  `nombre` varchar(60) NOT NULL,
  `direccion` varchar(60) NOT NULL,
  `ciudadid` bigint(11) NOT NULL,
  `telefono` varchar(25) NOT NULL,
  `celular` varchar(25) NOT NULL,
  `email` varchar(60) NOT NULL,
  `cargo` varchar(35) NOT NULL,
  `zonaid` int(11) NOT NULL,
  `clasificaterid` int(11) NOT NULL,
  `clientedesde` date default NULL,
  `provdesde` date default NULL,
  `pacientedesde` date NOT NULL,
  `nombre1` varchar(30) NOT NULL,
  `nombre2` varchar(30) NOT NULL,
  `apellido1` varchar(30) NOT NULL,
  `apellido2` varchar(30) NOT NULL,
  `fechanac` date NOT NULL,
  `edad` int(11) NOT NULL,
  `genero` varchar(1) NOT NULL,
  `estadocivilid` varchar(2) NOT NULL,
  `nivelid` int(11) NOT NULL,
  `entidadid` int(11) NOT NULL,
  `profesion` varchar(20) NOT NULL,
  `registropro` varchar(25) NOT NULL,
  `cuenta` varchar(25) NOT NULL,
  `bancoid` int(11) NOT NULL,
  `percontacto` varchar(30) NOT NULL,
  `replegal` varchar(30) NOT NULL,
  `especialidadid` int(11) NOT NULL,
  `regimen` varchar(12) NOT NULL,
  `grancon` varchar(10) NOT NULL,
  `agenteret` varchar(10) NOT NULL,
  `reteiva` varchar(10) NOT NULL,
  `reteica` varchar(10) NOT NULL,
  `retefte` varchar(10) NOT NULL,
  `ventacredito` varchar(2) NOT NULL,
  `cupocredito` double NOT NULL,
  `username` varchar(20) NOT NULL,
  `rutafoto` varchar(35) NOT NULL,
  `rutafirma` varchar(50) NOT NULL,
  `creador` varchar(20) NOT NULL,
  `momento` timestamp NOT NULL default CURRENT_TIMESTAMP,
  PRIMARY KEY  (`terid`),
  UNIQUE KEY `codigo` (`codigo`),
  UNIQUE KEY `nit` (`nit`),
  KEY `ciudadid` (`ciudadid`),
  KEY `zonaid` (`zonaid`,`clasificaterid`),
  KEY `clasificaterid` (`clasificaterid`),
  KEY `creador` (`creador`),
  CONSTRAINT `terceros_ibfk_1` FOREIGN KEY (`ciudadid`) REFERENCES `ciudades` (`ciudadid`) ON DELETE CASCADE ON UPDATE CASCADE,
  CONSTRAINT `terceros_ibfk_2` FOREIGN KEY (`zonaid`) REFERENCES `zonater` (`zonaid`) ON DELETE CASCADE ON UPDATE CASCADE,
  CONSTRAINT `terceros_ibfk_3` FOREIGN KEY (`clasificaterid`) REFERENCES `clasificater` (`clasificaterid`) ON DELETE CASCADE ON UPDATE CASCADE
) ENGINE=InnoDB AUTO_INCREMENT=457 DEFAULT CHARSET=utf8 COMMENT='Terceros';
SET character_set_client = @saved_cs_client;

--
-- Dumping data for table `terceros`
--

LOCK TABLES `terceros` WRITE;
/*!40000 ALTER TABLE `terceros` DISABLE KEYS */;
INSERT INTO `terceros` VALUES (1,'TER0001','CLI00001','CLIENTE PREDETERMINADO','',1,'','','','',1,1,NULL,NULL,'0000-00-00','','','','','0000-00-00',0,'','0',0,0,'','','',0,'','',0,'','','','','','','',0,'','','','ADMINISTRADOR','2011-11-28 11:13:12'),(8,'6664195','6664195','FRANCISCO SAID RODRIGUEZ CASTIBLANCO','CALLE 2',740,'5703269','3002692042','saidrodriguez@gmail.com','',1,4,'2012-01-24','0000-00-00','2012-01-24','FRANCISCO','SAID','RODRIGUEZ','CASTIBLANCO','1983-12-30',28,'M','02',0,10,'','','',0,'','',0,'','','','','','','',0,'','6664195.jpg','','SAID','2012-08-04 16:11:26'),(12,'890500690-7','890500690-7','TRANSGUASIMALES SA','AVENIDA 7 0B-13 AUTOPISTA EL SALADO',694,'5870403','','','',7,5,NULL,NULL,'0000-00-00','','','','','0000-00-00',0,'','0',0,0,'','','',1,'','',0,'','','','','','','',0,'','','','ADMINISTRADOR','2012-01-27 23:26:52'),(13,'88.000.642-9','88.000.642-9','MARCOS NAVAS ARENAS','',694,'','','','',1,5,NULL,NULL,'0000-00-00','','','','','0000-00-00',0,'','0',0,0,'','','',1,'','',0,'','','','','','','',0,'','','','JORGE','2012-01-27 23:15:30'),(14,'999','999','PARTICULARES','',694,'','','','',1,5,NULL,NULL,'0000-00-00','','','','','0000-00-00',0,'','0',0,0,'','','',1,'','',0,'','','','','','','',0,'','','','JORGE','2012-01-27 23:27:28'),(17,'1091667062','1091667062','YIVAN  MARQUEZ CARVAJALINO','',694,'','','','',1,4,'2012-01-30','0000-00-00','2012-01-30','YIVAN','','MARQUEZ','CARVAJALINO','1992-01-21',20,'M','1',1,3,'','','',0,'','',0,'','','','','','','',0,'','','','JORGE','2012-01-30 20:25:19'),(18,'830.037.946-3','830.037.946-3','PANAMERICANA PAPELERIA Y LIBRERIA S.A','C.C VENTURA PLAZA',694,'','','','',5,5,NULL,NULL,'0000-00-00','','','','','0000-00-00',0,'','0',0,0,'','','',1,'','',0,'','','','','','','',0,'','','','JORGE','2012-01-30 20:59:18'),(20,'3030','3030','ADOLFO  MANOTAS','',694,'','','','',5,6,NULL,NULL,'0000-00-00','','','','','2000-01-01',0,'','0',0,0,'','','',1,'','',3,'','','','','','','',0,'','','','JAVIER','2012-04-13 22:59:31'),(21,'5050','19177088','EDGAR  ESTEVEZ PARADA','AV SANTANDER NO. 12-480 PAMPLONA',722,'5682394','3107785747','edgarestevezp@hotmail.com','',5,6,NULL,NULL,'0000-00-00','','','','','1952-09-17',0,'','0',0,0,'MEDICO CIRUJANO','1802','',1,'','',3,'','','','','','','',0,'EESTEVEZ','','21.png','SAID','2012-08-07 17:57:12'),(22,'7575','7575','ANTONIO  LLANES ','',694,'','','','',5,6,NULL,NULL,'0000-00-00','','','','','2000-01-01',0,'','0',0,0,'','','',1,'','',3,'','','','','','','',0,'','','','LISSETH','2012-02-08 15:24:02'),(23,'9090','9090','MARÍA EUGENIA  TORRES ','CALLE 1N # 11E-54 QTA ORIENTAL',694,'5743210','3124480965','','',5,6,NULL,NULL,'0000-00-00','','','','','1980-01-01',0,'','0',0,0,'MEDICO CIRUJANO','15214','',1,'','',3,'','','','','','','',0,'MTORRES','','23.png','SAID','2012-08-07 17:57:31'),(24,'13172641','13172641','ALVARO  CONTRERAS ','',694,'3104834349','','','',1,4,'2012-01-31','0000-00-00','2012-01-31','ALVARO','','CONTRERAS','','1966-05-12',45,'M','02',0,22,'','','',0,'','',0,'','','','','','','',0,'','','','JORGE','2012-08-01 16:53:44'),(25,'1090368428','1090368428','DIEGO  ARMANDO MORALES FIGUEROA','',694,'','3125192030','','',1,4,'2012-01-31','0000-00-00','2012-01-31','DIEGO ','ARMANDO','MORALES','FIGUEROA','1986-06-02',25,'M','5',1,22,'','','',0,'','',0,'','','','','','','',0,'','1090368428.jpg','','JORGE','2012-01-31 13:59:44'),(26,'1.090.373.566-5','1.090.373.566-5','VIVIANA MURILLO','CLL 9 # 5E-37 LA RIVIERA',694,'5922359','','','',5,5,NULL,NULL,'0000-00-00','','','','','0000-00-00',0,'','0',0,0,'','','',1,'','',0,'','','','','','','',0,'','','','JORGE','2012-01-31 15:24:32'),(27,'900.490.218-4','900.490.218-4','CCP S.A.S','CL 6BN # 2E-73',694,'5742756','3012319688','minalapersequida@hotmail.com','',5,5,NULL,NULL,'0000-00-00','','','','','0000-00-00',0,'','0',0,0,'','','',0,'','',0,'','','','','','','',0,'','','','JORGE','2012-01-31 16:10:30'),(28,'60337059','60337059','PATRICIA MARTINEZ','',694,'','','','',5,4,NULL,NULL,'0000-00-00','','','','','0000-00-00',0,'','0',0,0,'','','',0,'','',0,'','','','','','','',0,'','','','JORGE','2012-01-31 16:30:38'),(29,'807.001.530-4','807.001.530-4','TEMPORAL S.A','CLL 12 # 4-19 P.5 EDF. PANAMERICANO',694,'5718662','','','',5,5,NULL,NULL,'0000-00-00','','','','','0000-00-00',0,'','0',0,0,'','','',0,'','',0,'','','','','','','',0,'','','','JORGE','2012-01-31 21:04:54'),(30,'860.050.906-1','860.050.906-1','ADECCO COLOMBIA S.A','CR 27 # 36-38 LOCAL 125 BUCARAMANGA',819,'6452250-6452270 EXT. 105','3177261585-3115284223','dorisyamile@hotmail.com','',5,5,NULL,NULL,'0000-00-00','','','','','0000-00-00',0,'','0',0,0,'','','',1,'DORIS YAMILE AREVALO','',0,'','','','','','','',0,'','','','JORGE','2012-01-31 21:52:57'),(31,'890.500.705-9','890.500.705-9','PRECONCRETOS S.A','ANILLO VIAL ORIENTAL KM 5 VIA BOCONO',694,'5849160','','preconsa@telecom.com.co','',1,5,NULL,NULL,'0000-00-00','','','','','0000-00-00',0,'','0',0,0,'','','',0,'','',0,'','','','','','','',0,'','','','JORGE','2012-01-31 22:17:38'),(32,'800.050.068-6','800.050.068-6','FUNDACION MEDICO PREVENTIVA','',694,'','','','',1,5,NULL,NULL,'0000-00-00','','','','','0000-00-00',0,'','0',0,0,'','','',0,'','',0,'','','','','','','',0,'','','','JORGE ','2012-01-31 22:51:19'),(33,'60446682','60446682','JOHANNA  KATHERINE TRILLOS GRIMALDOS','',694,'','3003843877','','',1,4,'2012-02-01','0000-00-00','2012-02-01','JOHANNA ','KATHERINE','TRILLOS','GRIMALDOS','1985-06-15',26,'F','1',3,3,'','','',0,'','',0,'','','','','','','',0,'','','','JORGE','2012-02-01 20:44:11'),(34,'900.069.751-5','900.069.751-5','PISOS Y ENCHAPES LOS VADOS','',694,'5730512','','','',1,5,NULL,NULL,'0000-00-00','','','','','0000-00-00',0,'','0',0,0,'','','',0,'','',0,'','','','','','','',0,'','','','JORGE','2012-02-01 21:30:51'),(35,'2.187.425-7','2.187.425-7','LUIS ARTURO FUENTES VARGAS','CLL 39 # 8A-51 BRR. SAN MATEO PARTE ALTA',694,'5842452','','','',4,5,NULL,NULL,'0000-00-00','','','','','0000-00-00',0,'','0',0,0,'','','',1,'','',0,'','','','','','','',0,'','','','JORGE','2012-02-02 14:26:48'),(36,'1090398373','1090398373','ANDRES EDUARDO  JAUREGUI PARRA','',694,'5921099','','','',1,4,'2012-02-02','0000-00-00','2012-02-02','ANDRES','EDUARDO ','JAUREGUI','PARRA','1988-12-14',23,'M','1',1,30,'','','',0,'','',0,'','','','','','','',0,'','','','JORGE','2012-02-02 20:30:05'),(37,'860.010.451-1','860.010.451-1','CASA LIMPIA S.A ','AV. EL DORADO # 100BIS-77 ',1,'','','','',5,5,NULL,NULL,'0000-00-00','','','','','0000-00-00',0,'','0',0,0,'','','',1,'','',0,'','','','','','','',0,'','','','JORGE','2012-03-12 23:02:05'),(38,'37507694','37507694','BERTHA  LUCIA ARIZA MEDINA','',694,'','3165404847','','',1,4,NULL,NULL,'0000-00-00','BERTHA ','LUCIA','ARIZA','MEDINA','1987-11-07',24,'F','1',1,26,'','','',0,'','',0,'','','','','','','',0,'','','','JORGE','2012-02-03 14:21:36'),(39,'1052955365','1052955365','JONATHAN JOSE ASIS ALVAREZ','',18,'3004139717','','','',1,4,'2012-02-03','0000-00-00','2012-02-03','JONATHAN','JOSE','ASIS','ALVAREZ','1987-10-26',24,'M','1',1,10,'','','',0,'','',0,'','','','','','','',0,'','','','JORGE','2012-02-03 14:19:47'),(40,'800.245.330-1','800.245.330-1','HYDROCARBON SERVICES S.A.S','KM UNO PUNTO CINCO VIA SIBERIA COTA PARQUE BG 8',1,'8767370-8767399','','','',1,5,NULL,NULL,'0000-00-00','','','','','0000-00-00',0,'','0',0,0,'','','',1,'','',0,'','','','','','','',0,'','','','JORGE','2012-02-03 15:35:06'),(41,'60308125','60308125','YAMILE ALICIA  CORREDOR URBINA','',694,'','3115499397','','',1,4,'2012-02-03','0000-00-00','2012-02-03','YAMILE','ALICIA ','CORREDOR','URBINA','1965-04-16',46,'F','2',3,26,'','','',0,'','',0,'','','','','','','',0,'','','','JORGE','2012-02-03 15:47:14'),(42,'60284380','60284380','CARMEN  JAIMES ','',694,'','3105528679','','',1,4,'2012-02-03','0000-00-00','2012-02-03','CARMEN','','JAIMES','','0000-00-00',55,'F','2',3,26,'','','',0,'','',0,'','','','','','','',0,'','','','JORGE','2012-02-03 21:36:27'),(43,'1093751646','1093751646','JHON FREDDY SUAREZ GELVEZ','',694,'','3134849987','','',1,4,'2012-02-04','0000-00-00','2012-02-04','JHON','FREDDY','SUAREZ','GELVEZ','1990-01-09',22,'M','1',1,26,'','','',0,'','',0,'','','','','','','',0,'','1093751646.jpg','','JORGE','2012-04-12 14:25:55'),(44,'52785664','52785664','PAOLA JOHANNA GALLO VILLAMIZAR','',694,'5773719','','','',1,4,'2012-02-06','0000-00-00','2012-02-06','PAOLA','JOHANNA','GALLO','VILLAMIZAR','1981-09-12',30,'F','1',3,10,'','','',0,'','',0,'','','','','','','',0,'','','','JORGE','2012-02-06 15:37:37'),(45,'1090375818 ','1090375818 ','FRANCISCO OSWALDO  BARRIENTOS VILLAMIZAR','',694,'','','','',5,4,NULL,NULL,'0000-00-00','','','','','0000-00-00',0,'','0',0,0,'','','',0,'','',0,'','','','','','','',0,'','','','JORGE','2012-02-07 14:17:46'),(46,'900.119.353-2','900.119.353-2','PERSOM S.A','CRR 28 # 68-86',1,'','','','',1,5,NULL,NULL,'0000-00-00','','','','','0000-00-00',0,'','0',0,0,'','','',0,'','',0,'','','','','','','',0,'','','','JORGE','2012-02-07 14:20:46'),(47,'60310939','60310939','CARMEN RODRIGUZ','',694,'','','','',1,4,NULL,NULL,'0000-00-00','','','','','0000-00-00',0,'','0',0,0,'','','',0,'','',0,'','','','','','','',0,'','','','JORGE','2012-02-07 14:56:41'),(48,'807.005.959-8','807.005.959-8','COSPAS','',694,'5720567','','','',1,5,NULL,NULL,'0000-00-00','','','','','0000-00-00',0,'','0',0,0,'','','',1,'','',0,'','','','','','','',0,'','','','JORGE','2012-02-22 22:39:22'),(49,'88241175','88241175','FREDDY CABALLERO','',694,'','','','',1,4,NULL,NULL,'0000-00-00','','','','','0000-00-00',0,'','0',0,0,'','','',0,'','',0,'','','','','','','',0,'','','','JORGE','2012-02-07 22:14:43'),(50,'1092342130','1092342130','SERGIO ACOSTA','',694,'','','','',1,4,NULL,NULL,'0000-00-00','','','','','0000-00-00',0,'','0',0,0,'','','',0,'','',0,'','','','','','','',0,'','','','JORGE','2012-02-07 22:19:13'),(51,'1102352900','1102352900','JORGE VARGAS','',694,'','','','',1,4,NULL,NULL,'0000-00-00','','','','','0000-00-00',0,'','0',0,0,'','','',0,'','',0,'','','','','','','',0,'','1102352900.jpg','','JORGE','2012-02-07 22:22:22'),(52,'1005035020','1005035020','DIEGO SANDOVAL','',694,'','','','',1,4,NULL,NULL,'0000-00-00','','','','','0000-00-00',0,'','0',0,0,'','','',0,'','',0,'','','','','','','',0,'','','','JORGE','2012-02-07 22:27:28'),(53,'27622152','27622152','NIRIYETH ROLON','',694,'','','','',1,4,NULL,NULL,'0000-00-00','','','','','0000-00-00',0,'','0',0,0,'','','',0,'','',0,'','','','','','','',0,'','','','JORGE','2012-02-07 22:35:43'),(54,'1090452637','1090452637','JUAN CAICEDO','',694,'','','','',1,4,NULL,NULL,'0000-00-00','','','','','0000-00-00',0,'','0',0,0,'','','',0,'','',0,'','','','','','','',0,'','','','JORGE','2012-02-07 22:39:33'),(55,'1090415513','1090415513','WILTON SIERRA','',694,'','','','',1,4,NULL,NULL,'0000-00-00','','','','','0000-00-00',0,'','0',0,0,'','','',0,'','',0,'','','','','','','',0,'','','','JORGE','2012-02-08 14:41:02'),(56,'1090387823','1090387823','ARMANDO VARGAS','',694,'','','','',1,4,NULL,NULL,'0000-00-00','','','','','0000-00-00',0,'','0',0,0,'','','',0,'','',0,'','','','','','','',0,'','','','JORGE','2012-02-08 14:48:25'),(57,'1093754671','1093754671','EDGAR VARGAS','',694,'','','','',1,4,NULL,NULL,'0000-00-00','','','','','0000-00-00',0,'','0',0,0,'','','',0,'','',0,'','','','','','','',0,'','','','JORGE','2012-02-08 14:52:49'),(58,'88243706','88243706','JORGE ACEVEDO','',694,'','','','',1,4,NULL,NULL,'0000-00-00','','','','','0000-00-00',0,'','0',0,0,'','','',0,'','',0,'','','','','','','',0,'','','','JORGE','2012-02-08 14:57:16'),(59,'1010','1010','YENNY PATRICIA CRISTANCHO','',694,'','','','',5,6,NULL,NULL,'0000-00-00','','','','','2012-02-08',0,'','0',0,0,'','','',1,'','',6,'','','','','','','',0,'','','','LISSETH','2012-02-08 15:25:33'),(60,'1212','1212','RAQUEL  RUEDA MANCIPE','',694,'','','','',5,6,NULL,NULL,'0000-00-00','','','','','2012-02-08',0,'','0',0,0,'','','',1,'','',4,'','','','','','','',0,'','','','LISSETH','2012-02-08 15:29:03'),(61,'LAB01','LAB01','LABORATORIO  RUIZ ','',694,'','','','',5,6,NULL,NULL,'0000-00-00','','','','','2012-02-08',0,'','0',0,0,'','','',1,'','',1,'','','','','','','',0,'','','','LISSETH','2012-02-08 15:29:48'),(62,'RAD01','RAD01','SOMEDIAG  LTDA ','',694,'','','','',5,6,NULL,NULL,'0000-00-00','','','','','2012-02-08',0,'','0',0,0,'','','',1,'','',2,'','','','','','','',0,'','','','LISSETH','2012-02-08 15:30:19'),(63,'RAD02','RAD02','CEMERAD  LTDA ','',694,'','','','',5,6,NULL,NULL,'0000-00-00','','','','','2012-02-08',0,'','0',0,0,'','','',1,'','',2,'','','','','','','',0,'','','','LISSETH','2012-02-08 15:30:46'),(64,'1414','1414','ALVARO  REYES VEGA','',694,'','','','',5,6,NULL,NULL,'0000-00-00','','','','','2012-02-08',0,'','0',0,0,'','','',1,'','',5,'','','','','','','',0,'','','','LISSETH','2012-02-08 15:33:05'),(65,'1616','1616','JOSE ALBERTO MONCADA HERNANDEZ','',694,'','','','',5,6,NULL,NULL,'0000-00-00','','','','','2012-02-08',0,'','0',0,0,'','','',1,'','',5,'','','','','','','',0,'','','','LISSETH','2012-02-08 15:33:42'),(66,'60369335','60369335','MAGALI LEAL','',694,'','','','',1,4,NULL,NULL,'0000-00-00','','','','','0000-00-00',0,'','0',0,0,'','','',0,'','',0,'','','','','','','',0,'','','','LISSETH','2012-02-08 20:07:03'),(67,'5431331','5431331','RAFAEL MENESES','',694,'','','','',1,4,NULL,NULL,'0000-00-00','','','','','0000-00-00',0,'','0',0,0,'','','',0,'','',0,'','','','','','','',0,'','','','LISSETH','2012-02-08 21:33:28'),(68,'1090410769','1090410769','CAROLINA GARCIA','',694,'','','','',1,4,NULL,NULL,'0000-00-00','','','','','0000-00-00',0,'','0',0,0,'','','',0,'','',0,'','','','','','','',0,'','','','LISSETH','2012-02-09 15:45:11'),(69,'1090384710','1090384710','ORLANDO ESTUPIÑAN','',694,'','','','',1,4,NULL,NULL,'0000-00-00','','','','','0000-00-00',0,'','0',0,0,'','','',0,'','',0,'','','','','','','',0,'','','','LISSETH','2012-02-09 21:26:57'),(70,'1093752631','1093752631','CESAR RIOS','',694,'','','','',1,4,NULL,NULL,'0000-00-00','','','','','0000-00-00',0,'','0',0,0,'','','',0,'','',0,'','','','','','','',0,'','','','LISSETH','2012-02-09 21:36:43'),(71,'1093749944','1093749944','ASTRID RIVERO','',694,'','','','',1,4,NULL,NULL,'0000-00-00','','','','','0000-00-00',0,'','0',0,0,'','','',0,'','',0,'','','','','','','',0,'','','','LISSETH','2012-02-09 21:50:22'),(72,'88208431','88208431','JUAN CARLOS VILLAMIZAR','',694,'','','','',1,4,NULL,NULL,'0000-00-00','','','','','0000-00-00',0,'','0',0,0,'','','',0,'','',0,'','','','','','','',0,'','','','JORGE','2012-02-10 13:06:10'),(73,'1090365229','1090365229','RICARDO FUENTES','',694,'','','','',1,4,NULL,NULL,'0000-00-00','','','','','0000-00-00',0,'','0',0,0,'','','',0,'','',0,'','','','','','','',0,'','','','LISSETH','2012-02-10 15:51:41'),(74,'79338048','79338048','GUSTAVO ALVAREZ','',694,'','','','',1,4,NULL,NULL,'0000-00-00','','','','','0000-00-00',0,'','0',0,0,'','','',0,'','',0,'','','','','','','',0,'','','','JORGE','2012-02-10 16:49:55'),(75,'60371685','60371685','JOHANA CARDENAS','',694,'','','','',1,4,NULL,NULL,'0000-00-00','','','','','0000-00-00',0,'','0',0,0,'','','',0,'','',0,'','','','','','','',0,'','','','LISSETH','2012-02-10 19:25:33'),(76,'27807037','27807037','MARTHA RODRIGUEZ','',694,'','','','',1,4,NULL,NULL,'0000-00-00','','','','','0000-00-00',0,'','0',0,0,'','','',0,'','',0,'','','','','','','',0,'','','','LISSETH','2012-02-10 19:37:13'),(77,'71366933','71366933','ALEXIS PEDROZA','',694,'','','','',1,4,NULL,NULL,'0000-00-00','','','','','0000-00-00',0,'','0',0,0,'','','',0,'','',0,'','','','','','','',0,'','','','LISSETH','2012-02-10 22:22:37'),(78,'900.324.126-5','900.324.126-5','DINGE LTDA','',694,'','','','',1,4,NULL,NULL,'0000-00-00','','','','','0000-00-00',0,'','0',0,0,'','','',0,'','',0,'','','','','','','',0,'','','','LISSETH','2012-02-10 22:52:55'),(79,'88233194','88233194','YHONY ORTEGA','',694,'','','','',1,4,NULL,NULL,'0000-00-00','','','','','0000-00-00',0,'','0',0,0,'','','',0,'','',0,'','','','','','','',0,'','','','JORGE','2012-02-11 13:30:09'),(80,'5490041','5490041','JOSE ANTONIO MONTAÑEZ','',694,'','','','',1,4,NULL,NULL,'0000-00-00','','','','','0000-00-00',0,'','0',0,0,'','','',0,'','',0,'','','','','','','',0,'','','','JORGE','2012-02-11 14:23:46'),(81,'27654678','27654678','NOEMY VILLAMIZAR','',694,'','','','',1,4,NULL,NULL,'0000-00-00','','','','','0000-00-00',0,'','0',0,0,'','','',0,'','',0,'','','','','','','',0,'','','','LISSETH','2012-02-13 14:26:03'),(82,'1093740880','1093740880','JAIRO ALEXANDER MORA','',694,'','','','',1,4,NULL,NULL,'0000-00-00','','','','','0000-00-00',0,'','0',0,0,'','','',0,'','',0,'','','','','','','',0,'','','','JORGE','2012-02-13 16:38:37'),(83,'1051738300','1051738300','MARIELA VIDES','',694,'','','','',1,4,NULL,NULL,'0000-00-00','','','','','0000-00-00',0,'','0',0,0,'','','',0,'','',0,'','','','','','','',0,'','','','LISSETH','2012-02-13 21:04:27'),(84,'1100812515','1100812515','ISRAEL QUINTERO','',694,'','','','',1,4,NULL,NULL,'0000-00-00','','','','','0000-00-00',0,'','0',0,0,'','','',0,'','',0,'','','','','','','',0,'','','','JORGE','2012-02-14 12:32:41'),(85,'1093749779','1093749779','LUIS ALBERTO  CAMARGO CONTRERAS','',694,'','','','',1,4,NULL,NULL,'0000-00-00','','','','','0000-00-00',0,'','0',0,0,'','','',0,'','',0,'','','','','','','',0,'','','','JORGE','2012-02-14 14:05:17'),(86,'37395983','37395983','XIMENA LIZARAZO','',694,'','','','',1,4,NULL,NULL,'0000-00-00','','','','','0000-00-00',0,'','0',0,0,'','','',0,'','',0,'','','','','','','',0,'','','','LISSETH','2012-02-14 15:18:37'),(87,'1100949522','1100949522','LUIS GONZALEZ','',694,'','','','',1,4,NULL,NULL,'0000-00-00','','','','','0000-00-00',0,'','0',0,0,'','','',0,'','',0,'','','','','','','',0,'','','','LISSETH','2012-02-14 15:47:38'),(88,'88274241','88274241','JOSE CONCEPCION DIAZ SANDOVAL','',694,'','','','',1,4,NULL,NULL,'0000-00-00','','','','','0000-00-00',0,'','0',0,0,'','','',0,'','',0,'','','','','','','',0,'','','','JORGE','2012-02-14 17:09:56'),(89,'1098653336','1098653336','MONICA GOMEZ','',694,'','','','',1,4,NULL,NULL,'0000-00-00','','','','','0000-00-00',0,'','0',0,0,'','','',0,'','',0,'','','','','','','',0,'','','','LISSETH','2012-02-14 19:40:14'),(90,'94010410635','94010410635','MARCELA VILLAMIZAR','',694,'','','','',1,4,NULL,NULL,'0000-00-00','','','','','0000-00-00',0,'','0',0,0,'','','',0,'','',0,'','','','','','','',0,'','','','LISSETH','2012-02-14 21:48:24'),(91,'1090423880','1090423880','ARMANDO CAMARGO','',694,'','','','',1,4,NULL,NULL,'0000-00-00','','','','','0000-00-00',0,'','0',0,0,'','','',0,'','',0,'','','','','','','',0,'','','','JORGE','2012-02-15 12:35:35'),(92,'1093738070','1093738070','HEINER CASTRO','',694,'','','','',1,4,NULL,NULL,'0000-00-00','','','','','0000-00-00',0,'','0',0,0,'','','',0,'','',0,'','','','','','','',0,'','','','LISSETH','2012-02-15 15:29:45'),(93,'1093735975','1093735975','RODULFO PORTILLA FLOREZ','',694,'','','','',1,4,NULL,NULL,'0000-00-00','','','','','0000-00-00',0,'','0',0,0,'','','',0,'','',0,'','','','','','','',0,'','','','JORGE','2012-02-15 17:49:19'),(94,'1090464893','1090464893','DIEGO SUAREZ','',694,'','','','',1,4,NULL,NULL,'0000-00-00','','','','','0000-00-00',0,'','0',0,0,'','','',0,'','',0,'','','','','','','',0,'','','','LISSETH','2012-02-15 19:43:27'),(95,'1090407586','1090407586','LUIS ACUÑA','',694,'','','','',1,4,NULL,NULL,'0000-00-00','','','','','0000-00-00',0,'','0',0,0,'','','',0,'','',0,'','','','','','','',0,'','','','LISSETH','2012-02-15 19:47:29'),(96,'91107896','91107896','LEUDIEN CARRASCAL','',694,'','','','',1,4,NULL,NULL,'0000-00-00','','','','','0000-00-00',0,'','0',0,0,'','','',0,'','',0,'','','','','','','',0,'','','','LISSETH','2012-02-15 21:26:08'),(97,'1093766734','1093766734','YERSON VARGAS','',694,'','','','',1,4,NULL,NULL,'0000-00-00','','','','','0000-00-00',0,'','0',0,0,'','','',0,'','',0,'','','','','','','',0,'','','','LISSETH','2012-02-15 21:35:27'),(98,'1092353767','1092353767','LEONEL ANTONIO RAMIREZ RAMIREZ','',694,'','','','',1,4,NULL,NULL,'0000-00-00','','','','','0000-00-00',0,'','0',0,0,'','','',0,'','',0,'','','','','','','',0,'','','','JORGE','2012-02-16 12:40:07'),(99,'88247287','88247287','DAVID RODRIGUEZ','',694,'','','','',1,4,NULL,NULL,'0000-00-00','','','','','0000-00-00',0,'','0',0,0,'','','',0,'','',0,'','','','','','','',0,'','','','LISSETH','2012-02-16 20:33:44'),(100,'88216819','88216819','WILLIAM  MARTIN RAMIREZ HERNANDEZ','',694,'','','','',1,4,NULL,NULL,'0000-00-00','','','','','0000-00-00',0,'','0',0,0,'','','',0,'','',0,'','','','','','','',0,'','','','JORGE','2012-02-17 12:09:49'),(101,'88213555','88213555','JHON JAIRO HERNANDEZ RAMIREZ','',694,'','','','',1,4,NULL,NULL,'0000-00-00','','','','','0000-00-00',0,'','0',0,0,'','','',0,'','',0,'','','','','','','',0,'','','','JORGE','2012-02-17 12:15:31'),(102,'1090411517','1090411517','MANUEL ANTONIO NIÑO RAMIREZ','',694,'','','','',1,4,NULL,NULL,'0000-00-00','','','','','0000-00-00',0,'','0',0,0,'','','',0,'','',0,'','','','','','','',0,'','','','JORGE','2012-02-17 12:19:15'),(103,'1090444391','1090444391','MONICA JAIMES','',694,'','','','',1,4,NULL,NULL,'0000-00-00','','','','','0000-00-00',0,'','0',0,0,'','','',0,'','',0,'','','','','','','',0,'','','','JORGE','2012-02-17 12:40:45'),(104,'88238185','88238185','VICTOR RUBIO','',694,'','','','',1,4,NULL,NULL,'0000-00-00','','','','','0000-00-00',0,'','0',0,0,'','','',0,'','',0,'','','','','','','',0,'','','','LISSETH','2012-02-17 16:09:32'),(105,'13279974','13279974','CESAR SOLANO','',694,'','','','',1,4,NULL,NULL,'0000-00-00','','','','','0000-00-00',0,'','0',0,0,'','','',0,'','',0,'','','','','','','',0,'','','','LISSETH','2012-02-17 20:17:31'),(106,'70696602','70696602','JOSE NAVARRO','',694,'','','','',1,4,NULL,NULL,'0000-00-00','','','','','0000-00-00',0,'','0',0,0,'','','',0,'','',0,'','','','','','','',0,'','','','JORGE','2012-02-18 14:12:12'),(107,'1129572540','1129572540','YON MONTERREY','',694,'','','','',1,4,NULL,NULL,'0000-00-00','','','','','0000-00-00',0,'','0',0,0,'','','',0,'','',0,'','','','','','','',0,'','','','JORGE','2012-02-21 16:54:14'),(108,'1090405699','1090405699','RAMON PABON','',694,'','','','',1,4,NULL,NULL,'0000-00-00','','','','','0000-00-00',0,'','0',0,0,'','','',0,'','',0,'','','','','','','',0,'','','','JORGE','2012-02-21 17:02:48'),(109,'28205781','28205781','LEIDY  AGUILAR','',694,'','','','',1,4,NULL,NULL,'0000-00-00','','','','','0000-00-00',0,'','0',0,0,'','','',0,'','',0,'','','','','','','',0,'','','','JORGE','2012-02-21 22:01:10'),(110,'1098088458','1098088458','MONICA MALDONADO','',694,'','','','',1,4,NULL,NULL,'0000-00-00','','','','','0000-00-00',0,'','0',0,0,'','','',0,'','',0,'','','','','','','',0,'','','','JORGE','2012-02-21 22:03:04'),(111,'37293379','37293379','YESSICA PAOLA  DUQUE','',694,'','','','',1,4,NULL,NULL,'0000-00-00','','','','','0000-00-00',0,'','0',0,0,'','','',0,'','',0,'','','','','','','',0,'','','','JORGE','2012-02-22 14:40:46'),(112,'13245534','13245534','JOSE MENDOZA','',694,'','','','',1,4,NULL,NULL,'0000-00-00','','','','','0000-00-00',0,'','0',0,0,'','','',0,'','',0,'','','','','','','',0,'','','','JORGE','2012-02-22 20:02:34'),(113,'1093884534','1093884534','ELIANA LEAL','',694,'','','','',1,4,NULL,NULL,'0000-00-00','','','','','0000-00-00',0,'','0',0,0,'','','',0,'','',0,'','','','','','','',0,'','','','JORGE','2012-02-23 13:28:49'),(114,'1102355573','1102355573','MAIRA GALEANO','',694,'','','','',1,4,NULL,NULL,'0000-00-00','','','','','0000-00-00',0,'','0',0,0,'','','',0,'','',0,'','','','','','','',0,'','','','JORGE','2012-02-23 13:31:45'),(115,'860.009.985-0','860.009.985-0','COLEGIO LA SALLE','AV. 2E #  6-80',694,'5750118','','','',1,5,NULL,NULL,'0000-00-00','','','','','0000-00-00',0,'','0',0,0,'','','',0,'','',0,'','','','','','','',0,'','','','JORGE','2012-02-23 17:26:32'),(116,'88305812','88305812','JOSE GRANADOS','',694,'','','','',1,4,NULL,NULL,'0000-00-00','','','','','0000-00-00',0,'','0',0,0,'','','',0,'','',0,'','','','','','','',0,'','','','JORGE','2012-02-24 12:19:04'),(117,'1093751029','1093751029','VICTOR BERNAL','',694,'','','','',1,4,NULL,NULL,'0000-00-00','','','','','0000-00-00',0,'','0',0,0,'','','',0,'','',0,'','','','','','','',0,'','','','JORGE','2012-02-24 13:39:09'),(118,'91535585','91535585','JORGE NIÑO','',694,'','','','',1,4,NULL,NULL,'0000-00-00','','','','','0000-00-00',0,'','0',0,0,'','','',0,'','',0,'','','','','','','',0,'','','','JORGE','2012-02-24 13:55:10'),(119,'1090433882','1090433882','PEDRO MORENO','',694,'','','','',1,4,NULL,NULL,'0000-00-00','','','','','0000-00-00',0,'','0',0,0,'','','',0,'','',0,'','','','','','','',0,'','','','JORGE','2012-02-24 14:05:53'),(120,'890.501.734-7','890.501.734-7','J.J PITA & CIA   S.A','DIRECCION: AV 6 Nª  10-54',694,'5754777-EXT 205','','','',5,5,NULL,NULL,'0000-00-00','','','','','0000-00-00',0,'','0',0,0,'','','',1,'','',0,'','','','','','','',0,'','','','JORGE','2012-02-27 20:06:42'),(121,'37272927','37272927','DIANA ORTEGA','',694,'','','','',1,4,NULL,NULL,'0000-00-00','','','','','0000-00-00',0,'','0',0,0,'','','',0,'','',0,'','','','','','','',0,'','','','JORGE','2012-02-24 20:17:34'),(122,'37393487','37393487','ERIKA RODRIGUEZ','',694,'','','','',1,4,NULL,NULL,'0000-00-00','','','','','0000-00-00',0,'','0',0,0,'','','',0,'','',0,'','','','','','','',0,'','','','JORGE','2012-02-24 21:44:05'),(123,'1092340446','1092340446','WILLIAM RAMIREZ','',694,'','','','',1,4,NULL,NULL,'0000-00-00','','','','','0000-00-00',0,'','0',0,0,'','','',0,'','',0,'','','','','','','',0,'','','','JORGE','2012-02-25 14:02:21'),(124,'1093737785','1093737785','CARLOS PARADA','',694,'','','','',1,4,NULL,NULL,'0000-00-00','','','','','0000-00-00',0,'','0',0,0,'','','',0,'','',0,'','','','','','','',0,'','','','JORGE','2012-02-27 12:18:51'),(125,'1094267131','1094267131','ROBINSON ECHEVERRY','',694,'','','','',1,4,NULL,NULL,'0000-00-00','','','','','0000-00-00',0,'','0',0,0,'','','',0,'','',0,'','','','','','','',0,'','','','JORGE','2012-02-27 13:03:20'),(126,'6663333','6663333','WILMAN MEZA','',694,'','','','',1,4,NULL,NULL,'0000-00-00','','','','','0000-00-00',0,'','0',0,0,'','','',0,'','',0,'','','','','','','',0,'','','','JORGE','2012-02-27 13:49:23'),(127,'1094266778','1094266778','JUAN CARLOS SANDOVAL','',694,'','','','',1,4,NULL,NULL,'0000-00-00','','','','','0000-00-00',0,'','0',0,0,'','','',0,'','',0,'','','','','','','',0,'','','','JORGE','2012-02-27 14:17:43'),(128,'60376491','60376491','SANDRA PATRICIA SEPULVEDA','',694,'','','','',1,4,NULL,NULL,'0000-00-00','','','','','0000-00-00',0,'','0',0,0,'','','',0,'','',0,'','','','','','','',0,'','','','JORGE','2012-02-28 12:55:19'),(129,'1090368012','1090368012','JOSE EDUARDO ANTOLINEZ','',694,'','','','',1,4,NULL,NULL,'0000-00-00','','','','','0000-00-00',0,'','0',0,0,'','','',0,'','',0,'','','','','','','',0,'','','','JORGE','2012-02-28 14:57:27'),(130,'1093768506','1093768506','DANIELA MOLINA','',694,'','','','',1,4,NULL,NULL,'0000-00-00','','','','','0000-00-00',0,'','0',0,0,'','','',0,'','',0,'','','','','','','',0,'','','','JORGE','2012-02-28 15:59:12'),(131,'900.261.526-6','900.261.526-6','DUAL STAR COMUNICACIONES','DIRECCION: AV. 0 · 8-53',694,'5940645','','','',5,5,NULL,NULL,'0000-00-00','','','','','0000-00-00',0,'','0',0,0,'','','',1,'','',0,'','','','','','','',0,'','','','JORGE','2012-05-03 21:44:12'),(132,'900.199.826-6','900.199.826-6','INVERSIONES NUEVO HORIENTE LTDA','',694,'','','','',5,5,NULL,NULL,'0000-00-00','','','','','0000-00-00',0,'','0',0,0,'','','',1,'','',0,'','','','','','','',0,'','','','JORGE','2012-02-28 21:57:50'),(133,'890.500.084-3','890.500.084-3','CORTES GAMBOA S.A','',694,'','','','',1,5,NULL,NULL,'0000-00-00','','','','','0000-00-00',0,'','0',0,0,'','','',0,'','',0,'','','','','','','',0,'','','','JORGE','2012-02-28 22:51:15'),(134,'1004802844','1004802844','FABIAN FRANCO','',694,'','','','',1,4,NULL,NULL,'0000-00-00','','','','','0000-00-00',0,'','0',0,0,'','','',0,'','',0,'','','','','','','',0,'','','','JORGE','2012-02-29 12:22:00'),(135,'88237522','88237522','JOSE MANUEL URIBE GOMEZ','',694,'','','','',1,4,NULL,NULL,'0000-00-00','','','','','0000-00-00',0,'','0',0,0,'','','',0,'','',0,'','','','','','','',0,'','','','JORGE','2012-02-29 12:41:05'),(136,'43926371','43926371','LINA BEDOYA','',694,'','','','',1,4,NULL,NULL,'0000-00-00','','','','','0000-00-00',0,'','0',0,0,'','','',0,'','',0,'','','','','','','',0,'','','','LISSETH','2012-02-29 20:52:04'),(137,'13271142','13271142','ELISEO ORDOÑEZ','',694,'','','','',1,4,NULL,NULL,'0000-00-00','','','','','0000-00-00',0,'','0',0,0,'','','',0,'','',0,'','','','','','','',0,'','','','LISSETH','2012-02-29 21:59:45'),(138,'800.176.890-6','800.176.890-6','CLINICA MEDICO QUIRURGICA S.A','',694,'5714171','','','',1,5,NULL,NULL,'0000-00-00','','','','','0000-00-00',0,'','0',0,0,'','','',1,'','',0,'','','','','','','',0,'','','','JORGE','2012-03-01 15:49:45'),(139,'1094575309','1094575309','ROSA  ALEJANDRA ALVAREZ','',694,'','','','',1,4,NULL,NULL,'0000-00-00','','','','','0000-00-00',0,'','0',0,0,'','','',0,'','',0,'','','','','','','',0,'','','','JORGE','2012-03-05 20:33:53'),(140,'13444256','13444256','WILLIAM ENRIQUE JAIMES','',694,'','','','',1,4,NULL,NULL,'0000-00-00','','','','','0000-00-00',0,'','0',0,0,'','','',0,'','',0,'','','','','','','',0,'','','','JORGE','2012-03-05 20:37:17'),(141,'1090369218','1090369218','GABRIELA SIERRA','',694,'','','','',1,4,NULL,NULL,'0000-00-00','','','','','0000-00-00',0,'','0',0,0,'','','',0,'','',0,'','','','','','','',0,'','','','JORGE','2012-03-05 20:53:59'),(142,'1093749638','1093749638','MARCOS VILLAMIZAR',' ',694,'','','','',1,4,NULL,NULL,'0000-00-00','','','','','0000-00-00',0,'','0',0,0,'','','',0,'','',0,'','','','','','','',0,'','','','JORGE','2012-03-05 21:00:11'),(143,'13506969','13506969','CARLOS DUEÑEZ','',694,'','','','',1,4,NULL,NULL,'0000-00-00','','','','','0000-00-00',0,'','0',0,0,'','','',0,'','',0,'','','','','','','',0,'','','','LISSETH','2012-03-05 21:17:53'),(144,'1093759048','1093759048','FRANK CONTRERAS','',694,'','','','',1,4,NULL,NULL,'0000-00-00','','','','','0000-00-00',0,'','0',0,0,'','','',0,'','',0,'','','','','','','',0,'','','','LISSETH','2012-03-05 21:28:03'),(145,'37546886','37546886','SANDRA ANGARITA','',694,'','','','',1,4,NULL,NULL,'0000-00-00','','','','','0000-00-00',0,'','0',0,0,'','','',0,'','',0,'','','','','','','',0,'','','','LISSETH','2012-03-05 21:43:37'),(146,'88217818','88217818','OSCAR PEÑUELA','',694,'','','','',1,4,NULL,NULL,'0000-00-00','','','','','0000-00-00',0,'','0',0,0,'','','',0,'','',0,'','','','','','','',0,'','','','LISSETH','2012-03-05 21:46:33'),(147,'88186788','88186788','LEONARDO NIÑO','',694,'','','','',1,4,NULL,NULL,'0000-00-00','','','','','0000-00-00',0,'','0',0,0,'','','',0,'','',0,'','','','','','','',0,'','','','LISSETH','2012-03-05 21:53:35'),(148,'1019010951','1019010951','ANDRES RAMIREZ','',694,'','','','',1,4,NULL,NULL,'0000-00-00','','','','','0000-00-00',0,'','0',0,0,'','','',0,'','',0,'','','','','','','',0,'','','','LISSETH','2012-03-05 22:34:25'),(149,'88265398','88265398','LIBARDO PABON','',694,'','','','',1,4,NULL,NULL,'0000-00-00','','','','','0000-00-00',0,'','0',0,0,'','','',0,'','',0,'','','','','','','',0,'','','','LISSETH','2012-03-05 22:38:21'),(150,'13477247','13477247','SAMUEL DARIO BALLESTEROS','',694,'','','','',1,4,NULL,NULL,'0000-00-00','','','','','0000-00-00',0,'','0',0,0,'','','',0,'','',0,'','','','','','','',0,'','','','JORGE','2012-03-06 12:20:04'),(151,'88175906','88175906','RIGO ARMANDO ROQUEME GONZALES','',694,'','','','',1,4,NULL,NULL,'0000-00-00','','','','','0000-00-00',0,'','0',0,0,'','','',0,'','',0,'','','','','','','',0,'','','','JORGE','2012-03-06 13:19:37'),(152,'1093749016','1093749016','DIEGO AREVALO','',694,'','','','',1,4,NULL,NULL,'0000-00-00','','','','','0000-00-00',0,'','0',0,0,'','','',0,'','',0,'','','','','','','',0,'','','','LISSETH','2012-03-06 14:30:12'),(153,'1090405260','1090405260','JAIME TRILLOS','',694,'','','','',1,4,NULL,NULL,'0000-00-00','','','','','0000-00-00',0,'','0',0,0,'','','',0,'','',0,'','','','','','','',0,'','','','LISSETH','2012-03-06 21:27:52'),(154,'1090463062','1090463062','JHON NAVARRO','',694,'','','','',1,4,NULL,NULL,'0000-00-00','','','','','0000-00-00',0,'','0',0,0,'','','',0,'','',0,'','','','','','','',0,'','','','JORGE','2012-03-07 12:16:41'),(155,'1093757223','1093757223','CESAR CAMPO','',694,'','','','',1,4,NULL,NULL,'0000-00-00','','','','','0000-00-00',0,'','0',0,0,'','','',0,'','',0,'','','','','','','',0,'','','','JORGE','2012-03-07 12:21:53'),(156,'1102721196','1102721196','ROMARIO RODRIGUEZ','',694,'','','','',1,4,NULL,NULL,'0000-00-00','','','','','0000-00-00',0,'','0',0,0,'','','',0,'','',0,'','','','','','','',0,'','','','JORGE','2012-03-07 12:31:07'),(157,'88034996','88034996','LUIS RIVERO','',694,'','','','',1,4,NULL,NULL,'0000-00-00','','','','','0000-00-00',0,'','0',0,0,'','','',0,'','',0,'','','','','','','',0,'','','','JORGE','2012-03-07 12:34:11'),(158,'1093755480','1093755480','LUIS MORA','',694,'','','','',1,4,NULL,NULL,'0000-00-00','','','','','0000-00-00',0,'','0',0,0,'','','',0,'','',0,'','','','','','','',0,'','','','JORGE','2012-03-07 12:39:09'),(159,'1093758988','1093758988','JAVIER GOMEZ','',694,'','','','',1,4,NULL,NULL,'0000-00-00','','','','','0000-00-00',0,'','0',0,0,'','','',0,'','',0,'','','','','','','',0,'','','','JORGE','2012-03-07 12:46:55'),(160,'88269623','88269623','JOHAN MEDINA','',694,'','','','',1,4,NULL,NULL,'0000-00-00','','','','','0000-00-00',0,'','0',0,0,'','','',0,'','',0,'','','','','','','',0,'','','','JORGE','2012-03-07 12:50:42'),(161,'88312831','88312831','JOSE NELSON LEAL BASTOS','',694,'','','','',1,4,NULL,NULL,'0000-00-00','','','','','0000-00-00',0,'','0',0,0,'','','',0,'','',0,'','','','','','','',0,'','','','JORGE','2012-03-07 13:21:50'),(162,'88150594','88150594','JOSE PEREZ TORRES','',694,'','','','',1,4,NULL,NULL,'0000-00-00','','','','','0000-00-00',0,'','0',0,0,'','','',0,'','',0,'','','','','','','',0,'','','','LISSETH','2012-03-07 18:57:29'),(163,'88344471','88344471','HERMENCIAN DAZA','',694,'','','','',1,4,NULL,NULL,'0000-00-00','','','','','0000-00-00',0,'','0',0,0,'','','',0,'','',0,'','','','','','','',0,'','','','LISSETH','2012-03-07 22:24:41'),(164,'1004824088','1004824088','JHON JAIRO GOMEZ','',694,'','','','',1,4,NULL,NULL,'0000-00-00','','','','','0000-00-00',0,'','0',0,0,'','','',0,'','',0,'','','','','','','',0,'','','','JORGE','2012-03-08 12:10:07'),(165,'1090424460','1090424460','JHON JAIRO VERGEL','',694,'','','','',1,4,NULL,NULL,'0000-00-00','','','','','0000-00-00',0,'','0',0,0,'','','',0,'','',0,'','','','','','','',0,'','','','JORGE','2012-03-08 12:14:39'),(166,'6664173','6664173','WILLIAM PEREZ','',694,'','','','',1,4,NULL,NULL,'0000-00-00','','','','','0000-00-00',0,'','0',0,0,'','','',0,'','',0,'','','','','','','',0,'','','','JORGE','2012-03-08 13:19:51'),(167,'13438748','13438748','LEON NIÑO','',694,'','','','',1,4,NULL,NULL,'0000-00-00','','','','','0000-00-00',0,'','0',0,0,'','','',0,'','',0,'','','','','','','',0,'','','','JORGE','2012-03-09 12:14:55'),(168,'88288757','88288757','JAIRO SUAREZ','',694,'','','','',1,4,NULL,NULL,'0000-00-00','','','','','0000-00-00',0,'','0',0,0,'','','',0,'','',0,'','','','','','','',0,'','','','JORGE','2012-03-09 12:16:54'),(169,'37392374','37392374','ERIKA RANGEL','',694,'','','','',1,4,NULL,NULL,'0000-00-00','','','','','0000-00-00',0,'','0',0,0,'','','',0,'','',0,'','','','','','','',0,'','','','LISSETH','2012-03-12 19:20:14'),(170,'1004826022','1004826022','ALBEIRO SERRANO','',694,'','','','',1,4,NULL,NULL,'0000-00-00','','','','','0000-00-00',0,'','0',0,0,'','','',0,'','',0,'','','','','','','',0,'','','','LISSETH','2012-03-12 21:25:31'),(171,'13277293','13277293','VICTOR CASTRO','',694,'','','','',1,4,NULL,NULL,'0000-00-00','','','','','0000-00-00',0,'','0',0,0,'','','',0,'','',0,'','','','','','','',0,'','','','LISSETH','2012-03-12 21:29:32'),(172,'60449326','60449326','NUBIA GELVES','',694,'','','','',1,4,NULL,NULL,'0000-00-00','','','','','0000-00-00',0,'','0',0,0,'','','',0,'','',0,'','','','','','','',0,'','','','LISSETH','2012-03-12 21:32:13'),(173,'900.299.710-1','900.299.710-1','INV.  LA FRONTERA DEL NORTE S.A.S','CLL 5# 8-31 BARRIO GRAMALOTE-V. ROSARIO',694,'','','','',1,4,NULL,NULL,'0000-00-00','','','','','0000-00-00',0,'F','0',0,0,'','','',0,'','',0,'','','','','','','',0,'','900.299.710-1.jpg','','JORGE','2012-05-10 20:41:53'),(174,'1090377314','1090377314','ANDREA MARIANA GARCIA LOPEZ','CALLE 18 # 1-77 APTO 304',694,'5789632','3152369874','saidrodriguez@gmail.com','',1,4,NULL,NULL,'0000-00-00','ANDREA','MARIANA','GARCIA','LOPEZ','2000-10-10',11,'F','05',5,10,'','','',0,'','',0,'','','','','','','',0,'','','','LISSETH','2012-05-19 14:47:34'),(175,'88253974','88253974','EDUARDO OSORIO','',694,'','','','',1,4,NULL,NULL,'0000-00-00','','','','','0000-00-00',0,'','0',0,0,'','','',0,'','',0,'','','','','','','',0,'','','','LISSETH','2012-03-13 20:45:13'),(176,'950425-14480','950425-14480','KENNY PETERSON','',694,'','','','',1,4,NULL,NULL,'0000-00-00','','','','','0000-00-00',0,'','0',0,0,'','','',0,'','',0,'','','','','','','',0,'','','','LISSETH','2012-03-13 22:03:33'),(177,'1090473730','1090473730','DIEGO MEDINA','',694,'','','','',1,4,NULL,NULL,'0000-00-00','','','','','0000-00-00',0,'','0',0,0,'','','',0,'','',0,'','','','','','','',0,'','','','JORGE','2012-03-14 12:08:36'),(178,'1092346142','1092346142','JOHANA MARCELA MISSE SANCHEZ','',694,'','','','',1,4,NULL,NULL,'0000-00-00','','','','','0000-00-00',0,'','0',0,0,'','','',0,'','',0,'','','','','','','',0,'','','','JORGE','2012-03-14 12:56:17'),(179,'1090385924','1090385924','JHONATAN ORTIZ','',694,'','','','',1,4,NULL,NULL,'0000-00-00','','','','','0000-00-00',0,'','0',0,0,'','','',0,'','',0,'','','','','','','',0,'','','','JORGE','2012-03-14 13:06:26'),(180,'1007011371','1007011371','FRANK CORREA','',694,'','','','',1,4,NULL,NULL,'0000-00-00','','','','','0000-00-00',0,'','0',0,0,'','','',0,'','',0,'','','','','','','',0,'','','','JORGE','2012-03-14 13:13:40'),(181,'1090387549','1090387549','JHOAN ESPINEL ','',694,'','','','',1,4,NULL,NULL,'0000-00-00','','','','','0000-00-00',0,'','0',0,0,'','','',0,'','',0,'','','','','','','',0,'','','','JORGE','2012-03-14 13:21:33'),(182,'6662957','6662957','PEDRO MIGUEL FLOREZ CAMARGO','',694,'','','','',1,4,NULL,NULL,'0000-00-00','','','','','0000-00-00',0,'','0',0,0,'','','',0,'','',0,'','','','','','','',0,'','','','JORGE','2012-03-14 13:29:57'),(183,'1090432141','1090432141','DIEGO CARDENAS','',694,'','','','',1,4,NULL,NULL,'0000-00-00','','','','','0000-00-00',0,'','0',0,0,'','','',0,'','',0,'','','','','','','',0,'','','','JORGE','2012-03-14 13:35:42'),(184,'88268870','88268870','JAVIER VELEZ','',694,'','','','',1,4,NULL,NULL,'0000-00-00','','','','','0000-00-00',0,'','0',0,0,'','','',0,'','',0,'','','','','','','',0,'','','','JORGE','2012-03-14 13:40:31'),(185,'1090435737','1090435737','YURLEY SANDOVAL','',694,'','','','',1,4,NULL,NULL,'0000-00-00','','','','','0000-00-00',0,'','0',0,0,'','','',0,'','',0,'','','','','','','',0,'','','','JORGE','2012-03-14 13:56:12'),(186,'1093754876','1093754876','DAIRON DURAN','',694,'','','','',1,4,NULL,NULL,'0000-00-00','','','','','0000-00-00',0,'','0',0,0,'','','',0,'','',0,'','','','','','','',0,'','','','LISSETH','2012-03-14 14:55:07'),(187,'1090378375','1090378375','CARLOS CRISTANCHO','',694,'','','','',1,4,NULL,NULL,'0000-00-00','','','','','0000-00-00',0,'','0',0,0,'','','',0,'','',0,'','','','','','','',0,'','','','JORGE','2012-03-15 12:11:52'),(188,'1093758103','1093758103','JONATHAN PORTILLA','',694,'','','','',1,4,NULL,NULL,'0000-00-00','','','','','0000-00-00',0,'','0',0,0,'','','',0,'','',0,'','','','','','','',0,'','','','JORGE','2012-03-15 12:14:22'),(189,'91527008','91527008','MIGUEL LEANDRO DIAZ SANCHEZ','',694,'','','','',1,4,NULL,NULL,'0000-00-00','','','','','0000-00-00',0,'','0',0,0,'','','',0,'','',0,'','','','','','','',0,'','','','JORGE','2012-03-15 12:24:10'),(190,'88258457','88258457','WILSON ARLEY SOTO PEREZ','',694,'','','','',1,4,NULL,NULL,'0000-00-00','','','','','0000-00-00',0,'','0',0,0,'','','',0,'','',0,'','','','','','','',0,'','','','JORGE','2012-03-15 12:33:12'),(191,'60279378','60279378','BLANCA CONTRERAS','',694,'','','','',1,4,NULL,NULL,'0000-00-00','','','','','0000-00-00',0,'','0',0,0,'','','',0,'','',0,'','','','','','','',0,'','','','JORGE','2012-03-15 16:49:47'),(192,'88257991','88257991','JESUS GREGORIO JIMENEZ','',694,'','','','',1,4,NULL,NULL,'0000-00-00','','','','','0000-00-00',0,'','0',0,0,'','','',0,'','',0,'','','','','','','',0,'','','','JORGE','2012-03-16 13:09:52'),(193,'13278490','13278490','EDER JIMENEZ','',694,'','','','',1,4,NULL,NULL,'0000-00-00','','','','','0000-00-00',0,'','0',0,0,'','','',0,'','',0,'','','','','','','',0,'','','','JORGE','2012-03-16 13:14:40'),(194,'88267645','88267645','RUBEN JIMENEZ','',694,'','','','',1,4,NULL,NULL,'0000-00-00','','','','','0000-00-00',0,'','0',0,0,'','','',0,'','',0,'','','','','','','',0,'','','','JORGE','2012-03-16 13:17:19'),(195,'1090395165','1090395165','GABRIEL CACERES','',694,'','','','',1,4,NULL,NULL,'0000-00-00','','','','','0000-00-00',0,'','0',0,0,'','','',0,'','',0,'','','','','','','',0,'','','','JORGE','2012-03-16 13:31:22'),(196,'1093747706','1093747706','ALEXIS  FABIAN ACOSTA','',694,'','','','',1,4,NULL,NULL,'0000-00-00','','','','','0000-00-00',0,'','0',0,0,'','','',0,'','',0,'','','','','','','',0,'','','','JORGE','2012-03-16 13:41:22'),(197,'1093771064','1093771064','JESUS ONTIVEROS','',694,'','','','',1,4,NULL,NULL,'0000-00-00','','','','','0000-00-00',0,'','0',0,0,'','','',0,'','',0,'','','','','','','',0,'','','','LISSETH','2012-03-16 19:27:34'),(198,'88311182','88311182','GERSON JAVIER CORZO','',694,'','','','',1,4,NULL,NULL,'0000-00-00','','','','','0000-00-00',0,'','0',0,0,'','','',0,'','',0,'','','','','','','',0,'','','','JORGE','2012-03-17 12:17:28'),(199,'60366060','60366060','IRMA CECILIA NIÑO','',694,'','','','',1,4,NULL,NULL,'0000-00-00','','','','','0000-00-00',0,'','0',0,0,'','','',0,'','',0,'','','','','','','',0,'','','','JORGE','2012-03-17 13:42:04'),(200,'60379502','60379502','CLAUDIA OJEDA','',694,'','','','',1,4,NULL,NULL,'0000-00-00','','','','','0000-00-00',0,'','0',0,0,'','','',0,'','',0,'','','','','','','',0,'','','','LISSETH','2012-03-20 21:04:39'),(201,'88236791','88236791','ALEJANDRO PRIETO','',694,'','','','',1,4,NULL,NULL,'0000-00-00','','','','','0000-00-00',0,'','0',0,0,'','','',0,'','',0,'','','','','','','',0,'','','','LISSETH','2012-03-20 22:21:15'),(202,'60394853','60394853','EDNA AREVALO','',694,'','','','',1,4,NULL,NULL,'0000-00-00','','','','','0000-00-00',0,'','0',0,0,'','','',0,'','',0,'','','','','','','',0,'','','','LISSETH','2012-03-21 16:00:27'),(203,'8220435','8220435','HELBERTH ESTEBAN','',694,'','','','',1,4,NULL,NULL,'0000-00-00','','','','','0000-00-00',0,'','0',0,0,'','','',0,'','',0,'','','','','','','',0,'','','','LISSETH','2012-03-21 22:21:00'),(204,'88220435','88220435','HELBERTH ESTEBAN','',694,'','','','',1,4,NULL,NULL,'0000-00-00','','','','','0000-00-00',0,'','0',0,0,'','','',0,'','',0,'','','','','','','',0,'','','','LISSETH','2012-03-21 22:21:55'),(205,'1090461063','1090461063','YIVER JAHN CARLOS ORTEGA ESPINOSA','',694,'','','','',1,4,NULL,NULL,'0000-00-00','','','','','0000-00-00',0,'','0',0,0,'','','',0,'','',0,'','','','','','','',0,'','','','JORGE','2012-03-22 12:39:37'),(206,'79778159','79778159','FRANCISCO NAVARRO','',694,'','','','',1,4,NULL,NULL,'0000-00-00','','','','','0000-00-00',0,'','0',0,0,'','','',0,'','',0,'','','','','','','',0,'','','','LISSETH','2012-03-26 14:21:25'),(207,'830.003.733-5','830.003.733-5','REDES Y EDIFICACIONES','',694,'','','','',1,5,NULL,NULL,'0000-00-00','','','','','0000-00-00',0,'','0',0,0,'','','',0,'','',0,'','','','','','','',0,'','','','JORGE','2012-03-27 22:14:43'),(208,'1093757510','1093757510','JESUS DAVID BENAVIDES ROPERO','',694,'','','','',1,4,NULL,NULL,'0000-00-00','','','','','0000-00-00',0,'','0',0,0,'','','',0,'','',0,'','','','','','','',0,'','','','JORGE','2012-03-28 12:14:29'),(209,'1135800','1135800','PASTOR FIGUEROA','',694,'','','','',1,4,NULL,NULL,'0000-00-00','','','','','0000-00-00',0,'','0',0,0,'','','',0,'','',0,'','','','','','','',0,'','','','JORGE','2012-03-28 12:18:47'),(210,'1093766550','1093766550','EDCSON RIVERO','',694,'','','','',1,4,NULL,NULL,'0000-00-00','','','','','0000-00-00',0,'','0',0,0,'','','',0,'','',0,'','','','','','','',0,'','','','JORGE','2012-03-28 13:37:09'),(211,'88233655','88233655','JORGE PEÑA','',694,'','','','',1,4,NULL,NULL,'0000-00-00','','','','','0000-00-00',0,'','0',0,0,'','','',0,'','',0,'','','','','','','',0,'','','','LISSETH','2012-03-28 15:28:49'),(212,'1061656338','1061656338','DANIEL HENAO','',694,'','','','',1,4,NULL,NULL,'0000-00-00','','','','','0000-00-00',0,'','0',0,0,'','','',0,'','',0,'','','','','','','',0,'','','','JORGE','2012-03-29 12:30:00'),(213,'88273037','88273037','LUIS DURAN','',694,'','','','',1,4,NULL,NULL,'0000-00-00','','','','','0000-00-00',0,'','0',0,0,'','','',0,'','',0,'','','','','','','',0,'','','','JORGE','2012-03-29 15:11:44'),(214,'88308008','88308008','ALEJANDRO DURAN','',694,'','','','',1,4,NULL,NULL,'0000-00-00','','','','','0000-00-00',0,'','0',0,0,'','','',0,'','',0,'','','','','','','',0,'','','','JORGE','2012-03-30 12:18:30'),(215,'1093771652','1093771652','ENDERSON PORTILLA','',694,'','','','',1,4,NULL,NULL,'0000-00-00','','','','','0000-00-00',0,'','0',0,0,'','','',0,'','',0,'','','','','','','',0,'','','','JORGE','2012-03-30 12:22:51'),(216,'17358294','17358294','CRISTHIAN ALMEIDA','',694,'','','','',1,4,NULL,NULL,'0000-00-00','','','','','0000-00-00',0,'','0',0,0,'','','',0,'','',0,'','','','','','','',0,'','','','JORGE','2012-03-30 12:27:20'),(217,'1090455114','1090455114','JAISON RAMON JAIMES LOBO','',694,'','','','',1,4,NULL,NULL,'0000-00-00','','','','','0000-00-00',0,'','0',0,0,'','','',0,'','',0,'','','','','','','',0,'','','','JORGE','2012-03-30 12:55:05'),(218,'860.051.894-6','860.051.894-6','BANCO FINANDINA S.A','CRR 19# 93A-45 ',1,'2191919','','','',5,5,NULL,NULL,'0000-00-00','','','','','0000-00-00',0,'','0',0,0,'','','',0,'','',0,'','','','','','','',0,'','','','JORGE','2012-03-30 15:21:31'),(219,'80766284','80766284','GERMAN SUESCUN','',694,'','','','',1,4,NULL,NULL,'0000-00-00','','','','','0000-00-00',0,'','0',0,0,'','','',0,'','',0,'','','','','','','',0,'','','','LISSETH','2012-03-30 21:29:57'),(220,'1093736322','1093736322','OSCAR BASTOS','',694,'','','','',1,4,NULL,NULL,'0000-00-00','','','','','0000-00-00',0,'','0',0,0,'','','',0,'','',0,'','','','','','','',0,'','','','JORGE','2012-03-31 12:50:08'),(221,'1093760910','1093760910','MIGUEL ESCOBAR','',694,'','','','',1,4,NULL,NULL,'0000-00-00','','','','','0000-00-00',0,'','0',0,0,'','','',0,'','',0,'','','','','','','',0,'','','','JORGE','2012-03-31 15:41:33'),(222,'860.090.915-9','860.090.915-9','ACTIVOS S.A','CLL 70 # 9-32 BRR QUINTA CAMACHO',1,'5940500','3153445772','activos@activos.com','',5,5,NULL,NULL,'0000-00-00','','','','','0000-00-00',0,'','0',0,0,'','','',0,'','',0,'','','','','','','',0,'','','','JORGE','2012-04-02 15:26:08'),(223,'830.057.687-6','830.057.687-6','ATECNO S.A','CLL 70 # 9-32 BRR QUINTA CAMACHO',1,'5940500','','','',2,5,NULL,NULL,'0000-00-00','','','','','0000-00-00',0,'','0',0,0,'','','',1,'','',0,'','','','','','','',0,'','','','JORGE','2012-05-03 21:25:49'),(224,'800.148.972-2','800.148.972-2','SERVIOLA S.A','CLL 70 # 9-32 BRR QUINTA CAMACHO',1,'5940500','','','',5,5,NULL,NULL,'0000-00-00','','','','','0000-00-00',0,'','0',0,0,'','','',0,'','',0,'','','','','','','',0,'','','','JORGE','2012-04-02 16:17:36'),(225,'860.000.261-6','860.000.261-6','LEVAPAN S.A','CLL 58 # 8-51 CENTRO COMERCIAL E INDUSTRIAL',854,'6530541-6530542','','','',1,5,NULL,NULL,'0000-00-00','','','','','0000-00-00',0,'','0',0,0,'','','',0,'','',0,'','','','','','','',0,'','','','JORGE','2012-04-02 16:46:29'),(226,'60370715','60370715','RUBY JIMENEZ','',694,'','','','',1,4,NULL,NULL,'0000-00-00','','','','','0000-00-00',0,'','0',0,0,'','','',0,'','',0,'','','','','','','',0,'','','','JORGE','2012-04-03 17:26:24'),(227,'860.031.361-7','860.031.361-7','CONSULTORIA COLOMBIANA S.A','',1,'3203031254','','','',1,5,NULL,NULL,'0000-00-00','','','','','0000-00-00',0,'','0',0,0,'','','',0,'','',0,'','','','','','','',0,'','','','JORGE','2012-04-03 17:29:28'),(228,'890.924.431-6','890.924.431-6','EMPLEAMOS S.A','',537,'','','','',1,5,NULL,NULL,'0000-00-00','','','','','0000-00-00',0,'','0',0,0,'','','',0,'','',0,'','','','','','','',0,'','','','JORGE','2012-04-04 14:00:01'),(229,'1090473365','1090473365','JHONNY FUENTES','',694,'','','','',1,4,NULL,NULL,'0000-00-00','','','','','0000-00-00',0,'','0',0,0,'','','',0,'','',0,'','','','','','','',0,'','','','JORGE','2012-04-04 15:25:05'),(230,'1090175308','1090175308','EMILY RAMIREZ','',694,'','','','',1,4,NULL,NULL,'0000-00-00','','','','','0000-00-00',0,'','0',0,0,'','','',0,'','',0,'','','','','','','',0,'','','','JORGE','2012-04-09 20:01:41'),(231,'51780985','51780985','SANDRA ARIZA','',694,'','','','',1,4,NULL,NULL,'0000-00-00','','','','','0000-00-00',0,'','0',0,0,'','','',0,'','',0,'','','','','','','',0,'','','','JORGE','2012-04-09 20:02:31'),(232,'1093756892','1093756892','MARIA MEZA','',694,'','','','',1,4,NULL,NULL,'0000-00-00','','','','','0000-00-00',0,'','0',0,0,'','','',0,'','',0,'','','','','','','',0,'','','','JORGE','2012-04-09 21:07:01'),(233,'43191700','43191700','DIANA ARAGON','',694,'','','','',1,4,NULL,NULL,'0000-00-00','','','','','0000-00-00',0,'','0',0,0,'','','',0,'','',0,'','','','','','','',0,'','','','JORGE','2012-04-09 22:42:49'),(234,'90050015','90050015','CARMEN DIAZ','',694,'','','','',1,4,NULL,NULL,'0000-00-00','','','','','0000-00-00',0,'','0',0,0,'','','',0,'','',0,'','','','','','','',0,'','','','JORGE','2012-04-10 12:52:38'),(235,'900.257.715-6','900.257.715-6','C.I METAFERRO S.A.S','CLL 0B # 74-131 BRR PANAMERICANO',694,'','5873712','','',2,5,NULL,NULL,'0000-00-00','','','','','0000-00-00',0,'','0',0,0,'','','',1,'','',0,'','','','','','','',0,'','','','JORGE','2012-04-12 15:01:57'),(236,'27606017','27606017','LINA MARIA ROZO TORRES','',694,'','','','',1,4,NULL,NULL,'0000-00-00','','','','','0000-00-00',0,'','0',0,0,'','','',0,'','',0,'','','','','','','',0,'','','','LISSETH','2012-04-12 20:29:46'),(237,'1014192869','1014192869','ALVARO YAÑEZ','',694,'','','','',1,4,NULL,NULL,'0000-00-00','','','','','0000-00-00',0,'','0',0,0,'','','',0,'','',0,'','','','','','','',0,'','','','JORGE','2012-04-13 12:40:35'),(238,'27601925','27601925','RAQUEL  HERNANDEZ','',694,'','','','',1,4,NULL,NULL,'0000-00-00','','','','','0000-00-00',0,'','0',0,0,'','','',0,'','',0,'','','','','','','',0,'','','','JORGE','2012-04-13 13:43:33'),(240,'60317652','60317652','LUISA TARAZONA','',694,'','','','',1,4,NULL,NULL,'0000-00-00','','','','','0000-00-00',0,'','0',0,0,'','','',0,'','',0,'','','','','','','',0,'','','','JORGE','2012-04-17 13:26:56'),(241,'','5492758','PEDRO LEON','',694,'','','','',1,4,NULL,NULL,'0000-00-00','','','','','0000-00-00',0,'','0',0,0,'','','',0,'','',0,'','','','','','','',0,'','','','LISSETH','2012-04-18 15:50:12'),(242,'5492738','5492738','PEDRO LEON','',694,'','','','',1,4,NULL,NULL,'0000-00-00','','','','','0000-00-00',0,'','0',0,0,'','','',0,'','',0,'','','','','','','',0,'','','','JORGE','2012-04-18 16:02:36'),(243,'88232282','88232282','MARX NOCUA','',694,'','','','',1,4,NULL,NULL,'0000-00-00','','','','','0000-00-00',0,'','0',0,0,'','','',0,'','',0,'','','','','','','',0,'','','','JORGE','2012-04-18 16:05:55'),(244,'60358134','60358134','LILIANA SUAREZ','',694,'','','','',1,4,NULL,NULL,'0000-00-00','','','','','0000-00-00',0,'','0',0,0,'','','',0,'','',0,'','','','','','','',0,'','','','LISSETH','2012-04-18 16:28:16'),(245,'1090473236','1090473236','MAYTE PINTO','',694,'','','','',1,4,NULL,NULL,'0000-00-00','','','','','0000-00-00',0,'','0',0,0,'','','',0,'','',0,'','','','','','','',0,'','','','LISSETH','2012-04-18 19:50:37'),(246,'14977301','14977301','LUIS SALAS','',694,'','','','',1,4,NULL,NULL,'0000-00-00','','','','','0000-00-00',0,'','0',0,0,'','','',0,'','',0,'','','','','','','',0,'','','','LISSETH','2012-04-20 15:15:40'),(247,'6.612.369-1','6.612.369-1','JOSE MARCELINO CETINA ROJAS','',694,'','','','',1,5,NULL,NULL,'0000-00-00','','','','','0000-00-00',0,'','0',0,0,'','','',0,'','',0,'','','','','','','',0,'','','','JORGE','2012-04-20 17:44:59'),(248,'1090449950','1090449950','MITSY AGUILAR','',694,'','','','',1,4,NULL,NULL,'0000-00-00','','','','','0000-00-00',0,'','0',0,0,'','','',0,'','',0,'','','','','','','',0,'','','','LISSETH','2012-04-20 19:30:44'),(249,'1090443539','1090443539','VIVIANA GONZALEZ','',694,'','','','',1,4,NULL,NULL,'0000-00-00','','','','','0000-00-00',0,'','0',0,0,'','','',0,'','',0,'','','','','','','',0,'','','','LISSETH','2012-04-20 20:20:06'),(250,'27737907','27737907','RUBBY ESQUIVEL','',694,'','','','',1,4,NULL,NULL,'0000-00-00','','','','','0000-00-00',0,'','0',0,0,'','','',0,'','',0,'','','','','','','',0,'','','','JORGE','2012-04-21 12:46:48'),(251,'88312358','88312358','MALCON CARVAJAL','',694,'','','','',1,4,NULL,NULL,'0000-00-00','','','','','0000-00-00',0,'','0',0,0,'','','',0,'','',0,'','','','','','','',0,'','','','JORGE','2012-04-23 12:59:54'),(252,'1090375635','1090375635','MARIA AGUDELO','',694,'','','','',1,4,NULL,NULL,'0000-00-00','','','','','0000-00-00',0,'','0',0,0,'','','',0,'','',0,'','','','','','','',0,'','','','LISSETH','2012-04-23 14:27:57'),(253,'1093735611','1093735611','NOEL AREVALO','',694,'','','','',1,4,NULL,NULL,'0000-00-00','','','','','0000-00-00',0,'','0',0,0,'','','',0,'','',0,'','','','','','','',0,'','','','LISSETH','2012-04-23 20:10:02'),(254,'88268431','88268431','NICOLAS RANGEL','',694,'','','','',1,4,NULL,NULL,'0000-00-00','','','','','0000-00-00',0,'','0',0,0,'','','',0,'','',0,'','','','','','','',0,'','','','JORGE','2012-04-24 13:59:05'),(255,'1098622484','1098622484','ROSA BAUTISTA','',694,'','','','',1,4,NULL,NULL,'0000-00-00','','','','','0000-00-00',0,'','0',0,0,'','','',0,'','',0,'','','','','','','',0,'','','','JORGE','2012-04-24 14:28:09'),(256,'1093756142','1093756142','JUAN FERNANDEZ','',694,'','','','',1,4,NULL,NULL,'0000-00-00','','','','','0000-00-00',0,'','0',0,0,'','','',0,'','',0,'','','','','','','',0,'','','','LISSETH','2012-04-24 19:19:10'),(257,'5418689','5418689','OSCAR ARAQUE','',694,'','','','',1,4,NULL,NULL,'0000-00-00','','','','','0000-00-00',0,'','0',0,0,'','','',0,'','',0,'','','','','','','',0,'','','','LISSETH','2012-04-25 19:38:36'),(258,'1090372320','1090372320','YULI LEON','',694,'','','','',1,4,NULL,NULL,'0000-00-00','','','','','0000-00-00',0,'','0',0,0,'','','',0,'','',0,'','','','','','','',0,'','','','LISSETH','2012-04-25 20:40:25'),(259,'88250430','88250430','PEDRO GOMEZ','',694,'','','','',1,4,NULL,NULL,'0000-00-00','','','','','0000-00-00',0,'','0',0,0,'','','',0,'','',0,'','','','','','','',0,'','','','LISSETH','2012-04-26 15:49:51'),(260,'13490933','13490933','JAVIER  ENRIQUE FLOREZ PASTO','CALLE 18 # 1-77 APTO 304',694,'5897411','31182068','javiflo27@hotmail.com','GERENTE ',1,4,'2012-04-26','0000-00-00','2012-04-26','JAVIER ','ENRIQUE','FLOREZ','PASTO','1967-04-21',45,'M','02',13,10,'','','',0,'','',0,'','','','','','','',0,'','13490933.jpg','260.png','JAVIER','2012-08-07 15:55:03'),(261,'1094264588','1094264588','EMILY LEON','',694,'','','','',1,4,NULL,NULL,'0000-00-00','','','','','0000-00-00',0,'','0',0,0,'','','',0,'','',0,'','','','','','','',0,'','','','JORGE','2012-04-27 13:37:28'),(262,'1093747490','1093747490','DARNEY ARDILA','',694,'','','','',1,4,NULL,NULL,'0000-00-00','','','','','0000-00-00',0,'','0',0,0,'','','',0,'','',0,'','','','','','','',0,'','','','LISSETH','2012-04-27 20:51:57'),(263,'91160262','91160262','OSCAR  CHANAGA','',694,'','','','',1,4,NULL,NULL,'0000-00-00','','','','','0000-00-00',0,'','0',0,0,'','','',0,'','',0,'','','','','','','',0,'','','','JORGE','2012-04-28 13:10:50'),(264,'1090396450','1090396450','LISVEY MALDONADO','',694,'','','','',1,4,NULL,NULL,'0000-00-00','','','','','0000-00-00',0,'','0',0,0,'','','',0,'','',0,'','','','','','','',0,'','','','JORGE','2012-04-30 16:24:15'),(265,'88240912','88240912','IVAN  CAICEDO','',694,'','','','',1,4,NULL,NULL,'0000-00-00','','','','','0000-00-00',0,'','0',0,0,'','','',0,'','',0,'','','','','','','',0,'','','','JORGE','2012-04-30 16:59:04'),(266,'1090963024','1090963024','MARILU ROJAS','',694,'','','','',1,4,NULL,NULL,'0000-00-00','','','','','0000-00-00',0,'','0',0,0,'','','',0,'','',0,'','','','','','','',0,'','','','LISSETH','2012-04-30 19:50:24'),(267,'1090406990','1090406990','GISELLE GOMEZ','',694,'','','','',1,4,NULL,NULL,'0000-00-00','','','','','0000-00-00',0,'','0',0,0,'','','',0,'','',0,'','','','','','','',0,'','','','LISSETH','2012-04-30 20:54:18'),(268,'60302134','60302134','GLADYS RAMON','',694,'','','','',1,4,NULL,NULL,'0000-00-00','','','','','0000-00-00',0,'','0',0,0,'','','',0,'','',0,'','','','','','','',0,'','','','JORGE','2012-05-02 12:56:56'),(269,'80745363','80745363','EDUAR RIVEROS','',694,'','','','',1,4,NULL,NULL,'0000-00-00','','','','','0000-00-00',0,'','0',0,0,'','','',0,'','',0,'','','','','','','',0,'','','','LISSETH','2012-05-02 20:16:42'),(270,'1093745965','1093745965','CRISTIAN FIGUEROA','',694,'','','','',1,4,NULL,NULL,'0000-00-00','','','','','0000-00-00',0,'','0',0,0,'','','',0,'','',0,'','','','','','','',0,'','','','LISSETH','2012-05-02 20:25:03'),(271,'1090396821','1090396821','PEDRO CARRASCAL','',694,'','','','',1,4,NULL,NULL,'0000-00-00','','','','','0000-00-00',0,'','0',0,0,'','','',0,'','',0,'','','','','','','',0,'','','','JORGE','2012-05-03 13:38:10'),(272,'1093755320','1093755320','NESTOR RODRIGUEZ','',694,'','','','',1,4,NULL,NULL,'0000-00-00','','','','','0000-00-00',0,'','0',0,0,'','','',0,'','',0,'','','','','','','',0,'','','','JORGE','2012-05-03 13:44:03'),(273,'1093751420','1093751420','FRANKLIN GUARDIOLA','',694,'','','','',1,4,NULL,NULL,'0000-00-00','','','','','0000-00-00',0,'','0',0,0,'','','',0,'','',0,'','','','','','','',0,'','','','JORGE','2012-05-03 13:45:57'),(274,'1093758455','1093758455','SERGIO CHAPARRO','',694,'','','','',1,4,NULL,NULL,'0000-00-00','','','','','0000-00-00',0,'','0',0,0,'','','',0,'','',0,'','','','','','','',0,'','','','JORGE','2012-05-03 14:00:05'),(275,'1093737538','1093737538','OSWALDO VIVAS','',694,'','','','',1,4,NULL,NULL,'0000-00-00','','','','','0000-00-00',0,'','0',0,0,'','','',0,'','',0,'','','','','','','',0,'','','','LISSETH','2012-05-03 19:53:25'),(276,'60367103','60367103','FANY LEON','',694,'','','','',1,4,NULL,NULL,'0000-00-00','','','','','0000-00-00',0,'','',0,0,'','','',0,'','',0,'','','','','','','',0,'','','','LISSETH','2012-05-03 22:27:12'),(277,'88247640','88247640','JAVIER GARCIA','',694,'','','','',1,4,NULL,NULL,'0000-00-00','','','','','0000-00-00',0,'','',0,0,'','','',0,'','',0,'','','','','','','',0,'','','','JORGE','2012-05-04 12:03:48'),(278,'1125979498','1125979498','EDGAR GOMEZ','',694,'','','','',1,4,NULL,NULL,'0000-00-00','','','','','0000-00-00',0,'','',0,0,'','','',0,'','',0,'','','','','','','',0,'','','','LISSETH','2012-05-07 20:15:47'),(279,'13275790','13275790','JOSE MANOGA','',694,'','','','',1,4,NULL,NULL,'0000-00-00','','','','','0000-00-00',0,'','',0,0,'','','',0,'','',0,'','','','','','','',0,'','','','LISSETH','2012-05-08 22:13:34'),(280,'1093742407','1093742407','DIEGO MONSALVE','',694,'','','','',1,4,NULL,NULL,'0000-00-00','','','','','0000-00-00',0,'','',0,0,'','','',0,'','',0,'','','','','','','',0,'','','','JORGE','2012-05-09 12:20:00'),(281,'17526059','17526059','ARTURO SANCHEZ','',694,'','','','',1,4,NULL,NULL,'0000-00-00','','','','','0000-00-00',0,'','',0,0,'','','',0,'','',0,'','','','','','','',0,'','','','LISSETH','2012-05-09 22:35:28'),(282,'88311184','88311184','HERNANDO PRADO','',694,'','','','',1,4,NULL,NULL,'0000-00-00','','','','','0000-00-00',0,'','',0,0,'','','',0,'','',0,'','','','','','','',0,'','','','JORGE','2012-05-10 12:28:32'),(283,'13502033','13502033','NESTOR MORENO','',694,'','','','',1,4,NULL,NULL,'0000-00-00','','','','','0000-00-00',0,'','',0,0,'','','',0,'','',0,'','','','','','','',0,'','','','JORGE','2012-05-10 12:41:01'),(284,'13268553','13268553','GUILLERMO BELTRAN','',694,'','','','',1,4,NULL,NULL,'0000-00-00','','','','','0000-00-00',0,'','',0,0,'','','',0,'','',0,'','','','','','','',0,'','','','JORGE','2012-05-10 12:48:15'),(285,'1093758508','1093758508','LUIS CORREDOR','',694,'','','','',1,4,NULL,NULL,'0000-00-00','','','','','0000-00-00',0,'','',0,0,'','','',0,'','',0,'','','','','','','',0,'','','','JORGE','2012-05-10 13:05:31'),(286,'60383678','60383678','SANDRA PABLOS','',694,'','','','',1,4,NULL,NULL,'0000-00-00','','','','','0000-00-00',0,'','',0,0,'','','',0,'','',0,'','','','','','','',0,'','','','JORGE','2012-05-10 13:21:00'),(287,'6664455','6664455','WILSON PALENCIA','',694,'','','','',1,4,NULL,NULL,'0000-00-00','','','','','0000-00-00',0,'','',0,0,'','','',0,'','',0,'','','','','','','',0,'','','','LISSETH','2012-05-10 15:21:15'),(288,'1.093.752.849-1','1.093.752.849-1','JAIME ENRIQUE MORALES DUARTE','CLL 21AN # 3-06URB. TASAJERO',710,'','3115218418','','',1,5,NULL,NULL,'0000-00-00','','','','','0000-00-00',0,'','',0,0,'','','',0,'','',0,'','','','','','','',0,'','','','JORGE','2012-05-10 20:56:41'),(289,'13479503','13479503','GREGORY GUTIERREZ','',694,'','','','',1,4,NULL,NULL,'0000-00-00','','','','','0000-00-00',0,'','',0,0,'','','',0,'','',0,'','','','','','','',0,'','','','LISSETH','2012-05-10 21:06:27'),(290,'15675429','15675429','JHON BURGOS','',694,'','','','',1,4,NULL,NULL,'0000-00-00','','','','','0000-00-00',0,'','',0,0,'','','',0,'','',0,'','','','','','','',0,'','','','LISSETH','2012-05-10 21:50:48'),(291,'1090447102','1090447102','DEYNAR MORENO','',694,'','','','',1,4,NULL,NULL,'0000-00-00','','','','','0000-00-00',0,'','',0,0,'','','',0,'','',0,'','','','','','','',0,'','','','LISSETH','2012-05-10 21:54:11'),(292,'13861706','13861706','RUBEN VARGAS','',694,'','','','',1,4,NULL,NULL,'0000-00-00','','','','','0000-00-00',0,'','',0,0,'','','',0,'','',0,'','','','','','','',0,'','','','JORGE','2012-05-11 12:27:56'),(293,'88203907','88203907','JUAN CARLOS URIBE','',694,'','','','',1,4,NULL,NULL,'0000-00-00','','','','','0000-00-00',0,'','',0,0,'','','',0,'','',0,'','','','','','','',0,'','','','JORGE','2012-05-11 21:52:10'),(294,'60341959','60341959','NORMA SALGADO','',694,'','','','',1,4,NULL,NULL,'0000-00-00','','','','','0000-00-00',0,'','',0,0,'','','',0,'','',0,'','','','','','','',0,'','','','JORGE','2012-05-12 12:30:24'),(295,'1090416111','1090416111','PAOLA DURAN','',694,'','','','',1,4,NULL,NULL,'0000-00-00','','','','','0000-00-00',0,'','',0,0,'','','',0,'','',0,'','','','','','','',0,'','','','LISSETH','2012-05-12 15:47:28'),(296,'1935276','1935276','JOSE JAIME','',694,'','','','',1,4,NULL,NULL,'0000-00-00','','','','','0000-00-00',0,'','',0,0,'','','',0,'','',0,'','','','','','','',0,'','','','LISSETH','2012-05-12 16:07:23'),(297,'88255457','88255457','JOSE RAMIREZ','',694,'','','','',1,4,NULL,NULL,'0000-00-00','','','','','0000-00-00',0,'','',0,0,'','','',0,'','',0,'','','','','','','',0,'','','','LISSETH','2012-05-14 12:35:06'),(298,'1090405827','1090405827','RICO GOMEZ CRISTHIAN CAMILO','',694,'','','','',1,4,NULL,NULL,'0000-00-00','','','','','0000-00-00',0,'','',0,0,'','','',0,'','',0,'','','','','','','',0,'','','','LISSETH','2012-05-14 18:59:38'),(299,'1090905827','1090905827','CRISTIAN RICO','',694,'','','','',1,4,NULL,NULL,'0000-00-00','','','','','0000-00-00',0,'','',0,0,'','','',0,'','',0,'','','','','','','',0,'','','','LISSETH','2012-05-14 19:20:11'),(300,'60370298','60370298','TEST   ','',694,'','','','',1,4,NULL,NULL,'0000-00-00','TEST','','','','0000-00-00',0,'F','0',0,0,'','','',0,'','',0,'','','','','','','',0,'','','','JORGE','2012-05-19 13:56:18'),(301,'74300623','74300623','FERNANDO HEREDIA','',694,'','','','',1,4,NULL,NULL,'0000-00-00','','','','','0000-00-00',0,'','',0,0,'','','',0,'','',0,'','','','','','','',0,'','','','JORGE','2012-05-14 22:28:42'),(302,'88212264','88212264','YOVANY RIOS CASTRO','',694,'','','','',1,4,NULL,NULL,'0000-00-00','','','','','0000-00-00',0,'','',0,0,'','','',0,'','',0,'','','','','','','',0,'','','','JORGE','2012-05-14 22:30:18'),(303,'6662697','6662697','HOLMER SANCHEZ','',694,'','','','',1,4,NULL,NULL,'0000-00-00','','','','','0000-00-00',0,'','',0,0,'','','',0,'','',0,'','','','','','','',0,'','','','LISSETH','2012-05-14 22:52:37'),(304,'37861365','37861365','SANDRA CORZO','',694,'','','','',1,4,NULL,NULL,'0000-00-00','','','','','0000-00-00',0,'','',0,0,'','','',0,'','',0,'','','','','','','',0,'','','','JORGE','2012-05-15 22:56:38'),(305,'13275719','13275719','GEOVANY REMOLINA','',694,'','','','',1,4,NULL,NULL,'0000-00-00','','','','','0000-00-00',0,'','',0,0,'','','',0,'','',0,'','','','','','','',0,'','','','JORGE','2012-05-15 22:58:17'),(306,'60311669','60311669','PILAR USCATEGUI','',694,'','','','',1,4,NULL,NULL,'0000-00-00','','','','','0000-00-00',0,'','',0,0,'','','',0,'','',0,'','','','','','','',0,'','','','JORGE','2012-05-15 23:00:38'),(307,'13922960','13922960','FRANCISCO ALBARRACIN','',694,'','','','',1,4,NULL,NULL,'0000-00-00','','','','','0000-00-00',0,'','',0,0,'','','',0,'','',0,'','','','','','','',0,'','','','JORGE','2012-05-15 23:02:06'),(308,'88149408','88149408','ORIELSON TORRADO','',694,'','','','',1,4,NULL,NULL,'0000-00-00','','','','','0000-00-00',0,'','',0,0,'','','',0,'','',0,'','','','','','','',0,'','','','JORGE','2012-05-15 23:03:25'),(309,'88216438','88216438','DIOS TORRADO','',694,'','','','',1,4,NULL,NULL,'0000-00-00','','','','','0000-00-00',0,'','',0,0,'','','',0,'','',0,'','','','','','','',0,'','','','JORGE','2012-05-15 23:08:43'),(310,'13467344','13467344','RODOLFO GALLARDO','',694,'','','','',1,4,NULL,NULL,'0000-00-00','','','','','0000-00-00',0,'','',0,0,'','','',0,'','',0,'','','','','','','',0,'','','','JORGE','2012-05-15 23:10:14'),(311,'1090387977','1090387977','YOLEIMA RIVERA','',694,'','','','',1,4,NULL,NULL,'0000-00-00','','','','','0000-00-00',0,'','',0,0,'','','',0,'','',0,'','','','','','','',0,'','','','JORGE','2012-05-15 23:12:00'),(312,'1005083977','1005083977','   ','',694,'','','','',1,4,NULL,NULL,'0000-00-00','','','','','0000-00-00',0,'F','02',5,10,'','','',0,'','',0,'','','','','','','',0,'','1005083977.jpg','','JORGE','2012-07-30 22:27:23'),(313,'1092339495','1092339495','ELEIDER ORTEGA','',694,'','','','',1,4,NULL,NULL,'0000-00-00','','','','','0000-00-00',0,'','',0,0,'','','',0,'','',0,'','','','','','','',0,'','','','JORGE','2012-05-18 21:13:38'),(314,'1120740578','1120740578','LENIN ARDILA','',694,'','','','',1,4,NULL,NULL,'0000-00-00','','','','','0000-00-00',0,'','',0,0,'','','',0,'','',0,'','','','','','','',0,'','','','JORGE','2012-05-18 21:22:52'),(315,'1090378258','1090378258','CARLOS MARTINEZ','',694,'','','','',1,4,NULL,NULL,'0000-00-00','','','','','0000-00-00',0,'','',0,0,'','','',0,'','',0,'','','','','','','',0,'','','','JORGE','2012-05-18 21:25:01'),(316,'88275516','88275516','KEN RODRIGUEZ','',694,'','','','',1,4,NULL,NULL,'0000-00-00','','','','','0000-00-00',0,'','',0,0,'','','',0,'','',0,'','','','','','','',0,'','','','LISSETH','2012-05-18 23:08:48'),(317,'88026568','88026568','ALEXANDER MARTINEZ','',694,'','','','',1,4,NULL,NULL,'0000-00-00','','','','','0000-00-00',0,'','',0,0,'','','',0,'','',0,'','','','','','','',0,'','','','LISSETH','2012-05-18 23:21:16'),(318,'13271534','13271534','JORGE IVAN FERRER DIAZ','CALLE 32 # 11-46 BELLAVISTA',694,'5751016','3006763473','saludempresarialips3@gmail.com','',1,4,'2012-05-19','0000-00-00','2012-05-19','JORGE','IVAN','FERRER','DIAZ','1984-11-04',27,'M','01',8,10,'','','',0,'','',0,'','','','','','','',0,'','','','ADMINISTRADOR','2012-05-19 15:51:41'),(319,'13474918','13474918','ALCIDES ALBARRACIN','',694,'','','','',1,4,NULL,NULL,'0000-00-00','','','','','0000-00-00',0,'','',0,0,'','','',0,'','',0,'','','','','','','',0,'','','','KARLA','2012-05-22 12:45:24'),(320,'1093736943','1093736943','VICTOR NEGRON','',694,'','','','',1,4,NULL,NULL,'0000-00-00','','','','','0000-00-00',0,'','',0,0,'','','',0,'','',0,'','','','','','','',0,'','','','KARLA','2012-05-22 14:34:11'),(321,'1093744490','1093744490','EDWIN ALBARRACIN','',694,'','','','',1,4,NULL,NULL,'0000-00-00','','','','','0000-00-00',0,'','',0,0,'','','',0,'','',0,'','','','','','','',0,'','','','KARLA','2012-05-22 14:55:21'),(322,'88236979','88236979','GIOVANNY PETTIT','',694,'','','','',1,4,NULL,NULL,'0000-00-00','','','','','0000-00-00',0,'','',0,0,'','','',0,'','',0,'','','','','','','',0,'','','','KARLA','2012-05-23 13:20:36'),(323,'88141680','88141680','PEDRO LAZARO','88141680',694,'','','','',1,4,NULL,NULL,'0000-00-00','','','','','0000-00-00',0,'','',0,0,'','','',0,'','',0,'','','','','','','',0,'','','','JORGE','2012-05-23 17:18:29'),(324,'88262118','88262118','ERWIN TORRES','',694,'','','','',1,4,NULL,NULL,'0000-00-00','','','','','0000-00-00',0,'','',0,0,'','','',0,'','',0,'','','','','','','',0,'','','','KARLA','2012-05-23 21:07:27'),(325,'88250271','88250271','LUIS NIÑO','',694,'','','','',1,4,NULL,NULL,'0000-00-00','','','','','0000-00-00',0,'','',0,0,'','','',0,'','',0,'','','','','','','',0,'','','','KARLA','2012-05-24 12:08:37'),(326,'88031018','88031018','CESAR VALDERRAMA','',694,'','','','',1,4,NULL,NULL,'0000-00-00','','','','','0000-00-00',0,'','',0,0,'','','',0,'','',0,'','','','','','','',0,'','','','KARLA','2012-05-25 12:33:04'),(327,'37212388','37212388','GLADYS FORERO','',694,'','','','',1,4,NULL,NULL,'0000-00-00','','','','','0000-00-00',0,'','',0,0,'','','',0,'','',0,'','','','','','','',0,'','','','KARLA','2012-05-25 13:05:15'),(328,'27721157','27721157','MARIA RAMIREZ','',694,'','','','',1,4,NULL,NULL,'0000-00-00','','','','','0000-00-00',0,'','',0,0,'','','',0,'','',0,'','','','','','','',0,'','','','KARLA','2012-05-25 19:52:19'),(329,'60395296','60395296','OLGA OSORIO','',694,'','','','',1,4,NULL,NULL,'0000-00-00','','','','','0000-00-00',0,'','',0,0,'','','',0,'','',0,'','','','','','','',0,'','','','KARLA','2012-05-29 13:37:42'),(330,'37270509','37270509','LISETH MATAMOROS','',694,'','','','',1,4,NULL,NULL,'0000-00-00','','','','','0000-00-00',0,'','',0,0,'','','',0,'','',0,'','','','','','','',0,'','','','JORGE','2012-05-29 16:45:20'),(331,'88254108','88254108','RONALD GARCIA','',694,'','','','',1,4,NULL,NULL,'0000-00-00','','','','','0000-00-00',0,'','',0,0,'','','',0,'','',0,'','','','','','','',0,'','','','KARLA','2012-05-30 14:33:20'),(332,'60436495','60436495','LUZ GUTIERREZ','',694,'','','','',1,4,NULL,NULL,'0000-00-00','','','','','0000-00-00',0,'','',0,0,'','','',0,'','',0,'','','','','','','',0,'','','','KARLA','2012-05-30 14:44:41'),(333,'52528524','52528524','SANDRA GIL','',694,'','','','',1,4,NULL,NULL,'0000-00-00','','','','','0000-00-00',0,'','',0,0,'','','',0,'','',0,'','','','','','','',0,'','','','KARLA','2012-05-30 15:45:22'),(334,'60405059','60405059','RAQUEL SANCHEZ','',694,'','','','',1,4,NULL,NULL,'0000-00-00','','','','','0000-00-00',0,'','',0,0,'','','',0,'','',0,'','','','','','','',0,'','','','KARLA','2012-05-30 19:23:54'),(335,'1090400660','1090400660','JENNY BARRIENTOS','',694,'','','','',1,4,NULL,NULL,'0000-00-00','','','','','0000-00-00',0,'','',0,0,'','','',0,'','',0,'','','','','','','',0,'','','','KARLA','2012-05-30 21:22:22'),(336,'1093754908','1093754908','JULIO MORALES','',694,'','','','',1,4,NULL,NULL,'0000-00-00','','','','','0000-00-00',0,'','',0,0,'','','',0,'','',0,'','','','','','','',0,'','','','JORGE','2012-05-31 12:28:27'),(337,'1092343757','1092343757','RONALD TORRADO','',694,'','','','',1,4,NULL,NULL,'0000-00-00','','','','','0000-00-00',0,'','',0,0,'','','',0,'','',0,'','','','','','','',0,'','','','KARLA','2012-05-31 14:31:13'),(338,'1093764292','1093764292','JEISON GUTIERREZ','',694,'','','','',1,4,NULL,NULL,'0000-00-00','','','','','0000-00-00',0,'','',0,0,'','','',0,'','',0,'','','','','','','',0,'','','','KARLA','2012-05-31 14:42:06'),(339,'1090421755','1090421755','JACKSON DIAZ','',694,'','','','',1,4,NULL,NULL,'0000-00-00','','','','','0000-00-00',0,'','',0,0,'','','',0,'','',0,'','','','','','','',0,'','','','KARLA','2012-05-31 15:15:05'),(340,'37292077','37292077','ROSA HERNANDEZ','',694,'','','','',1,4,NULL,NULL,'0000-00-00','','','','','0000-00-00',0,'','',0,0,'','','',0,'','',0,'','','','','','','',0,'','','','KARLA','2012-05-31 21:45:18'),(341,'1090401666','1090401666','MIGUEL ARDILA','',694,'','','','',1,4,NULL,NULL,'0000-00-00','','','','','0000-00-00',0,'','',0,0,'','','',0,'','',0,'','','','','','','',0,'','','','KARLA','2012-05-31 22:02:30'),(342,'60301915','60301915','EDITH SANCHEZ','',694,'','','','',1,4,NULL,NULL,'0000-00-00','','','','','0000-00-00',0,'','',0,0,'','','',0,'','',0,'','','','','','','',0,'','','','KARLA','2012-06-02 15:46:00'),(343,'60395377','60395377','LUZ VARGAS','',694,'','','','',1,4,NULL,NULL,'0000-00-00','','','','','0000-00-00',0,'','',0,0,'','','',0,'','',0,'','','','','','','',0,'','','','KARLA','2012-06-04 19:46:56'),(344,'60.286.960-1','60.286.960-1','EDDY CECILIA CABRERA RODRIGUEZ','AV 3E # 15A-18 CAOBOS',694,'5721381','311-4743486','','',5,5,NULL,NULL,'0000-00-00','','','','','0000-00-00',0,'','',0,0,'','','',0,'','',0,'','','','','','','',0,'','','','JORGE','2012-06-04 23:09:38'),(345,'88252640','88252640','JERSON RAMIREZ','',694,'','','','',1,4,NULL,NULL,'0000-00-00','','','','','0000-00-00',0,'','',0,0,'','','',0,'','',0,'','','','','','','',0,'','','','KARLA','2012-06-06 14:21:00'),(346,'1093750002','1093750002','HEIBERTH FIGUEROA','',694,'','','','',1,4,NULL,NULL,'0000-00-00','','','','','0000-00-00',0,'','',0,0,'','','',0,'','',0,'','','','','','','',0,'','','','KARLA','2012-06-06 19:25:25'),(347,'18921041','18921041','CARMEN JESUS RINCON','',694,'','','','',1,4,NULL,NULL,'0000-00-00','','','','','0000-00-00',0,'','',0,0,'','','',0,'','',0,'','','','','','','',0,'','','','KARLA','2012-06-07 20:24:22'),(348,'1090464913','1090464913','LAURA ARDILA','',694,'','','','',1,4,NULL,NULL,'0000-00-00','','','','','0000-00-00',0,'','',0,0,'','','',0,'','',0,'','','','','','','',0,'','','','KARLA','2012-06-08 20:31:38'),(349,'1090440912','1090440912','KATHERIN FORERO','',694,'','','','',1,4,NULL,NULL,'0000-00-00','','','','','0000-00-00',0,'','',0,0,'','','',0,'','',0,'','','','','','','',0,'','','','KARLA','2012-06-08 20:46:55'),(350,'1090416405','1090416405','LISBETH JAUREGUI','',694,'','','','',1,4,NULL,NULL,'0000-00-00','','','','','0000-00-00',0,'','',0,0,'','','',0,'','',0,'','','','','','','',0,'','','','KARLA','2012-06-09 16:22:35'),(351,'60360959','60360959','FRONILDE PARADA','',694,'','','','',1,4,NULL,NULL,'0000-00-00','','','','','0000-00-00',0,'','',0,0,'','','',0,'','',0,'','','','','','','',0,'','','','KARLA','2012-06-12 13:50:51'),(352,'890.903.910-2','890.903.910-2','RADIO CADENA NACIONAL S.A','CLL 5 # 0-42',694,'5751642','','','',5,5,NULL,NULL,'0000-00-00','','','','','0000-00-00',0,'','',0,0,'','','',0,'','',0,'','','','','','','',0,'','','','JORGE','2012-06-12 14:25:13'),(353,'1090449088','1090449088','GERSON CONTRERAS','',694,'','','','',1,4,NULL,NULL,'0000-00-00','','','','','0000-00-00',0,'','',0,0,'','','',0,'','',0,'','','','','','','',0,'','','','KARLA','2012-06-12 19:40:33'),(354,'1090441351','1090441351','FRANGER GARCIA','',694,'','','','',1,4,NULL,NULL,'0000-00-00','','','','','0000-00-00',0,'','',0,0,'','','',0,'','',0,'','','','','','','',0,'','','','KARLA','2012-06-12 20:34:41'),(355,'1093768375','1093768375','ANGELICA VILLAMIZAR','',694,'','','','',1,4,NULL,NULL,'0000-00-00','','','','','0000-00-00',0,'','',0,0,'','','',0,'','',0,'','','','','','','',0,'','','','KARLA','2012-06-13 13:41:37'),(356,'37843836','37843836','ANA MERCHAN','',694,'','','','',1,4,NULL,NULL,'0000-00-00','','','','','0000-00-00',0,'','',0,0,'','','',0,'','',0,'','','','','','','',0,'','','','KARLA','2012-06-13 20:19:34'),(357,'1090369595','1090369595','CARLOS ALBERTO','',694,'','','','',1,4,NULL,NULL,'0000-00-00','','','','','0000-00-00',0,'','',0,0,'','','',0,'','',0,'','','','','','','',0,'','','','KARLA','2012-06-14 22:08:41'),(358,'37255024','37255024','MARIA GOMEZ','',694,'','','','',1,4,NULL,NULL,'0000-00-00','','','','','0000-00-00',0,'','',0,0,'','','',0,'','',0,'','','','','','','',0,'','','','KARLA','2012-06-15 12:54:28'),(359,'5492812','5492812','ORLANDO VERA','',694,'','','','',1,4,NULL,NULL,'0000-00-00','','','','','0000-00-00',0,'','',0,0,'','','',0,'','',0,'','','','','','','',0,'','','','KARLA','2012-06-16 15:49:06'),(360,'1090380478','1090380478','JANETH TARAZONA','',694,'','','','',1,4,NULL,NULL,'0000-00-00','','','','','0000-00-00',0,'','',0,0,'','','',0,'','',0,'','','','','','','',0,'','','','KARLA','2012-06-19 16:42:23'),(361,'88257283','88257283','MARCOS NAVARRO','',694,'','','','',1,4,NULL,NULL,'0000-00-00','','','','','0000-00-00',0,'','',0,0,'','','',0,'','',0,'','','','','','','',0,'','','','KARLA','2012-06-20 16:04:19'),(362,'13464628','13464628','PEDRO ALVARADO','',694,'','','','',1,4,NULL,NULL,'0000-00-00','','','','','0000-00-00',0,'','',0,0,'','','',0,'','',0,'','','','','','','',0,'','','','KARLA','2012-06-21 13:05:11'),(363,'1090410228','1090410228','JORGE PIMIENTO','',694,'','','','',1,4,NULL,NULL,'0000-00-00','','','','','0000-00-00',0,'','',0,0,'','','',0,'','',0,'','','','','','','',0,'','','','KARLA','2012-06-21 20:09:22'),(364,'88254407','88254407','HERNAN SEPULVEDA','',694,'','','','',1,4,NULL,NULL,'0000-00-00','','','','','0000-00-00',0,'','',0,0,'','','',0,'','',0,'','','','','','','',0,'','','','KARLA','2012-06-25 12:28:01'),(365,'1093758886','1093758886','YULI QUINTANA','',694,'','','','',1,4,NULL,NULL,'0000-00-00','','','','','0000-00-00',0,'','',0,0,'','','',0,'','',0,'','','','','','','',0,'','','','KARLA','2012-06-26 13:32:07'),(366,'800.194.191-2','800.194.191-2','INGELCOM S.A.S','CLL 6 # 9E-28 COLSAG',694,'5779363-5778822','','','',5,5,NULL,NULL,'0000-00-00','','','','','0000-00-00',0,'','',0,0,'','','',0,'','',0,'','','','','','','',0,'','','','JORGE','2012-06-26 16:10:19'),(367,'88263847','88263847','RAFAEL LEAL','',694,'','','','',1,4,NULL,NULL,'0000-00-00','','','','','0000-00-00',0,'','',0,0,'','','',0,'','',0,'','','','','','','',0,'','','','KARLA','2012-06-26 20:29:15'),(368,'88210903','88210903','CARLOS JAIMES','',694,'','','','',1,4,NULL,NULL,'0000-00-00','','','','','0000-00-00',0,'','',0,0,'','','',0,'','',0,'','','','','','','',0,'','','','KARLA','2012-06-27 13:29:11'),(369,'1090414418','1090414418','HENRY CABALLERO','',694,'','','','',1,4,NULL,NULL,'0000-00-00','','','','','0000-00-00',0,'','',0,0,'','','',0,'','',0,'','','','','','','',0,'','','','KARLA','2012-06-27 14:47:13'),(370,'88209500','88209500','CARLOS PINTO','',694,'','','','',1,4,NULL,NULL,'0000-00-00','','','','','0000-00-00',0,'','',0,0,'','','',0,'','',0,'','','','','','','',0,'','','','KARLA','2012-06-27 15:42:54'),(371,'1098664641','1098664641','ROBINSON RIVERO','',694,'','','','',1,4,NULL,NULL,'0000-00-00','','','','','0000-00-00',0,'','',0,0,'','','',0,'','',0,'','','','','','','',0,'','','','JORGE','2012-06-28 22:12:48'),(372,'60387551','60387551','LILIANA PEREZ','',694,'','','','',1,4,NULL,NULL,'0000-00-00','','','','','0000-00-00',0,'','',0,0,'','','',0,'','',0,'','','','','','','',0,'','','','KARLA','2012-06-29 14:14:00'),(373,'13485627','13485627','GERSON RODRIGUEZ','',694,'','','','',1,4,NULL,NULL,'0000-00-00','','','','','0000-00-00',0,'','',0,0,'','','',0,'','',0,'','','','','','','',0,'','','','KARLA','2012-06-29 14:25:52'),(374,'86073843','86073843','GERMAN VALDES','',694,'','','','',1,4,NULL,NULL,'0000-00-00','','','','','0000-00-00',0,'','',0,0,'','','',0,'','',0,'','','','','','','',0,'','','','JORGE','2012-06-29 20:36:25'),(375,'10903430278','10903430278','GUEYLER RICO','',694,'','','','',1,4,NULL,NULL,'0000-00-00','','','','','0000-00-00',0,'','',0,0,'','','',0,'','',0,'','','','','','','',0,'','','','JORGE','2012-06-29 20:37:43'),(376,'1090430278','1090430278','GUEYLER RICO','',694,'','','','',1,4,NULL,NULL,'0000-00-00','','','','','0000-00-00',0,'','',0,0,'','','',0,'','',0,'','','','','','','',0,'','','','JORGE','2012-06-29 20:38:27'),(377,'88146331','88146331','FABIO MONSALVE','',694,'','','','',1,4,NULL,NULL,'0000-00-00','','','','','0000-00-00',0,'','',0,0,'','','',0,'','',0,'','','','','','','',0,'','','','JORGE','2012-06-29 20:40:08'),(378,'88309024','88309024','EDWIN FUENTES','',694,'','','','',1,4,NULL,NULL,'0000-00-00','','','','','0000-00-00',0,'','',0,0,'','','',0,'','',0,'','','','','','','',0,'','','','KARLA','2012-06-30 13:47:36'),(379,'88309468','88309468','GERSON LOPEZ','',694,'','','','',1,4,NULL,NULL,'0000-00-00','','','','','0000-00-00',0,'','',0,0,'','','',0,'','',0,'','','','','','','',0,'','','','KARLA','2012-07-03 13:54:12'),(380,'60328289','60328289','LIZANDRA MANZANO ','',694,'','','','',1,4,NULL,NULL,'0000-00-00','','','','','0000-00-00',0,'','',0,0,'','','',0,'','',0,'','','','','','','',0,'','','','KARLA','2012-07-03 16:12:53'),(381,'1090376404','1090376404','FREDDY GARCIA ','',694,'','','','',1,4,NULL,NULL,'0000-00-00','','','','','0000-00-00',0,'','',0,0,'','','',0,'','',0,'','','','','','','',0,'','','','KARLA','2012-07-03 17:09:58'),(382,'1090441893','1090441893','ANDRES MONTES ','',694,'','','','',1,4,NULL,NULL,'0000-00-00','','','','','0000-00-00',0,'','',0,0,'','','',0,'','',0,'','','','','','','',0,'','','','KARLA','2012-07-03 19:27:35'),(383,'1121844550','1121844550','JAVIER GONZALEZ','',694,'','','','',1,4,NULL,NULL,'0000-00-00','','','','','0000-00-00',0,'','',0,0,'','','',0,'','',0,'','','','','','','',0,'','','','KARLA','2012-07-03 21:03:06'),(384,'1093736865','1093736865','LEYDI SILVA ','',694,'','','','',1,4,NULL,NULL,'0000-00-00','','','','','0000-00-00',0,'','',0,0,'','','',0,'','',0,'','','','','','','',0,'','','','KARLA','2012-07-04 16:08:57'),(385,'1090435231','1090435231','JUAN SEPULVEDA ','',694,'','','','',2,4,NULL,NULL,'0000-00-00','','','','','0000-00-00',0,'','',0,0,'','','',0,'','',0,'','','','','','','',0,'','','','KARLA','2012-07-04 19:30:41'),(386,'88250406','88250406','JEISOND CASTRO ','',694,'','','','',1,4,NULL,NULL,'0000-00-00','','','','','0000-00-00',0,'','',0,0,'','','',0,'','',0,'','','','','','','',0,'','','','KARLA','2012-07-04 20:25:41'),(387,'88289282','88289282','VICTOR JAIMES ','',694,'','','','',1,4,NULL,NULL,'0000-00-00','','','','','0000-00-00',0,'','',0,0,'','','',0,'','',0,'','','','','','','',0,'','','','KARLA','2012-07-04 22:45:33'),(388,'1095789977','1095789977','ATANAEL ROPERO ','',694,'','','','',1,4,NULL,NULL,'0000-00-00','','','','','0000-00-00',0,'','',0,0,'','','',0,'','',0,'','','','','','','',0,'','','','KARLA','2012-07-05 12:21:05'),(389,'1090412813','1090412813','JHONATHAN RODRIGUEZ ','',694,'','','','',1,4,NULL,NULL,'0000-00-00','','','','','0000-00-00',0,'','',0,0,'','','',0,'','',0,'','','','','','','',0,'','','','KARLA','2012-07-05 14:25:07'),(390,'13276567','13276567','ALBERTO PEÑALOZA ','',694,'','','','',1,4,NULL,NULL,'0000-00-00','','','','','0000-00-00',0,'','',0,0,'','','',0,'','',0,'','','','','','','',0,'','','','KARLA','2012-07-06 15:18:22'),(391,'37273271','37273271','CAMILA MORA ','',694,'','','','',1,4,NULL,NULL,'0000-00-00','','','','','0000-00-00',0,'','',0,0,'','','',0,'','',0,'','','','','','','',0,'','','','KARLA','2012-07-06 16:37:19'),(392,'13470992','13470992','MANUEL VANEGAS ','',694,'','','','',1,4,NULL,NULL,'0000-00-00','','','','','0000-00-00',0,'','',0,0,'','','',0,'','',0,'','','','','','','',0,'','','','KARLA','2012-07-06 21:33:23'),(393,'88259825','88259825','DANIEL GAMBOA ','',694,'','','','',1,4,NULL,NULL,'0000-00-00','','','','','0000-00-00',0,'','',0,0,'','','',0,'','',0,'','','','','','','',0,'','','','KARLA','2012-07-09 15:10:25'),(394,'807.002.164-6','807.002.164-6','COLCARBEX','CLL 11 # 2-24 OF 205',694,'5831759','','','',5,5,NULL,NULL,'0000-00-00','','','','','0000-00-00',0,'','',0,0,'','','',0,'','',0,'','','','','','','',0,'','','','JORGE','2012-07-10 14:02:10'),(395,'88262510','88262510','JOSE ALFREDO ARIAS GARCIA','',694,'','','','',1,4,NULL,NULL,'0000-00-00','','','','','0000-00-00',0,'','',0,0,'','','',0,'','',0,'','','','','','','',0,'','','','JORGE','2012-07-10 20:50:57'),(396,'88253167','88253167','PEDRO LUIS PEREZ ROJAS','',694,'','','','',1,4,NULL,NULL,'0000-00-00','','','','','0000-00-00',0,'','',0,0,'','','',0,'','',0,'','','','','','','',0,'','','','JORGE','2012-07-10 20:52:26'),(397,'1010002077','1010002077','ELKIN JHOEL GONZALES GUILLEN','',694,'','','','',1,4,NULL,NULL,'0000-00-00','','','','','0000-00-00',0,'','',0,0,'','','',0,'','',0,'','','','','','','',0,'','','','JORGE','2012-07-10 20:55:08'),(398,'1090444334','1090444334','MANUEL ALEXANDER CASTRO CIFUENTES ','',694,'','','','',1,4,NULL,NULL,'0000-00-00','','','','','0000-00-00',0,'','',0,0,'','','',0,'','',0,'','','','','','','',0,'','','','JORGE','2012-07-10 20:56:43'),(399,'13270353','13270353','MILTON LIZARAZO','',694,'','','','',1,4,NULL,NULL,'0000-00-00','','','','','0000-00-00',0,'','',0,0,'','','',0,'','',0,'','','','','','','',0,'','','','JORGE','2012-07-10 20:58:03'),(400,'71584252','71584252','JAIME GALVIS ','',694,'','','','',1,4,NULL,NULL,'0000-00-00','','','','','0000-00-00',0,'','',0,0,'','','',0,'','',0,'','','','','','','',0,'','','','KARLA','2012-07-11 13:22:33'),(401,'1093758059','1093758059','EDGAR GARZON','',694,'','','','',1,4,NULL,NULL,'0000-00-00','','','','','0000-00-00',0,'','',0,0,'','','',0,'','',0,'','','','','','','',0,'','','','KARLA','2012-07-11 13:47:39'),(402,'1052573113','1052573113','LUIS PEDROZO ','',694,'','','','',1,4,NULL,NULL,'0000-00-00','','','','','0000-00-00',0,'','',0,0,'','','',0,'','',0,'','','','','','','',0,'','','','KARLA','2012-07-11 14:01:29'),(403,'1093762925','1093762925','TULIO MEDINA ','',694,'','','','',1,4,NULL,NULL,'0000-00-00','','','','','0000-00-00',0,'','',0,0,'','','',0,'','',0,'','','','','','','',0,'','','','KARLA','2012-07-11 14:22:06'),(404,'1095795969','1095795969','JORGE MEZA ','',694,'','','','',1,4,NULL,NULL,'0000-00-00','','','','','0000-00-00',0,'','',0,0,'','','',0,'','',0,'','','','','','','',0,'','','','KARLA','2012-07-11 19:20:11'),(405,'1098634043','1098634043','ROBERTO ANGARITA ','',694,'','','','',1,4,NULL,NULL,'0000-00-00','','','','','0000-00-00',0,'','',0,0,'','','',0,'','',0,'','','','','','','',0,'','','','KARLA','2012-07-11 19:36:16'),(406,'1092341963','1092341963','ANDREA LINDARTE ','',694,'','','','',1,4,NULL,NULL,'0000-00-00','','','','','0000-00-00',0,'','',0,0,'','','',0,'','',0,'','','','','','','',0,'','','','KARLA','2012-07-11 22:09:25'),(407,'60383301','60383301','LUZ GALVIS ','',694,'','','','',1,4,NULL,NULL,'0000-00-00','','','','','0000-00-00',0,'','',0,0,'','','',0,'','',0,'','','','','','','',0,'','','','KARLA','2012-07-13 13:08:36'),(408,'88146312','88146312','CARLOS JAIMES ','',694,'','','','',1,4,NULL,NULL,'0000-00-00','','','','','0000-00-00',0,'','',0,0,'','','',0,'','',0,'','','','','','','',0,'','','','KARLA','2012-07-13 21:00:40'),(409,'88309621','88309621','SIMON MONTAÑEZ ','',694,'','','','',1,4,NULL,NULL,'0000-00-00','','','','','0000-00-00',0,'','',0,0,'','','',0,'','',0,'','','','','','','',0,'','','','KARLA','2012-07-14 13:32:17'),(410,'807.005.334-5','807.005.334-5','PRINSO S.A.S','CLL 2 N° 10E-134 QUINTA ORIENTAL',694,'5775856','','','',1,5,NULL,NULL,'0000-00-00','','','','','0000-00-00',0,'','',0,0,'','','',0,'','',0,'','','','','','','',0,'','','','JORGE','2012-07-14 13:36:30'),(411,'1090410639','1090410639','ERICK MARTINEZ ','',694,'','','','',1,4,NULL,NULL,'0000-00-00','','','','','0000-00-00',0,'','',0,0,'','','',0,'','',0,'','','','','','','',0,'','','','KARLA','2012-07-16 13:25:52'),(412,'60279879','60279879','GLORIA VESGA ','',694,'','','','',1,4,NULL,NULL,'0000-00-00','','','','','0000-00-00',0,'','',0,0,'','','',0,'','',0,'','','','','','','',0,'','','','KARLA','2012-07-16 19:55:15'),(413,'13279851','13279851','RONALD SANGUINO ','',694,'','','','',1,4,NULL,NULL,'0000-00-00','','','','','0000-00-00',0,'','',0,0,'','','',0,'','',0,'','','','','','','',0,'','','','KARLA','2012-07-16 20:32:07'),(414,'1090379902','1090379902','JANNUER RUBIO','',694,'','','','',1,4,NULL,NULL,'0000-00-00','','','','','0000-00-00',0,'','',0,0,'','','',0,'','',0,'','','','','','','',0,'','','','JORGE','2012-07-17 12:17:13'),(415,'1090430692','1090430692','FELIX JIMENEZ','',694,'','','','',1,4,NULL,NULL,'0000-00-00','','','','','0000-00-00',0,'','',0,0,'','','',0,'','',0,'','','','','','','',0,'','','','JORGE','2012-07-17 12:23:36'),(416,'1093772667','1093772667','JHON LOPEZ ','',694,'','','','',1,4,NULL,NULL,'0000-00-00','','','','','0000-00-00',0,'','',0,0,'','','',0,'','',0,'','','','','','','',0,'','','','KARLA','2012-07-18 14:00:23'),(417,'93388853','93388853','WILLIAM ROBAYO ','',694,'','','','',1,4,NULL,NULL,'0000-00-00','','','','','0000-00-00',0,'','',0,0,'','','',0,'','',0,'','','','','','','',0,'','','','KARLA','2012-07-18 20:05:07'),(418,'1090413592','1090413592','ANGEL AGAMEZ ','',694,'','','','',1,4,NULL,NULL,'0000-00-00','','','','','0000-00-00',0,'','',0,0,'','','',0,'','',0,'','','','','','','',0,'','','','KARLA','2012-07-19 12:23:01'),(419,'1093756580','1093756580','RAFAEL BERNAL ','',694,'','','','',1,4,NULL,NULL,'0000-00-00','','','','','0000-00-00',0,'','',0,0,'','','',0,'','',0,'','','','','','','',0,'','','','KARLA','2012-07-19 21:23:03'),(420,'60344842','60344842','ROSA BAUTISTA ','',694,'','','','',1,4,NULL,NULL,'0000-00-00','','','','','0000-00-00',0,'','',0,0,'','','',0,'','',0,'','','','','','','',0,'','','','KARLA','2012-07-24 14:34:50'),(421,'1093769073','1093769073','RUBEN VERA ','',694,'','','','',1,4,NULL,NULL,'0000-00-00','','','','','0000-00-00',0,'','',0,0,'','','',0,'','',0,'','','','','','','',0,'','','','KARLA','2012-07-24 15:03:16'),(422,'88131532','88131532','JOSE IBARRA ','',694,'','','','',1,4,NULL,NULL,'0000-00-00','','','','','0000-00-00',0,'','',0,0,'','','',0,'','',0,'','','','','','','',0,'','','','KARLA','2012-07-25 22:51:07'),(423,'1090478671','1090478671','CIRO MONDRAGON ','',694,'','','','',1,4,NULL,NULL,'0000-00-00','','','','','0000-00-00',0,'','',0,0,'','','',0,'','',0,'','','','','','','',0,'','','','KARLA','2012-07-26 12:31:55'),(424,'1090393545','1090393545','EDWIN PEREZ ','',694,'','','','',2,4,NULL,NULL,'0000-00-00','','','','','0000-00-00',0,'','',0,0,'','','',0,'','',0,'','','','','','','',0,'','','','KARLA','2012-07-26 12:39:17'),(425,'1092335022','1092335022','FARIDE VELASQUEZ ','',694,'','','','',1,4,NULL,NULL,'0000-00-00','','','','','0000-00-00',0,'','',0,0,'','','',0,'','',0,'','','','','','','',0,'','','','KARLA','2012-07-26 13:57:06'),(426,'1090405468','1090405468','JAVIER VELASQUEZ ','',694,'','','','',1,4,NULL,NULL,'0000-00-00','','','','','0000-00-00',0,'','',0,0,'','','',0,'','',0,'','','','','','','',0,'','','','KARLA','2012-07-26 13:59:06'),(427,'1093884565','1093884565','HECTOR OSORIO','',694,'','','','',1,4,NULL,NULL,'0000-00-00','','','','','0000-00-00',0,'','',0,0,'','','',0,'','',0,'','','','','','','',0,'','','','KARLA','2012-07-30 14:11:03'),(428,'9137177','9137177','CANDIDO CARCAMO ','',694,'','','','',1,4,NULL,NULL,'0000-00-00','','','','','0000-00-00',0,'','',0,0,'','','',0,'','',0,'','','','','','','',0,'','','','KARLA','2012-07-30 14:24:49'),(429,'1090428850','1090428850','REISON DAVID ','',694,'','','','',1,4,NULL,NULL,'0000-00-00','','','','','0000-00-00',0,'','',0,0,'','','',0,'','',0,'','','','','','','',0,'','','','KARLA','2012-07-30 16:27:39'),(430,'1093743861','1093743861','JHOAN BERNAL','',694,'','','','',1,4,NULL,NULL,'0000-00-00','','','','','0000-00-00',0,'','',0,0,'','','',0,'','',0,'','','','','','','',0,'','','','KARLA','2012-07-31 14:04:36'),(431,'1090406858','1090406858','YESSICA GELVES ','',694,'','','','',1,4,NULL,NULL,'0000-00-00','','','','','0000-00-00',0,'','',0,0,'','','',0,'','',0,'','','','','','','',0,'','','','KARLA','2012-07-31 19:25:03'),(432,'88190907','88190907','EDGAR REMOLINA ','',694,'','','','',1,4,NULL,NULL,'0000-00-00','','','','','0000-00-00',0,'','',0,0,'','','',0,'','',0,'','','','','','','',0,'','','','KARLA','2012-08-01 13:33:08'),(433,'1094346146','1094346146','JORGE DIAZ ','',694,'','','','',1,4,NULL,NULL,'0000-00-00','','','','','0000-00-00',0,'','',0,0,'','','',0,'','',0,'','','','','','','',0,'','','','KARLA','2012-08-01 13:41:38'),(434,'1093749854','1093749854','FABIAN FIGUEROA ','',694,'','','','',1,4,NULL,NULL,'0000-00-00','','','','','0000-00-00',0,'','',0,0,'','','',0,'','',0,'','','','','','','',0,'','','','KARLA','2012-08-01 14:12:54'),(435,'1090365962','1090365962','WILSON FIAYO ','',694,'','','','',1,4,NULL,NULL,'0000-00-00','','','','','0000-00-00',0,'','',0,0,'','','',0,'','',0,'','','','','','','',0,'','','','KARLA','2012-08-01 14:44:28'),(436,'88221214','88221214','JIMMY JAIMES','',694,'','','','',1,4,NULL,NULL,'0000-00-00','','','','','0000-00-00',0,'','',0,0,'','','',0,'','',0,'','','','','','','',0,'','','','KARLA','2012-08-01 21:31:55'),(437,'60260285','60260285','LUZ BERBESI ','',694,'','','','',1,4,NULL,NULL,'0000-00-00','','','','','0000-00-00',0,'','',0,0,'','','',0,'','',0,'','','','','','','',0,'','','','KARLA','2012-08-02 12:58:22'),(438,'1090438069','1090438069','JENNY BURBANO ','',694,'','','','',1,4,NULL,NULL,'0000-00-00','','','','','0000-00-00',0,'','',0,0,'','','',0,'','',0,'','','','','','','',0,'','','','KARLA','2012-08-02 13:19:35'),(439,'27897980','27897980','ALBERTINA OMAÑA ','',694,'','','','',1,4,NULL,NULL,'0000-00-00','','','','','0000-00-00',0,'','',0,0,'','','',0,'','',0,'','','','','','','',0,'','','','KARLA','2012-08-02 14:05:18'),(440,'88190127','88190127','EDGAR GOMEZ ','',694,'','','','',1,4,NULL,NULL,'0000-00-00','','','','','0000-00-00',0,'','',0,0,'','','',0,'','',0,'','','','','','','',0,'','','','KARLA','2012-08-02 15:19:07'),(441,'15774624','15774624','FRANCISCO  SAID RODRIGUEZ ','CLL 2 7-33 BELLAVISTA -VILLA DEL ROSARIO',694,'','3002692042','saidrodriguez@gmail.com','CAJERO',1,4,'2012-08-04','0000-00-00','2012-08-04','FRANCISCO ','SAID','RODRIGUEZ','','1983-12-30',28,'M','02',11,10,'','','',0,'','',0,'','','','','','','',0,'','15774624.jpg','441.PNG','JORGE','2012-08-04 15:46:25'),(442,'60352131','60352131','GLORIA  FARITH VILLAMIZAR ALVAREZ','CALLE 18 NO.1-77 APTO 304',694,'5897411','3125855995','glorifa23@hotmail.com','ABOGADA',5,4,NULL,NULL,'0000-00-00','GLORIA ','FARITH','VILLAMIZAR','ALVAREZ','1972-08-23',39,'F','02',11,10,'','','',0,'','',0,'','','','','','','',0,'','','','JAVIER','2012-08-04 18:15:04'),(443,'13437143','13437143','NELSON VILLEGAS ','',694,'','','','',1,4,NULL,NULL,'0000-00-00','','','','','0000-00-00',0,'','',0,0,'','','',0,'','',0,'','','','','','','',0,'','','','KARLA','2012-08-06 13:03:18'),(444,'13352952','13352952','ROSALINO CAMPEROS ','',694,'','','','',1,4,NULL,NULL,'0000-00-00','','','','','0000-00-00',0,'','',0,0,'','','',0,'','',0,'','','','','','','',0,'','','','KARLA','2012-08-06 13:24:25'),(445,'13230292','13230292','LUIS SAAVEDRA ','',694,'','','','',2,4,NULL,NULL,'0000-00-00','','','','','0000-00-00',0,'','',0,0,'','','',0,'','',0,'','','','','','','',0,'','','','KARLA','2012-08-06 13:33:47'),(446,'13258668','13258668','LUIS MONROY ','',694,'','','','',1,4,NULL,NULL,'0000-00-00','','','','','0000-00-00',0,'','',0,0,'','','',0,'','',0,'','','','','','','',0,'','','','KARLA','2012-08-06 13:37:57'),(447,'0101','60283357','HENY  RAMIREZ CARDENAS','CALLE 9N NO. 3E-73 CEIBA II',694,'5898528','3123201621','','',5,6,NULL,NULL,'0000-00-00','','','','','1965-01-01',0,'','',0,0,'MEDICO CIRUJANO','1096','',1,'','',3,'','','','','','','',0,'HRAMIREZ','','','SAID','2012-08-07 17:57:41'),(448,'1090456009','1090456009','KARLA  VANESSA  SILVA PALLARES ','CONJUNTO ROYAL LIBERTADORES ',694,'','3204576178','carla_156_328@hotmail.com','AUXILIAR ADMINISTRATIVOS ',1,4,'2012-08-07','0000-00-00','2012-08-07','KARLA ','VANESSA ','SILVA','PALLARES ','1992-11-07',19,'F','01',8,28,'','','',0,'','',0,'','','','','','','',0,'','1090456009.jpg','','KSILVA','2012-08-07 17:21:02'),(449,'60336361','60336361','ACEVEDO  ORTIZ MARIELA ','AV 10 0N 92 BARRIO PUEBLO NUEVO ',694,'5827090','3143004725','','SERVICIOS GENERALES ',1,4,'2012-08-08','0000-00-00','2012-08-08','ACEVEDO ','ORTIZ','MARIELA','','1969-07-08',43,'F','01',6,23,'','','',0,'','',0,'','','','','','','',0,'','60336361.jpg','449.png','KSILVA','2012-08-08 20:15:46'),(450,'88252847','88252847','JUAN  GABRIEL  MARTINEZ SUAREZ ','CLL 27 5-52 PATIO CENTRO ',694,'5806530','3106895314','','VIGILANTE ',1,4,'2012-08-08','0000-00-00','2012-08-08','JUAN ','GABRIEL ','MARTINEZ','SUAREZ ','1981-02-28',31,'M','01',9,26,'','','',0,'','',0,'','','','','','','',0,'','88252847.jpg','450.png','KSILVA','2012-08-08 13:18:56'),(451,'1093736916','1093736916','LUIS GARCES ','',694,'','','','',1,4,NULL,NULL,'0000-00-00','','','','','0000-00-00',0,'','',0,0,'','','',0,'','',0,'','','','','','','',0,'','','','KSILVA','2012-08-08 14:40:51'),(452,'1093734037','1093734037','LEONARDO GOMEZ ','',694,'','','','',1,4,NULL,NULL,'0000-00-00','','','','','0000-00-00',0,'','',0,0,'','','',0,'','',0,'','','','','','','',0,'','','','KSILVA','2012-08-08 14:46:02'),(453,'28.147.599-3','28.147.599-3','PESQUERA DEL MAR ','CLL 36 # 23-62 ',819,'6351757','','','',1,5,NULL,NULL,'0000-00-00','','','','','0000-00-00',0,'','',0,0,'','','',0,'','',0,'','','','','','','',0,'','','','JFERRER','2012-08-08 15:45:26'),(454,'0012','890443363','SALUD EMPRESARIAL IPS SAS','CALLE 3 NO. 1E-09',694,'5751016','3118206068','saludempresarialips@gmail.com','',5,5,NULL,NULL,'0000-00-00','','','','','0000-00-00',0,'','',0,0,'','','',0,'','',0,'','','','','','','',0,'','','','SAID','2012-08-08 17:16:08'),(456,'890.500.513-1','890.500.513-1','CAMARA DE COMERCIO DE CUCUTA','EDF. CAMARA DE COMERCIO CLL 10 # 4-38 PISO6',694,'5829527','','','',5,5,NULL,NULL,'0000-00-00','','','','','0000-00-00',0,'','',0,0,'','','',1,'VIVIANA BARBOSA','JOSE MIGUEL GONZALEZ',0,'','','','','','','',0,'','','','JFERRER','2012-08-08 21:17:19');
/*!40000 ALTER TABLE `terceros` ENABLE KEYS */;
UNLOCK TABLES;

--
-- Table structure for table `tipodoc`
--

DROP TABLE IF EXISTS `tipodoc`;
SET @saved_cs_client     = @@character_set_client;
SET character_set_client = utf8;
CREATE TABLE `tipodoc` (
  `codigo` varchar(3) NOT NULL,
  `descripcion` varchar(25) NOT NULL,
  PRIMARY KEY  (`codigo`)
) ENGINE=InnoDB DEFAULT CHARSET=utf8 COMMENT='Tipo de Documento';
SET character_set_client = @saved_cs_client;

--
-- Dumping data for table `tipodoc`
--

LOCK TABLES `tipodoc` WRITE;
/*!40000 ALTER TABLE `tipodoc` DISABLE KEYS */;
INSERT INTO `tipodoc` VALUES ('AIN','AJUSTE DE INVENTARIO'),('CON','CONSUMO DE PRODUCTOS'),('COT','COTIZACION'),('FCO','FACTURA DE COMPRA'),('FVE','FACTURA DE VENTA'),('PSE','PRESTACION DE SERVICIO'),('PVE','PEDIDO DE VENTA'),('REN','REMISION DE ENTRADA'),('RSA','REMISION DE SALIDA'),('TRB','TRASLADO ENTRE BODEGAS');
/*!40000 ALTER TABLE `tipodoc` ENABLE KEYS */;
UNLOCK TABLES;

--
-- Table structure for table `tipoexamen`
--

DROP TABLE IF EXISTS `tipoexamen`;
SET @saved_cs_client     = @@character_set_client;
SET character_set_client = utf8;
CREATE TABLE `tipoexamen` (
  `tipoexamenid` int(11) NOT NULL auto_increment,
  `codigo` varchar(5) NOT NULL,
  `descripcion` varchar(25) NOT NULL,
  `creador` varchar(20) NOT NULL,
  `momento` timestamp NOT NULL default CURRENT_TIMESTAMP,
  PRIMARY KEY  (`tipoexamenid`),
  KEY `codigo` (`codigo`)
) ENGINE=InnoDB AUTO_INCREMENT=3 DEFAULT CHARSET=utf8 COMMENT='Tipos de Examen';
SET character_set_client = @saved_cs_client;

--
-- Dumping data for table `tipoexamen`
--

LOCK TABLES `tipoexamen` WRITE;
/*!40000 ALTER TABLE `tipoexamen` DISABLE KEYS */;
INSERT INTO `tipoexamen` VALUES (1,'01','INGRESO','','2012-01-22 22:26:21'),(2,'02','RETIRO','','2012-01-22 22:26:34');
/*!40000 ALTER TABLE `tipoexamen` ENABLE KEYS */;
UNLOCK TABLES;

--
-- Table structure for table `tipoitem`
--

DROP TABLE IF EXISTS `tipoitem`;
SET @saved_cs_client     = @@character_set_client;
SET character_set_client = utf8;
CREATE TABLE `tipoitem` (
  `tipoitemid` varchar(3) NOT NULL,
  `descripcion` varchar(25) NOT NULL,
  PRIMARY KEY  (`tipoitemid`)
) ENGINE=InnoDB DEFAULT CHARSET=utf8 COMMENT='Tipos de Item';
SET character_set_client = @saved_cs_client;

--
-- Dumping data for table `tipoitem`
--

LOCK TABLES `tipoitem` WRITE;
/*!40000 ALTER TABLE `tipoitem` DISABLE KEYS */;
INSERT INTO `tipoitem` VALUES ('1','PRODUCTOS'),('2','CONCEPTOS');
/*!40000 ALTER TABLE `tipoitem` ENABLE KEYS */;
UNLOCK TABLES;

--
-- Table structure for table `tipoproducto`
--

DROP TABLE IF EXISTS `tipoproducto`;
SET @saved_cs_client     = @@character_set_client;
SET character_set_client = utf8;
CREATE TABLE `tipoproducto` (
  `codigo` varchar(3) NOT NULL,
  `descripcion` varchar(25) NOT NULL,
  PRIMARY KEY  (`codigo`)
) ENGINE=InnoDB DEFAULT CHARSET=utf8 COMMENT='Tipos de Producto';
SET character_set_client = @saved_cs_client;

--
-- Dumping data for table `tipoproducto`
--

LOCK TABLES `tipoproducto` WRITE;
/*!40000 ALTER TABLE `tipoproducto` DISABLE KEYS */;
INSERT INTO `tipoproducto` VALUES ('COM','PRODUCTO COMBO'),('MAP','MATERIA PRIMA'),('NOR','PRODUCTO TERMINADO'),('PRM','PROMOCION'),('SER','PRODUCTO SERIAL'),('SEV','SERVICIO');
/*!40000 ALTER TABLE `tipoproducto` ENABLE KEYS */;
UNLOCK TABLES;

--
-- Table structure for table `usuarios`
--

DROP TABLE IF EXISTS `usuarios`;
SET @saved_cs_client     = @@character_set_client;
SET character_set_client = utf8;
CREATE TABLE `usuarios` (
  `username` varchar(20) NOT NULL,
  `nombre` varchar(50) NOT NULL,
  `clave` varchar(32) NOT NULL,
  `email` varchar(60) NOT NULL,
  `teridprof` bigint(20) NOT NULL,
  `momento` timestamp NOT NULL default CURRENT_TIMESTAMP,
  PRIMARY KEY  (`username`)
) ENGINE=InnoDB DEFAULT CHARSET=utf8 COMMENT='Usuarios del Sistema';
SET character_set_client = @saved_cs_client;

--
-- Dumping data for table `usuarios`
--

LOCK TABLES `usuarios` WRITE;
/*!40000 ALTER TABLE `usuarios` DISABLE KEYS */;
INSERT INTO `usuarios` VALUES ('administrador','Administrador del Sistema','123','admin@localhost',0,'0000-00-00 00:00:00'),('EESTEVEZ','EDGAR ESTEVEZ PARADA','123','',21,'2012-08-07 15:27:56'),('HRAMIREZ','HENY RAMIREZ CARDENAS','123','',447,'2012-08-07 15:31:25'),('JFERRER','JORGE FERRER','123','',0,'2012-08-07 15:26:21'),('JFLOREZ','JAVIER FLOREZ','123','',0,'2012-08-07 15:27:39'),('KSILVA','KARLA VANESSA SILVA','123','',0,'2012-08-07 15:46:58'),('LMATAMOROS','LISSET MATAMOROS','123','',0,'2012-08-07 15:47:22'),('MTORRES','MARIA EUGENIA TORRES','123','',23,'2012-08-07 15:26:06'),('SAID','ING SAID RODRIGUEZ ','123','SAIDRODRIGUEZ@GMAIL.COM',0,'2012-08-07 15:25:42');
/*!40000 ALTER TABLE `usuarios` ENABLE KEYS */;
UNLOCK TABLES;

--
-- Table structure for table `usuariosxtablas`
--

DROP TABLE IF EXISTS `usuariosxtablas`;
SET @saved_cs_client     = @@character_set_client;
SET character_set_client = utf8;
CREATE TABLE `usuariosxtablas` (
  `username` varchar(20) NOT NULL,
  `tablaid` int(11) NOT NULL,
  `visualizar` varchar(10) NOT NULL,
  `agregar` varchar(10) NOT NULL,
  `modificar` varchar(10) NOT NULL,
  `eliminar` varchar(10) NOT NULL,
  `creador` varchar(20) NOT NULL,
  `momento` timestamp NOT NULL default CURRENT_TIMESTAMP,
  PRIMARY KEY  (`username`,`tablaid`)
) ENGINE=InnoDB DEFAULT CHARSET=utf8 COMMENT='Acceso de Usuarios a Tablas';
SET character_set_client = @saved_cs_client;

--
-- Dumping data for table `usuariosxtablas`
--

LOCK TABLES `usuariosxtablas` WRITE;
/*!40000 ALTER TABLE `usuariosxtablas` DISABLE KEYS */;
INSERT INTO `usuariosxtablas` VALUES ('administrador',1,'checked','checked','checked','checked','administrador','2012-02-02 19:45:00'),('administrador',2,'checked','checked','checked','checked','administrador','2012-02-02 19:45:00'),('administrador',3,'checked','checked','checked','checked','administrador','2012-02-02 19:45:20'),('administrador',4,'checked','checked','checked','checked','administrador','2012-02-02 19:45:20'),('administrador',5,'checked','checked','checked','checked','administrador','2012-02-02 19:45:00'),('administrador',6,'checked','checked','checked','checked','administrador','2012-02-02 19:45:00'),('administrador',7,'checked','checked','checked','checked','administrador','2012-02-02 19:45:00'),('administrador',8,'checked','checked','checked','checked','administrador','2012-02-02 19:45:00'),('administrador',9,'checked','checked','checked','checked','administrador','2012-02-02 19:45:00'),('administrador',10,'checked','checked','checked','checked','administrador','2012-02-02 19:45:00'),('administrador',11,'checked','checked','checked','checked','administrador','2012-02-02 19:45:00'),('administrador',12,'checked','checked','checked','checked','administrador','2012-02-02 19:45:00');
/*!40000 ALTER TABLE `usuariosxtablas` ENABLE KEYS */;
UNLOCK TABLES;

--
-- Temporary table structure for view `v_compras`
--

DROP TABLE IF EXISTS `v_compras`;
/*!50001 DROP VIEW IF EXISTS `v_compras`*/;
/*!50001 CREATE TABLE `v_compras` (
  `docuid` bigint(20),
  `tipodoc` varchar(3),
  `prefijo` varchar(5),
  `numero` varchar(8),
  `fechadoc` timestamp,
  `fecasentado` timestamp,
  `fecanulado` timestamp,
  `terid1` bigint(20),
  `terid2` bigint(20),
  `observacion` text,
  `base` double,
  `iva` double,
  `total` double,
  `totalitems` double,
  `creador` varchar(20),
  `momento` timestamp,
  `dedocumid` bigint(20),
  `itemid` bigint(20),
  `cantidad` double,
  `valunitario` double,
  `valdescuento` double,
  `valparcial` double,
  `valbase` double,
  `valiva` double,
  `codproducto` varchar(10),
  `nomproducto` varchar(35),
  `codbodega` varchar(5),
  `codcliente` varchar(15),
  `nomcliente` varchar(60),
  `codvendedor` varchar(15),
  `nomvendedor` varchar(60)
) */;

--
-- Temporary table structure for view `v_consumos`
--

DROP TABLE IF EXISTS `v_consumos`;
/*!50001 DROP VIEW IF EXISTS `v_consumos`*/;
/*!50001 CREATE TABLE `v_consumos` (
  `docuid` bigint(20),
  `tipodoc` varchar(3),
  `prefijo` varchar(5),
  `numero` varchar(8),
  `fechadoc` timestamp,
  `fecasentado` timestamp,
  `fecanulado` timestamp,
  `terid1` bigint(20),
  `terid2` bigint(20),
  `observacion` text,
  `base` double,
  `iva` double,
  `total` double,
  `totalitems` double,
  `creador` varchar(20),
  `momento` timestamp,
  `dedocumid` bigint(20),
  `itemid` bigint(20),
  `cantidad` double,
  `valunitario` double,
  `valdescuento` double,
  `valparcial` double,
  `valbase` double,
  `valiva` double,
  `codproducto` varchar(10),
  `nomproducto` varchar(35),
  `codbodega` varchar(5),
  `codcliente` varchar(15),
  `nomcliente` varchar(60),
  `codvendedor` varchar(15),
  `nomvendedor` varchar(60)
) */;

--
-- Temporary table structure for view `v_traslados`
--

DROP TABLE IF EXISTS `v_traslados`;
/*!50001 DROP VIEW IF EXISTS `v_traslados`*/;
/*!50001 CREATE TABLE `v_traslados` (
  `docuid` bigint(20),
  `tipodoc` varchar(3),
  `prefijo` varchar(5),
  `numero` varchar(8),
  `fechadoc` timestamp,
  `fecasentado` timestamp,
  `fecanulado` timestamp,
  `terid1` bigint(20),
  `terid2` bigint(20),
  `observacion` text,
  `base` double,
  `iva` double,
  `total` double,
  `totalitems` double,
  `creador` varchar(20),
  `momento` timestamp,
  `bodegades` int(11),
  `bodegaori` int(11),
  `dedocumid` bigint(20),
  `itemid` bigint(20),
  `cantidad` double,
  `valunitario` double,
  `valdescuento` double,
  `valparcial` double,
  `valbase` double,
  `valiva` double,
  `codproducto` varchar(10),
  `nomproducto` varchar(35),
  `codbodega` varchar(5),
  `codcliente` varchar(15),
  `nomcliente` varchar(60),
  `codvendedor` varchar(15),
  `nomvendedor` varchar(60)
) */;

--
-- Temporary table structure for view `v_ventas`
--

DROP TABLE IF EXISTS `v_ventas`;
/*!50001 DROP VIEW IF EXISTS `v_ventas`*/;
/*!50001 CREATE TABLE `v_ventas` (
  `docuid` bigint(20),
  `tipodoc` varchar(3),
  `prefijo` varchar(5),
  `numero` varchar(8),
  `fechadoc` timestamp,
  `fecasentado` timestamp,
  `fecanulado` timestamp,
  `terid1` bigint(20),
  `terid2` bigint(20),
  `observacion` text,
  `base` double,
  `iva` double,
  `total` double,
  `totalitems` double,
  `creador` varchar(20),
  `momento` timestamp,
  `dedocumid` bigint(20),
  `itemid` bigint(20),
  `cantidad` double,
  `valunitario` double,
  `valdescuento` double,
  `valparcial` double,
  `valbase` double,
  `valiva` double,
  `codproducto` varchar(10),
  `nomproducto` varchar(35),
  `codbodega` varchar(5),
  `codcliente` varchar(15),
  `nomcliente` varchar(60),
  `dircliente` varchar(60),
  `telcliente` varchar(25),
  `codvendedor` varchar(15),
  `nomvendedor` varchar(60)
) */;

--
-- Table structure for table `zonater`
--

DROP TABLE IF EXISTS `zonater`;
SET @saved_cs_client     = @@character_set_client;
SET character_set_client = utf8;
CREATE TABLE `zonater` (
  `zonaid` int(11) NOT NULL auto_increment,
  `codigo` varchar(5) NOT NULL,
  `descripcion` varchar(25) NOT NULL,
  `creador` varchar(20) NOT NULL,
  `momento` timestamp NOT NULL default CURRENT_TIMESTAMP,
  PRIMARY KEY  (`zonaid`),
  KEY `codigo` (`codigo`)
) ENGINE=InnoDB AUTO_INCREMENT=8 DEFAULT CHARSET=utf8 COMMENT='Zonas de Terceros';
SET character_set_client = @saved_cs_client;

--
-- Dumping data for table `zonater`
--

LOCK TABLES `zonater` WRITE;
/*!40000 ALTER TABLE `zonater` DISABLE KEYS */;
INSERT INTO `zonater` VALUES (1,'00','ZONA PREDETERMINADA','ADMINISTRADOR','0000-00-00 00:00:00'),(2,'01','ATALAYA','lorena','2012-01-20 15:47:52'),(3,'02','PATIOS','lorena','2012-01-20 15:48:06'),(4,'03','SAN LUIS','lorena','2012-01-20 15:48:18'),(5,'04','CENTRO','lorena','2012-01-20 15:48:31'),(6,'05','LA LIBERTAD','lorena','2012-01-20 15:48:46'),(7,'06','VIA EL SALADO','ADMINISTRADOR','2012-01-27 20:21:59');
/*!40000 ALTER TABLE `zonater` ENABLE KEYS */;
UNLOCK TABLES;

--
-- Dumping routines for database 'unohospital'
--
DELIMITER ;;
/*!50003 DROP PROCEDURE IF EXISTS `PA_ActualizarConsecutivoVenta` */;;
/*!50003 SET SESSION SQL_MODE="NO_AUTO_CREATE_USER"*/;;
/*!50003 CREATE*/ /*!50020 DEFINER=`root`@`localhost`*/ /*!50003 PROCEDURE `PA_ActualizarConsecutivoVenta`(IN PREFIJOX VARCHAR(3), IN TIPODOCX VARCHAR(3), IN DOCUIDX INTEGER(11), IN NUEVONUM VARCHAR(10))
BEGIN
     UPDATE documentos SET numero = NUEVONUM WHERE docuid = DOCUIDX;
     
     UPDATE prefijo SET consecutivo = NUEVONUM WHERE tipodoc = TIPODOCX AND prefijo = PREFIJOX;
     
END */;;
/*!50003 SET SESSION SQL_MODE=@OLD_SQL_MODE*/;;
/*!50003 DROP PROCEDURE IF EXISTS `PA_AsentarExistenciasCompra` */;;
/*!50003 SET SESSION SQL_MODE="NO_AUTO_CREATE_USER"*/;;
/*!50003 CREATE*/ /*!50020 DEFINER=`root`@`localhost`*/ /*!50003 PROCEDURE `PA_AsentarExistenciasCompra`(IN DOCUIDX INTEGER(11))
BEGIN
 DECLARE l_last_row INT DEFAULT 0;
 DECLARE CANTIDADX INT DEFAULT 0;
 DECLARE BODEGAIDX INT DEFAULT 0;
 DECLARE ITEMIDX INT DEFAULT 0;  
 DECLARE cursor1 CURSOR FOR SELECT d.bodegaid , d.itemid , SUM(d.cantidad) cantidad  FROM dedocumentos d WHERE d.DOCUID = DOCUIDX GROUP BY 1,2;
 
 DECLARE CONTINUE HANDLER FOR NOT FOUND SET l_last_row=1; 
 OPEN cursor1;
 c1_loop: LOOP
    FETCH cursor1 INTO BODEGAIDX , ITEMIDX , CANTIDADX;
        IF (l_last_row=1) THEN
            LEAVE c1_loop;
        END IF;
 
     UPDATE `existencias` SET existencia = (existencia + CANTIDADX) WHERE itemid = ITEMIDX AND bodegaid = BODEGAIDX; 
     UPDATE productos SET existenciatotal = (existenciatotal + CANTIDADX) WHERE itemid = ITEMIDX;      
     
 END LOOP c1_loop;
 
END */;;
/*!50003 SET SESSION SQL_MODE=@OLD_SQL_MODE*/;;
/*!50003 DROP PROCEDURE IF EXISTS `PA_AsentarExistenciasVenta` */;;
/*!50003 SET SESSION SQL_MODE="NO_AUTO_CREATE_USER"*/;;
/*!50003 CREATE*/ /*!50020 DEFINER=`root`@`localhost`*/ /*!50003 PROCEDURE `PA_AsentarExistenciasVenta`(IN DOCUIDX INTEGER(11))
BEGIN
 DECLARE l_last_row INT DEFAULT 0;
 DECLARE CANTIDADX INT DEFAULT 0;
 DECLARE BODEGAIDX INT DEFAULT 0;
 DECLARE ITEMIDX INT DEFAULT 0;  
 DECLARE cursor1 CURSOR FOR SELECT d.bodegaid , d.itemid , SUM(d.cantidad) cantidad  FROM dedocumentos d WHERE d.DOCUID = DOCUIDX GROUP BY 1,2;
 
 DECLARE CONTINUE HANDLER FOR NOT FOUND SET l_last_row=1; 
 OPEN cursor1;
 c1_loop: LOOP
    FETCH cursor1 INTO BODEGAIDX , ITEMIDX , CANTIDADX;
        IF (l_last_row=1) THEN
            LEAVE c1_loop;
        END IF;
 
     UPDATE `existencias` SET existencia = (existencia - CANTIDADX) WHERE itemid = ITEMIDX AND bodegaid = BODEGAIDX; 
     UPDATE productos SET existenciatotal = (existenciatotal - CANTIDADX) WHERE itemid = ITEMIDX;      
     
 END LOOP c1_loop;
 
END */;;
/*!50003 SET SESSION SQL_MODE=@OLD_SQL_MODE*/;;
/*!50003 DROP PROCEDURE IF EXISTS `PA_CrearArticulosEnBodega` */;;
/*!50003 SET SESSION SQL_MODE="NO_AUTO_CREATE_USER"*/;;
/*!50003 CREATE*/ /*!50020 DEFINER=`root`@`localhost`*/ /*!50003 PROCEDURE `PA_CrearArticulosEnBodega`(IN BODEGAID INTEGER(11))
BEGIN
DECLARE l_last_row INT DEFAULT 0;
DECLARE ITEMID INT DEFAULT 0;
 
DECLARE cursor1 CURSOR FOR SELECT p.itemid FROM productos p;
 
DECLARE CONTINUE HANDLER FOR NOT FOUND SET l_last_row=1; 
OPEN cursor1;
c1_loop: LOOP
    FETCH cursor1 INTO ITEMID;
        IF (l_last_row=1) THEN
            LEAVE c1_loop;
        END IF;
 
    INSERT IGNORE INTO `existencias`(bodegaid,itemid,existencia) values(BODEGAID,ITEMID,0);
     
END LOOP c1_loop;
END */;;
/*!50003 SET SESSION SQL_MODE=@OLD_SQL_MODE*/;;
/*!50003 DROP PROCEDURE IF EXISTS `PA_CrearBodegasenProductos` */;;
/*!50003 SET SESSION SQL_MODE="NO_AUTO_CREATE_USER"*/;;
/*!50003 CREATE*/ /*!50020 DEFINER=`root`@`localhost`*/ /*!50003 PROCEDURE `PA_CrearBodegasenProductos`(IN ITEMID INTEGER(11))
BEGIN
 DECLARE l_last_row INT DEFAULT 0;
 DECLARE BODEGAID INT DEFAULT 0;
 DECLARE cursor1 CURSOR FOR SELECT b.bodegaid FROM bodegas b;
 
 DECLARE CONTINUE HANDLER FOR NOT FOUND SET l_last_row=1; 
 OPEN cursor1;
 c1_loop: LOOP
    FETCH cursor1 INTO BODEGAID;
        IF (l_last_row=1) THEN
            LEAVE c1_loop;
        END IF;
 
     INSERT IGNORE INTO `existencias`(bodegaid,itemid,existencia) values(BODEGAID,ITEMID,0);
     
 END LOOP c1_loop;
END */;;
/*!50003 SET SESSION SQL_MODE=@OLD_SQL_MODE*/;;
/*!50003 DROP PROCEDURE IF EXISTS `PA_ReversarExistenciasCompra` */;;
/*!50003 SET SESSION SQL_MODE="NO_AUTO_CREATE_USER"*/;;
/*!50003 CREATE*/ /*!50020 DEFINER=`root`@`localhost`*/ /*!50003 PROCEDURE `PA_ReversarExistenciasCompra`(IN DOCUIDX INTEGER(11))
BEGIN
 DECLARE l_last_row INT DEFAULT 0;
 DECLARE CANTIDADX INT DEFAULT 0;
 DECLARE BODEGAIDX INT DEFAULT 0;
 DECLARE ITEMIDX INT DEFAULT 0;  
 DECLARE cursor1 CURSOR FOR SELECT d.bodegaid , d.itemid , SUM(d.cantidad) cantidad  FROM dedocumentos d WHERE d.DOCUID = DOCUIDX GROUP BY 1,2;
 
 DECLARE CONTINUE HANDLER FOR NOT FOUND SET l_last_row=1; 
 OPEN cursor1;
 c1_loop: LOOP
    FETCH cursor1 INTO BODEGAIDX , ITEMIDX , CANTIDADX;
        IF (l_last_row=1) THEN
            LEAVE c1_loop;
        END IF;
 
     UPDATE `existencias` SET existencia = (existencia - CANTIDADX) WHERE itemid = ITEMIDX AND bodegaid = BODEGAIDX; 
     
     UPDATE productos SET existenciatotal = (existenciatotal - CANTIDADX) WHERE itemid = ITEMIDX;      
 END LOOP c1_loop;
 
END */;;
/*!50003 SET SESSION SQL_MODE=@OLD_SQL_MODE*/;;
/*!50003 DROP PROCEDURE IF EXISTS `PA_ReversarExistenciasVenta` */;;
/*!50003 SET SESSION SQL_MODE="NO_AUTO_CREATE_USER"*/;;
/*!50003 CREATE*/ /*!50020 DEFINER=`root`@`localhost`*/ /*!50003 PROCEDURE `PA_ReversarExistenciasVenta`(IN DOCUIDX INTEGER(11))
BEGIN
 DECLARE l_last_row INT DEFAULT 0;
 DECLARE CANTIDADX INT DEFAULT 0;
 DECLARE BODEGAIDX INT DEFAULT 0;
 DECLARE ITEMIDX INT DEFAULT 0;  
 DECLARE cursor1 CURSOR FOR SELECT d.bodegaid , d.itemid , SUM(d.cantidad) cantidad  FROM dedocumentos d WHERE d.DOCUID = DOCUIDX GROUP BY 1,2;
 
 DECLARE CONTINUE HANDLER FOR NOT FOUND SET l_last_row=1; 
 OPEN cursor1;
 c1_loop: LOOP
    FETCH cursor1 INTO BODEGAIDX , ITEMIDX , CANTIDADX;
        IF (l_last_row=1) THEN
            LEAVE c1_loop;
        END IF;
 
     UPDATE `existencias` SET existencia = (existencia + CANTIDADX) WHERE itemid = ITEMIDX AND bodegaid = BODEGAIDX; 
     
     UPDATE productos SET existenciatotal = (existenciatotal + CANTIDADX) WHERE itemid = ITEMIDX;      
 END LOOP c1_loop;
 
END */;;
/*!50003 SET SESSION SQL_MODE=@OLD_SQL_MODE*/;;
DELIMITER ;

--
-- Final view structure for view `v_compras`
--

/*!50001 DROP TABLE `v_compras`*/;
/*!50001 DROP VIEW IF EXISTS `v_compras`*/;
/*!50001 CREATE ALGORITHM=UNDEFINED */
/*!50013 DEFINER=`root`@`localhost` SQL SECURITY DEFINER */
/*!50001 VIEW `v_compras` AS select `d`.`docuid` AS `docuid`,`d`.`tipodoc` AS `tipodoc`,`d`.`prefijo` AS `prefijo`,`d`.`numero` AS `numero`,`d`.`fechadoc` AS `fechadoc`,`d`.`fecasentado` AS `fecasentado`,`d`.`fecanulado` AS `fecanulado`,`d`.`terid1` AS `terid1`,`d`.`terid2` AS `terid2`,`d`.`observacion` AS `observacion`,`d`.`base` AS `base`,`d`.`iva` AS `iva`,`d`.`total` AS `total`,`d`.`totalitems` AS `totalitems`,`d`.`creador` AS `creador`,`d`.`momento` AS `momento`,`dd`.`dedocumid` AS `dedocumid`,`dd`.`itemid` AS `itemid`,`dd`.`cantidad` AS `cantidad`,`dd`.`valunitario` AS `valunitario`,`dd`.`valdescuento` AS `valdescuento`,`dd`.`valparcial` AS `valparcial`,`dd`.`valbase` AS `valbase`,`dd`.`valiva` AS `valiva`,`i`.`codigo` AS `codproducto`,`i`.`descripcion` AS `nomproducto`,`b`.`codigo` AS `codbodega`,`t1`.`codigo` AS `codcliente`,`t1`.`nombre` AS `nomcliente`,`t2`.`codigo` AS `codvendedor`,`t2`.`nombre` AS `nomvendedor` from (((((`documentos` `D` join `terceros` `T1` on((`d`.`terid1` = `t1`.`terid`))) join `terceros` `T2` on((`d`.`terid2` = `t2`.`terid`))) left join `dedocumentos` `DD` on((`d`.`docuid` = `dd`.`docuid`))) left join `item` `I` on((`dd`.`itemid` = `i`.`itemid`))) left join `bodegas` `B` on((`dd`.`bodegaid` = `b`.`bodegaid`))) where ((`d`.`tipodoc` = _utf8'FCO') or (`d`.`tipodoc` = _utf8'REN') or (`d`.`tipodoc` = _utf8'PVE') or (`d`.`tipodoc` = _utf8'CON')) order by `d`.`docuid`,`dd`.`dedocumid` */;

--
-- Final view structure for view `v_consumos`
--

/*!50001 DROP TABLE `v_consumos`*/;
/*!50001 DROP VIEW IF EXISTS `v_consumos`*/;
/*!50001 CREATE ALGORITHM=UNDEFINED */
/*!50013 DEFINER=`root`@`localhost` SQL SECURITY DEFINER */
/*!50001 VIEW `v_consumos` AS select `d`.`docuid` AS `docuid`,`d`.`tipodoc` AS `tipodoc`,`d`.`prefijo` AS `prefijo`,`d`.`numero` AS `numero`,`d`.`fechadoc` AS `fechadoc`,`d`.`fecasentado` AS `fecasentado`,`d`.`fecanulado` AS `fecanulado`,`d`.`terid1` AS `terid1`,`d`.`terid2` AS `terid2`,`d`.`observacion` AS `observacion`,`d`.`base` AS `base`,`d`.`iva` AS `iva`,`d`.`total` AS `total`,`d`.`totalitems` AS `totalitems`,`d`.`creador` AS `creador`,`d`.`momento` AS `momento`,`dd`.`dedocumid` AS `dedocumid`,`dd`.`itemid` AS `itemid`,`dd`.`cantidad` AS `cantidad`,`dd`.`valunitario` AS `valunitario`,`dd`.`valdescuento` AS `valdescuento`,`dd`.`valparcial` AS `valparcial`,`dd`.`valbase` AS `valbase`,`dd`.`valiva` AS `valiva`,`i`.`codigo` AS `codproducto`,`i`.`descripcion` AS `nomproducto`,`b`.`codigo` AS `codbodega`,`t1`.`codigo` AS `codcliente`,`t1`.`nombre` AS `nomcliente`,`t2`.`codigo` AS `codvendedor`,`t2`.`nombre` AS `nomvendedor` from (((((`documentos` `D` join `terceros` `T1` on((`d`.`terid1` = `t1`.`terid`))) join `terceros` `T2` on((`d`.`terid2` = `t2`.`terid`))) left join `dedocumentos` `DD` on((`d`.`docuid` = `dd`.`docuid`))) left join `item` `I` on((`dd`.`itemid` = `i`.`itemid`))) left join `bodegas` `B` on((`dd`.`bodegaid` = `b`.`bodegaid`))) where (`d`.`tipodoc` = _utf8'CON') order by `d`.`docuid`,`dd`.`dedocumid` */;

--
-- Final view structure for view `v_traslados`
--

/*!50001 DROP TABLE `v_traslados`*/;
/*!50001 DROP VIEW IF EXISTS `v_traslados`*/;
/*!50001 CREATE ALGORITHM=UNDEFINED */
/*!50013 DEFINER=`root`@`localhost` SQL SECURITY DEFINER */
/*!50001 VIEW `v_traslados` AS select `d`.`docuid` AS `docuid`,`d`.`tipodoc` AS `tipodoc`,`d`.`prefijo` AS `prefijo`,`d`.`numero` AS `numero`,`d`.`fechadoc` AS `fechadoc`,`d`.`fecasentado` AS `fecasentado`,`d`.`fecanulado` AS `fecanulado`,`d`.`terid1` AS `terid1`,`d`.`terid2` AS `terid2`,`d`.`observacion` AS `observacion`,`d`.`base` AS `base`,`d`.`iva` AS `iva`,`d`.`total` AS `total`,`d`.`totalitems` AS `totalitems`,`d`.`creador` AS `creador`,`d`.`momento` AS `momento`,`ds`.`bodegades` AS `bodegades`,`ds`.`bodegaori` AS `bodegaori`,`dd`.`dedocumid` AS `dedocumid`,`dd`.`itemid` AS `itemid`,`dd`.`cantidad` AS `cantidad`,`dd`.`valunitario` AS `valunitario`,`dd`.`valdescuento` AS `valdescuento`,`dd`.`valparcial` AS `valparcial`,`dd`.`valbase` AS `valbase`,`dd`.`valiva` AS `valiva`,`i`.`codigo` AS `codproducto`,`i`.`descripcion` AS `nomproducto`,`b`.`codigo` AS `codbodega`,`t1`.`codigo` AS `codcliente`,`t1`.`nombre` AS `nomcliente`,`t2`.`codigo` AS `codvendedor`,`t2`.`nombre` AS `nomvendedor` from ((((((`documentos` `D` join `terceros` `T1` on((`d`.`terid1` = `t1`.`terid`))) join `terceros` `T2` on((`d`.`terid2` = `t2`.`terid`))) join `docuself` `DS` on((`d`.`docuid` = `ds`.`docuid`))) left join `dedocumentos` `DD` on((`d`.`docuid` = `dd`.`docuid`))) left join `item` `I` on((`dd`.`itemid` = `i`.`itemid`))) left join `bodegas` `B` on((`dd`.`bodegaid` = `b`.`bodegaid`))) where (`d`.`tipodoc` = _utf8'TRB') order by `d`.`docuid`,`dd`.`dedocumid` */;

--
-- Final view structure for view `v_ventas`
--

/*!50001 DROP TABLE `v_ventas`*/;
/*!50001 DROP VIEW IF EXISTS `v_ventas`*/;
/*!50001 CREATE ALGORITHM=UNDEFINED */
/*!50013 DEFINER=`root`@`localhost` SQL SECURITY DEFINER */
/*!50001 VIEW `v_ventas` AS select `d`.`docuid` AS `docuid`,`d`.`tipodoc` AS `tipodoc`,`d`.`prefijo` AS `prefijo`,`d`.`numero` AS `numero`,`d`.`fechadoc` AS `fechadoc`,`d`.`fecasentado` AS `fecasentado`,`d`.`fecanulado` AS `fecanulado`,`d`.`terid1` AS `terid1`,`d`.`terid2` AS `terid2`,`d`.`observacion` AS `observacion`,`d`.`base` AS `base`,`d`.`iva` AS `iva`,`d`.`total` AS `total`,`d`.`totalitems` AS `totalitems`,`d`.`creador` AS `creador`,`d`.`momento` AS `momento`,`dd`.`dedocumid` AS `dedocumid`,`dd`.`itemid` AS `itemid`,`dd`.`cantidad` AS `cantidad`,`dd`.`valunitario` AS `valunitario`,`dd`.`valdescuento` AS `valdescuento`,`dd`.`valparcial` AS `valparcial`,`dd`.`valbase` AS `valbase`,`dd`.`valiva` AS `valiva`,`i`.`codigo` AS `codproducto`,`i`.`descripcion` AS `nomproducto`,`b`.`codigo` AS `codbodega`,`t1`.`codigo` AS `codcliente`,`t1`.`nombre` AS `nomcliente`,`t1`.`direccion` AS `dircliente`,`t1`.`telefono` AS `telcliente`,`t2`.`codigo` AS `codvendedor`,`t2`.`nombre` AS `nomvendedor` from (((((`documentos` `D` join `terceros` `T1` on((`d`.`terid1` = `t1`.`terid`))) join `terceros` `T2` on((`d`.`terid2` = `t2`.`terid`))) left join `dedocumentos` `DD` on((`d`.`docuid` = `dd`.`docuid`))) left join `item` `I` on((`dd`.`itemid` = `i`.`itemid`))) left join `bodegas` `B` on((`dd`.`bodegaid` = `b`.`bodegaid`))) where ((`d`.`tipodoc` = _utf8'FVE') or (`d`.`tipodoc` = _utf8'PSE') or (`d`.`tipodoc` = _utf8'RSA')) order by `d`.`docuid`,`dd`.`dedocumid` */;
/*!40103 SET TIME_ZONE=@OLD_TIME_ZONE */;

/*!40101 SET SQL_MODE=@OLD_SQL_MODE */;
/*!40014 SET FOREIGN_KEY_CHECKS=@OLD_FOREIGN_KEY_CHECKS */;
/*!40014 SET UNIQUE_CHECKS=@OLD_UNIQUE_CHECKS */;
/*!40101 SET CHARACTER_SET_CLIENT=@OLD_CHARACTER_SET_CLIENT */;
/*!40101 SET CHARACTER_SET_RESULTS=@OLD_CHARACTER_SET_RESULTS */;
/*!40101 SET COLLATION_CONNECTION=@OLD_COLLATION_CONNECTION */;
/*!40111 SET SQL_NOTES=@OLD_SQL_NOTES */;

-- Dump completed on 2012-08-08 21:49:02
